code,year,risk,location.x,death,daly,location.y,female,gdp,pm,pop,pop65,tob,crd_death,crd_daly,location,sev,code_id
AFG,1990,Occupational asthmagens,Afghanistan,136.4238216,5356.818963,Afghanistan,50.09682325,NA,64.17409663,12045660,2.242716464,NA,6541.325141,218785.034,Afghanistan,10.78812719,1
AFG,1990,Occupational carcinogens,Afghanistan,0.795251656,28.21890689,Afghanistan,50.09682325,NA,64.17409663,12045660,2.242716464,NA,6541.325141,218785.034,Afghanistan,0.515517309,1
AFG,1990,"Occupational particulate matter, gases, and fumes",Afghanistan,417.3287464,10841.95085,Afghanistan,50.09682325,NA,64.17409663,12045660,2.242716464,NA,6541.325141,218785.034,Afghanistan,8.219722645,1
AFG,1990,Occupational risks,Afghanistan,554.5478197,16226.98872,Afghanistan,50.09682325,NA,64.17409663,12045660,2.242716464,NA,6541.325141,218785.034,Afghanistan,2.42853813,1
AFG,1991,Occupational asthmagens,Afghanistan,135.6875662,5296.051121,Afghanistan,50.10531602,NA,64.18815301,12238879,2.242059914,NA,6569.176383,217679.1252,Afghanistan,10.79748232,1
AFG,1991,Occupational carcinogens,Afghanistan,0.807203018,28.38324998,Afghanistan,50.10531602,NA,64.18815301,12238879,2.242059914,NA,6569.176383,217679.1252,Afghanistan,0.512472887,1
AFG,1991,"Occupational particulate matter, gases, and fumes",Afghanistan,418.884482,10850.79319,Afghanistan,50.10531602,NA,64.18815301,12238879,2.242059914,NA,6569.176383,217679.1252,Afghanistan,8.176747529,1
AFG,1991,Occupational risks,Afghanistan,555.3792512,16175.22756,Afghanistan,50.10531602,NA,64.18815301,12238879,2.242059914,NA,6569.176383,217679.1252,Afghanistan,2.425149791,1
AFG,1992,Occupational asthmagens,Afghanistan,135.9656874,5322.566769,Afghanistan,50.11505031,NA,64.21052582,13278974,2.242191386,NA,6633.072772,219774.1939,Afghanistan,10.89492526,1
AFG,1992,Occupational carcinogens,Afghanistan,0.826182495,29.10388979,Afghanistan,50.11505031,NA,64.21052582,13278974,2.242191386,NA,6633.072772,219774.1939,Afghanistan,0.516912777,1
AFG,1992,"Occupational particulate matter, gases, and fumes",Afghanistan,421.9786451,10921.81067,Afghanistan,50.11505031,NA,64.21052582,13278974,2.242191386,NA,6633.072772,219774.1939,Afghanistan,8.063546384,1
AFG,1992,Occupational risks,Afghanistan,558.770515,16273.48133,Afghanistan,50.11505031,NA,64.21052582,13278974,2.242191386,NA,6633.072772,219774.1939,Afghanistan,2.428269587,1
AFG,1993,Occupational asthmagens,Afghanistan,139.7486248,5547.599298,Afghanistan,50.09946349,NA,64.24414076,14943172,2.247086495,NA,6803.876328,228217.9736,Afghanistan,11.14557048,1
AFG,1993,Occupational carcinogens,Afghanistan,0.863444848,30.96625864,Afghanistan,50.09946349,NA,64.24414076,14943172,2.247086495,NA,6803.876328,228217.9736,Afghanistan,0.533689239,1
AFG,1993,"Occupational particulate matter, gases, and fumes",Afghanistan,430.4070543,11170.33248,Afghanistan,50.09946349,NA,64.24414076,14943172,2.247086495,NA,6803.876328,228217.9736,Afghanistan,7.895558828,1
AFG,1993,Occupational risks,Afghanistan,571.0191239,16748.89804,Afghanistan,50.09946349,NA,64.24414076,14943172,2.247086495,NA,6803.876328,228217.9736,Afghanistan,2.450474454,1
AFG,1994,Occupational asthmagens,Afghanistan,144.9550292,5827.798391,Afghanistan,50.0707227,NA,64.29192348,16250794,2.254240554,NA,7016.553275,238676.7283,Afghanistan,11.45875991,1
AFG,1994,Occupational carcinogens,Afghanistan,0.907655641,33.13963486,Afghanistan,50.0707227,NA,64.29192348,16250794,2.254240554,NA,7016.553275,238676.7283,Afghanistan,0.560183332,1
AFG,1994,"Occupational particulate matter, gases, and fumes",Afghanistan,440.814042,11474.94643,Afghanistan,50.0707227,NA,64.29192348,16250794,2.254240554,NA,7016.553275,238676.7283,Afghanistan,7.793538986,1
AFG,1994,Occupational risks,Afghanistan,586.6767269,17335.88446,Afghanistan,50.0707227,NA,64.29192348,16250794,2.254240554,NA,7016.553275,238676.7283,Afghanistan,2.492756306,1
AFG,1995,Occupational asthmagens,Afghanistan,148.0672511,5997.89579,Afghanistan,50.04249719,NA,64.35679967,17065836,2.259452811,NA,7152.459153,245794.1265,Afghanistan,11.7703544,1
AFG,1995,Occupational carcinogens,Afghanistan,0.952689536,35.08024398,Afghanistan,50.04249719,NA,64.35679967,17065836,2.259452811,NA,7152.459153,245794.1265,Afghanistan,0.591804724,1
AFG,1995,"Occupational particulate matter, gases, and fumes",Afghanistan,446.4181333,11632.14451,Afghanistan,50.04249719,NA,64.35679967,17065836,2.259452811,NA,7152.459153,245794.1265,Afghanistan,7.782220007,1
AFG,1995,Occupational risks,Afghanistan,595.4380739,17665.12054,Afghanistan,50.04249719,NA,64.35679967,17065836,2.259452811,NA,7152.459153,245794.1265,Afghanistan,2.54780958,1
AFG,1996,Occupational asthmagens,Afghanistan,150.3918489,6098.665873,Afghanistan,50.00596737,NA,64.47599237,17763266,2.263108597,NA,7271.801488,251395.1515,Afghanistan,12.02315742,1
AFG,1996,Occupational carcinogens,Afghanistan,0.984214544,36.3210153,Afghanistan,50.00596737,NA,64.47599237,17763266,2.263108597,NA,7271.801488,251395.1515,Afghanistan,0.62434909,1
AFG,1996,"Occupational particulate matter, gases, and fumes",Afghanistan,451.4014981,11756.91382,Afghanistan,50.00596737,NA,64.47599237,17763266,2.263108597,NA,7271.801488,251395.1515,Afghanistan,7.824863748,1
AFG,1996,Occupational risks,Afghanistan,602.7775616,17891.90071,Afghanistan,50.00596737,NA,64.47599237,17763266,2.263108597,NA,7271.801488,251395.1515,Afghanistan,2.603657699,1
AFG,1997,Occupational asthmagens,Afghanistan,151.6882792,6146.968362,Afghanistan,49.96732891,NA,64.6415192,18452091,2.264876044,NA,7363.334926,255464.3067,Afghanistan,12.23122371,1
AFG,1997,Occupational carcinogens,Afghanistan,1.015047245,37.34368997,Afghanistan,49.96732891,NA,64.6415192,18452091,2.264876044,NA,7363.334926,255464.3067,Afghanistan,0.657522591,1
AFG,1997,"Occupational particulate matter, gases, and fumes",Afghanistan,455.4152555,11842.70777,Afghanistan,49.96732891,NA,64.6415192,18452091,2.264876044,NA,7363.334926,255464.3067,Afghanistan,7.883354166,1
AFG,1997,Occupational risks,Afghanistan,608.118582,18027.01982,Afghanistan,49.96732891,NA,64.6415192,18452091,2.264876044,NA,7363.334926,255464.3067,Afghanistan,2.657719238,1
AFG,1998,Occupational asthmagens,Afghanistan,152.3788045,6181.023755,Afghanistan,49.93187107,NA,64.7884977,19159996,2.264063684,NA,7430.235522,258487.8449,Afghanistan,12.41977063,1
AFG,1998,Occupational carcinogens,Afghanistan,1.045292995,38.27934278,Afghanistan,49.93187107,NA,64.7884977,19159996,2.264063684,NA,7430.235522,258487.8449,Afghanistan,0.687499381,1
AFG,1998,"Occupational particulate matter, gases, and fumes",Afghanistan,458.1024129,11895.91766,Afghanistan,49.93187107,NA,64.7884977,19159996,2.264063684,NA,7430.235522,258487.8449,Afghanistan,7.930068804,1
AFG,1998,Occupational risks,Afghanistan,611.5265103,18115.22076,Afghanistan,49.93187107,NA,64.7884977,19159996,2.264063684,NA,7430.235522,258487.8449,Afghanistan,2.707925747,1
AFG,1999,Occupational asthmagens,Afghanistan,153.0262395,6225.266674,Afghanistan,49.89474946,NA,64.8520454,19887785,2.262801068,NA,7503.046322,261846.253,Afghanistan,12.58302885,1
AFG,1999,Occupational carcinogens,Afghanistan,1.081086781,39.46102703,Afghanistan,49.89474946,NA,64.8520454,19887785,2.262801068,NA,7503.046322,261846.253,Afghanistan,0.71123264,1
AFG,1999,"Occupational particulate matter, gases, and fumes",Afghanistan,460.679658,11951.18171,Afghanistan,49.89474946,NA,64.8520454,19887785,2.262801068,NA,7503.046322,261846.253,Afghanistan,7.962070232,1
AFG,1999,Occupational risks,Afghanistan,614.7869844,18215.90941,Afghanistan,49.89474946,NA,64.8520454,19887785,2.262801068,NA,7503.046322,261846.253,Afghanistan,2.750146151,1
AFG,2000,Occupational asthmagens,Afghanistan,152.8954263,6218.690057,Afghanistan,49.85354436,174.9309914,64.76727982,20130327,2.26197021,36.9,7564.947701,263780.9139,Afghanistan,12.68669609,1
AFG,2000,Occupational carcinogens,Afghanistan,1.133116332,40.82099393,Afghanistan,49.85354436,174.9309914,64.76727982,20130327,2.26197021,36.9,7564.947701,263780.9139,Afghanistan,0.724834349,1
AFG,2000,"Occupational particulate matter, gases, and fumes",Afghanistan,463.1851099,11984.95537,Afghanistan,49.85354436,174.9309914,64.76727982,20130327,2.26197021,36.9,7564.947701,263780.9139,Afghanistan,7.991726593,1
AFG,2000,Occupational risks,Afghanistan,617.2136525,18244.46642,Afghanistan,49.85354436,174.9309914,64.76727982,20130327,2.26197021,36.9,7564.947701,263780.9139,Afghanistan,2.778907791,1
AFG,2001,Occupational asthmagens,Afghanistan,151.4393592,6135.884361,Afghanistan,49.81444275,138.7068217,64.59757272,20284307,2.261948116,NA,7586.920269,262991.4304,Afghanistan,12.71293079,1
AFG,2001,Occupational carcinogens,Afghanistan,1.167166616,41.25380717,Afghanistan,49.81444275,138.7068217,64.59757272,20284307,2.261948116,NA,7586.920269,262991.4304,Afghanistan,0.724567024,1
AFG,2001,"Occupational particulate matter, gases, and fumes",Afghanistan,464.4389427,11968.30815,Afghanistan,49.81444275,138.7068217,64.59757272,20284307,2.261948116,NA,7586.920269,262991.4304,Afghanistan,8.018685483,1
AFG,2001,Occupational risks,Afghanistan,617.0454685,18145.44631,Afghanistan,49.81444275,138.7068217,64.59757272,20284307,2.261948116,NA,7586.920269,262991.4304,Afghanistan,2.789390473,1
AFG,2002,Occupational asthmagens,Afghanistan,142.6864466,5862.833665,Afghanistan,49.7748188,178.9540884,64.41688801,21378117,2.263973951,NA,7431.719532,257246.1069,Afghanistan,12.78909696,1
AFG,2002,Occupational carcinogens,Afghanistan,1.220049259,41.93118755,Afghanistan,49.7748188,178.9540884,64.41688801,21378117,2.263973951,NA,7431.719532,257246.1069,Afghanistan,0.725290083,1
AFG,2002,"Occupational particulate matter, gases, and fumes",Afghanistan,460.187485,11790.95445,Afghanistan,49.7748188,178.9540884,64.41688801,21378117,2.263973951,NA,7431.719532,257246.1069,Afghanistan,8.014458009,1
AFG,2002,Occupational risks,Afghanistan,604.0939809,17695.71931,Afghanistan,49.7748188,178.9540884,64.41688801,21378117,2.263973951,NA,7431.719532,257246.1069,Afghanistan,2.799430284,1
AFG,2003,Occupational asthmagens,Afghanistan,137.2000631,5820.770181,Afghanistan,49.73536106,198.8711157,64.17623142,22733049,2.266752691,NA,7468.783204,264347.1803,Afghanistan,12.88804067,1
AFG,2003,Occupational carcinogens,Afghanistan,1.294104639,44.54895484,Afghanistan,49.73536106,198.8711157,64.17623142,22733049,2.266752691,NA,7468.783204,264347.1803,Afghanistan,0.724501231,1
AFG,2003,"Occupational particulate matter, gases, and fumes",Afghanistan,460.8564926,11829.74822,Afghanistan,49.73536106,198.8711157,64.17623142,22733049,2.266752691,NA,7468.783204,264347.1803,Afghanistan,7.988548266,1
AFG,2003,Occupational risks,Afghanistan,599.3506603,17695.06735,Afghanistan,49.73536106,198.8711157,64.17623142,22733049,2.266752691,NA,7468.783204,264347.1803,Afghanistan,2.804662661,1
AFG,2004,Occupational asthmagens,Afghanistan,132.7420131,5798.960246,Afghanistan,49.69777366,221.7636539,63.82660868,23560654,2.26864675,NA,7494.542795,268998.7315,Afghanistan,12.97375109,1
AFG,2004,Occupational carcinogens,Afghanistan,1.362374892,47.00086154,Afghanistan,49.69777366,221.7636539,63.82660868,23560654,2.26864675,NA,7494.542795,268998.7315,Afghanistan,0.721435204,1
AFG,2004,"Occupational particulate matter, gases, and fumes",Afghanistan,461.4657042,11861.70578,Afghanistan,49.69777366,221.7636539,63.82660868,23560654,2.26864675,NA,7494.542795,268998.7315,Afghanistan,7.97238565,1
AFG,2004,Occupational risks,Afghanistan,595.5700922,17707.66689,Afghanistan,49.69777366,221.7636539,63.82660868,23560654,2.26864675,NA,7494.542795,268998.7315,Afghanistan,2.807524089,1
AFG,2005,Occupational asthmagens,Afghanistan,127.3839755,5693.362133,Afghanistan,49.6624648,254.1842491,63.31902553,24404567,2.269749347,32.7,7429.554347,268044.6534,Afghanistan,13.03939101,1
AFG,2005,Occupational carcinogens,Afghanistan,1.408182303,48.4116365,Afghanistan,49.6624648,254.1842491,63.31902553,24404567,2.269749347,32.7,7429.554347,268044.6534,Afghanistan,0.716260778,1
AFG,2005,"Occupational particulate matter, gases, and fumes",Afghanistan,458.0876029,11764.46227,Afghanistan,49.6624648,254.1842491,63.31902553,24404567,2.269749347,32.7,7429.554347,268044.6534,Afghanistan,7.957767718,1
AFG,2005,Occupational risks,Afghanistan,586.8797607,17506.23604,Afghanistan,49.6624648,254.1842491,63.31902553,24404567,2.269749347,32.7,7429.554347,268044.6534,Afghanistan,2.807476491,1
AFG,2006,Occupational asthmagens,Afghanistan,121.4558297,5573.939613,Afghanistan,49.63250608,274.2185536,61.51464943,25424094,2.271780023,NA,7330.306232,265653.8949,Afghanistan,13.04854626,1
AFG,2006,Occupational carcinogens,Afghanistan,1.435029243,49.49806448,Afghanistan,49.63250608,274.2185536,61.51464943,25424094,2.271780023,NA,7330.306232,265653.8949,Afghanistan,0.709789533,1
AFG,2006,"Occupational particulate matter, gases, and fumes",Afghanistan,452.4227258,11616.54234,Afghanistan,49.63250608,274.2185536,61.51464943,25424094,2.271780023,NA,7330.306232,265653.8949,Afghanistan,7.930738827,1
AFG,2006,Occupational risks,Afghanistan,575.3135848,17239.98002,Afghanistan,49.63250608,274.2185536,61.51464943,25424094,2.271780023,NA,7330.306232,265653.8949,Afghanistan,2.798970536,1
AFG,2007,Occupational asthmagens,Afghanistan,114.8467437,5409.201909,Afghanistan,49.60850219,376.223152,58.08378502,25909852,2.27621524,NA,7196.34997,261590.92310000001,Afghanistan,12.99852314,1
AFG,2007,Occupational carcinogens,Afghanistan,1.448892981,50.13646409,Afghanistan,49.60850219,376.223152,58.08378502,25909852,2.27621524,NA,7196.34997,261590.92310000001,Afghanistan,0.705438785,1
AFG,2007,"Occupational particulate matter, gases, and fumes",Afghanistan,444.4107838,11404.91805,Afghanistan,49.60850219,376.223152,58.08378502,25909852,2.27621524,NA,7196.34997,261590.92310000001,Afghanistan,7.893776899,1
AFG,2007,Occupational risks,Afghanistan,560.7064205,16864.25643,Afghanistan,49.60850219,376.223152,58.08378502,25909852,2.27621524,NA,7196.34997,261590.92310000001,Afghanistan,2.784197239,1
AFG,2008,Occupational asthmagens,Afghanistan,109.7642812,5283.36876,Afghanistan,49.58623055,381.733238,54.19114381,26482622,2.283569202,NA,7057.465852,256193.4715,Afghanistan,12.99297714,1
AFG,2008,Occupational carcinogens,Afghanistan,1.458809245,50.56469934,Afghanistan,49.58623055,381.733238,54.19114381,26482622,2.283569202,NA,7057.465852,256193.4715,Afghanistan,0.706817265,1
AFG,2008,"Occupational particulate matter, gases, and fumes",Afghanistan,436.5226805,11192.5736,Afghanistan,49.58623055,381.733238,54.19114381,26482622,2.283569202,NA,7057.465852,256193.4715,Afghanistan,7.851495912,1
AFG,2008,Occupational risks,Afghanistan,547.7457709,16526.50706,Afghanistan,49.58623055,381.733238,54.19114381,26482622,2.283569202,NA,7057.465852,256193.4715,Afghanistan,2.78025657,1
AFG,2009,Occupational asthmagens,Afghanistan,103.5417473,5137.344462,Afghanistan,49.56270821,452.0537055,51.00143731,27466101,2.293543636,NA,6908.771139,251456.8041,Afghanistan,12.91573908,1
AFG,2009,Occupational carcinogens,Afghanistan,1.461074346,51.03528298,Afghanistan,49.56270821,452.0537055,51.00143731,27466101,2.293543636,NA,6908.771139,251456.8041,Afghanistan,0.706798273,1
AFG,2009,"Occupational particulate matter, gases, and fumes",Afghanistan,427.3889969,10965.82026,Afghanistan,49.56270821,452.0537055,51.00143731,27466101,2.293543636,NA,6908.771139,251456.8041,Afghanistan,7.796420091,1
AFG,2009,Occupational risks,Afghanistan,532.3918186,16154.20001,Afghanistan,49.56270821,452.0537055,51.00143731,27466101,2.293543636,NA,6908.771139,251456.8041,Afghanistan,2.762894005,1
AFG,2010,Occupational asthmagens,Afghanistan,98.26809662,5029.798375,Afghanistan,49.53944069,560.6215055,49.67937703,28284089,2.306614901,29.1,6781.130808,248439.0039,Afghanistan,12.86151362,1
AFG,2010,Occupational carcinogens,Afghanistan,1.453318383,51.27847147,Afghanistan,49.53944069,560.6215055,49.67937703,28284089,2.306614901,29.1,6781.130808,248439.0039,Afghanistan,0.707404789,1
AFG,2010,"Occupational particulate matter, gases, and fumes",Afghanistan,418.2673052,10747.51367,Afghanistan,49.53944069,560.6215055,49.67937703,28284089,2.306614901,29.1,6781.130808,248439.0039,Afghanistan,7.737336502,1
AFG,2010,Occupational risks,Afghanistan,517.9887202,15828.59052,Afghanistan,49.53944069,560.6215055,49.67937703,28284089,2.306614901,29.1,6781.130808,248439.0039,Afghanistan,2.747093277,1
AFG,2011,Occupational asthmagens,Afghanistan,93.26562657,4920.746823,Afghanistan,49.51849219,606.6946763,61.81705591,29347708,2.322140455,NA,6651.226109,244745.991,Afghanistan,12.77379512,1
AFG,2011,Occupational carcinogens,Afghanistan,1.457415239,51.86240314,Afghanistan,49.51849219,606.6946763,61.81705591,29347708,2.322140455,NA,6651.226109,244745.991,Afghanistan,0.704749598,1
AFG,2011,"Occupational particulate matter, gases, and fumes",Afghanistan,409.8736418,10569.23168,Afghanistan,49.51849219,606.6946763,61.81705591,29347708,2.322140455,NA,6651.226109,244745.991,Afghanistan,7.679286787,1
AFG,2011,Occupational risks,Afghanistan,504.5966836,15541.8409,Afghanistan,49.51849219,606.6946763,61.81705591,29347708,2.322140455,NA,6651.226109,244745.991,Afghanistan,2.724005867,1
AFG,2012,Occupational asthmagens,Afghanistan,89.11451992,4841.523443,Afghanistan,49.4997715,651.4171345,70.92231651,30560034,2.337911339,NA,6571.975952,242733.8112,Afghanistan,12.68320067,1
AFG,2012,Occupational carcinogens,Afghanistan,1.47175587,52.95191817,Afghanistan,49.4997715,651.4171345,70.92231651,30560034,2.337911339,NA,6571.975952,242733.8112,Afghanistan,0.700108223,1
AFG,2012,"Occupational particulate matter, gases, and fumes",Afghanistan,403.5873979,10465.50219,Afghanistan,49.4997715,651.4171345,70.92231651,30560034,2.337911339,NA,6571.975952,242733.8112,Afghanistan,7.620818206,1
AFG,2012,Occupational risks,Afghanistan,494.1736737,15359.97755,Afghanistan,49.4997715,651.4171345,70.92231651,30560034,2.337911339,NA,6571.975952,242733.8112,Afghanistan,2.696938212,1
AFG,2013,Occupational asthmagens,Afghanistan,85.9321879,4781.104942,Afghanistan,49.48265019,637.0870991,73.1318159,31622704,2.349769014,NA,6498.095383,242075.7002,Afghanistan,12.60464813,1
AFG,2013,Occupational carcinogens,Afghanistan,1.481546301,53.79136295,Afghanistan,49.48265019,637.0870991,73.1318159,31622704,2.349769014,NA,6498.095383,242075.7002,Afghanistan,0.698472943,1
AFG,2013,"Occupational particulate matter, gases, and fumes",Afghanistan,396.8104902,10353.29094,Afghanistan,49.48265019,637.0870991,73.1318159,31622704,2.349769014,NA,6498.095383,242075.7002,Afghanistan,7.570388678,1
AFG,2013,Occupational risks,Afghanistan,484.2242244,15188.18724,Afghanistan,49.48265019,637.0870991,73.1318159,31622704,2.349769014,NA,6498.095383,242075.7002,Afghanistan,2.67387868,1
AFG,2014,Occupational asthmagens,Afghanistan,83.90173669,4761.38124,Afghanistan,49.46811503,625.0549418,77.14372755,32792523,2.356535665,NA,6446.905418,241590.4661,Afghanistan,12.53435373,1
AFG,2014,Occupational carcinogens,Afghanistan,1.49890464,54.93439592,Afghanistan,49.46811503,625.0549418,77.14372755,32792523,2.356535665,NA,6446.905418,241590.4661,Afghanistan,0.698433721,1
AFG,2014,"Occupational particulate matter, gases, and fumes",Afghanistan,392.2708785,10308.33806,Afghanistan,49.46811503,625.0549418,77.14372755,32792523,2.356535665,NA,6446.905418,241590.4661,Afghanistan,7.524024467,1
AFG,2014,Occupational risks,Afghanistan,477.6715198,15124.6537,Afghanistan,49.46811503,625.0549418,77.14372755,32792523,2.356535665,NA,6446.905418,241590.4661,Afghanistan,2.653678082,1
AFG,2015,Occupational asthmagens,Afghanistan,83.11676707,4793.519646,Afghanistan,49.45720241,565.5697304,73.49081763,33831764,2.356695063,26,6412.627099,241593.6345,Afghanistan,12.43432977,1
AFG,2015,Occupational carcinogens,Afghanistan,1.503194139,55.78242898,Afghanistan,49.45720241,565.5697304,73.49081763,33831764,2.356695063,26,6412.627099,241593.6345,Afghanistan,0.700216292,1
AFG,2015,"Occupational particulate matter, gases, and fumes",Afghanistan,388.6589233,10291.69563,Afghanistan,49.45720241,565.5697304,73.49081763,33831764,2.356695063,26,6412.627099,241593.6345,Afghanistan,7.476081154,1
AFG,2015,Occupational risks,Afghanistan,473.2788845,15140.99771,Afghanistan,49.45720241,565.5697304,73.49081763,33831764,2.356695063,26,6412.627099,241593.6345,Afghanistan,2.633040839,1
AFG,2016,Occupational asthmagens,Afghanistan,82.26958376,4826.450664,Afghanistan,49.44955007,522.0822156,72.76591014,34700612,2.355497361,NA,6387.58282,242342.9881,Afghanistan,12.3811935,1
AFG,2016,Occupational carcinogens,Afghanistan,1.52930181,57.12829761,Afghanistan,49.44955007,522.0822156,72.76591014,34700612,2.355497361,NA,6387.58282,242342.9881,Afghanistan,0.707402003,1
AFG,2016,"Occupational particulate matter, gases, and fumes",Afghanistan,385.5937447,10287.55292,Afghanistan,49.44955007,522.0822156,72.76591014,34700612,2.355497361,NA,6387.58282,242342.9881,Afghanistan,7.430542946,1
AFG,2016,Occupational risks,Afghanistan,469.3926303,15171.13188,Afghanistan,49.44955007,522.0822156,72.76591014,34700612,2.355497361,NA,6387.58282,242342.9881,Afghanistan,2.620873825,1
AFG,2017,Occupational asthmagens,Afghanistan,82.2559739,4892.302333,Afghanistan,49.45492489,525.4697709,65.862347,35688935,2.359737022,NA,6376.791314,243406.8355,Afghanistan,12.33842642,1
AFG,2017,Occupational carcinogens,Afghanistan,1.560688463,58.68812082,Afghanistan,49.45492489,525.4697709,65.862347,35688935,2.359737022,NA,6376.791314,243406.8355,Afghanistan,0.719659507,1
AFG,2017,"Occupational particulate matter, gases, and fumes",Afghanistan,383.5251921,10323.40297,Afghanistan,49.45492489,525.4697709,65.862347,35688935,2.359737022,NA,6376.791314,243406.8355,Afghanistan,7.384401463,1
AFG,2017,Occupational risks,Afghanistan,467.3418545,15274.39342,Afghanistan,49.45492489,525.4697709,65.862347,35688935,2.359737022,NA,6376.791314,243406.8355,Afghanistan,2.614376031,1
AFG,2018,Occupational asthmagens,Afghanistan,82.9015745,4991.714388,Afghanistan,49.47445147,491.3372214,67.22717748,36743039,2.367120477,23.8,6363.095414,244555.8791,Afghanistan,12.35223795,1
AFG,2018,Occupational carcinogens,Afghanistan,1.599008329,60.67803232,Afghanistan,49.47445147,491.3372214,67.22717748,36743039,2.367120477,23.8,6363.095414,244555.8791,Afghanistan,0.733479647,1
AFG,2018,"Occupational particulate matter, gases, and fumes",Afghanistan,381.9558832,10393.80227,Afghanistan,49.47445147,491.3372214,67.22717748,36743039,2.367120477,23.8,6363.095414,244555.8791,Afghanistan,7.340376524,1
AFG,2018,Occupational risks,Afghanistan,466.456466,15446.19469,Afghanistan,49.47445147,491.3372214,67.22717748,36743039,2.367120477,23.8,6363.095414,244555.8791,Afghanistan,2.6163764879999998,1
AFG,2019,Occupational asthmagens,Afghanistan,84.05459945,5129.550299,Afghanistan,49.49390879,496.6025043,58.33087223,37856121,2.376153383,23.8,6383.056787,248223.4507,Afghanistan,12.37999915,1
AFG,2019,Occupational carcinogens,Afghanistan,1.64636713,63.07357808,Afghanistan,49.49390879,496.6025043,58.33087223,37856121,2.376153383,23.8,6383.056787,248223.4507,Afghanistan,0.748782307,1
AFG,2019,"Occupational particulate matter, gases, and fumes",Afghanistan,381.2896642,10517.83399,Afghanistan,49.49390879,496.6025043,58.33087223,37856121,2.376153383,23.8,6383.056787,248223.4507,Afghanistan,7.30333561,1
AFG,2019,Occupational risks,Afghanistan,466.9906308,15710.45786,Afghanistan,49.49390879,496.6025043,58.33087223,37856121,2.376153383,23.8,6383.056787,248223.4507,Afghanistan,2.621855261,1
AFG,2020,Occupational asthmagens,Afghanistan,84.64142991,5284.396131,Afghanistan,49.51122219,510.7870634,46.08709367,39068979,2.370733824,23.3,6303.276376,250530.7323,Afghanistan,12.42300748,1
AFG,2020,Occupational carcinogens,Afghanistan,1.669714128,64.94035409,Afghanistan,49.51122219,510.7870634,46.08709367,39068979,2.370733824,23.3,6303.276376,250530.7323,Afghanistan,0.764211798,1
AFG,2020,"Occupational particulate matter, gases, and fumes",Afghanistan,374.0813292,10576.03025,Afghanistan,49.51122219,510.7870634,46.08709367,39068979,2.370733824,23.3,6303.276376,250530.7323,Afghanistan,7.265247082,1
AFG,2020,Occupational risks,Afghanistan,460.3924733,15925.36673,Afghanistan,49.51122219,510.7870634,46.08709367,39068979,2.370733824,23.3,6303.276376,250530.7323,Afghanistan,2.629405242,1
AFG,2021,Occupational asthmagens,Afghanistan,86.96180682,5524.448777,Afghanistan,49.5343798,356.4962141,NA,40000412,2.352549519,NA,6265.202574,253891.9728,Afghanistan,12.61178727,1
AFG,2021,Occupational carcinogens,Afghanistan,1.689470041,67.18799224,Afghanistan,49.5343798,356.4962141,NA,40000412,2.352549519,NA,6265.202574,253891.9728,Afghanistan,0.77840933,1
AFG,2021,"Occupational particulate matter, gases, and fumes",Afghanistan,368.2214396,10671.18759,Afghanistan,49.5343798,356.4962141,NA,40000412,2.352549519,NA,6265.202574,253891.9728,Afghanistan,7.224465469,1
AFG,2021,Occupational risks,Afghanistan,456.8727164,16262.82436,Afghanistan,49.5343798,356.4962141,NA,40000412,2.352549519,NA,6265.202574,253891.9728,Afghanistan,2.654325947,1
ARE,1990,Occupational asthmagens,United Arab Emirates,10.779829,1242.717173,United Arab Emirates,31.76370494,26709.99344,44.29661141,1898220,1.027409889,NA,237.1633602,16340.9665,United Arab Emirates,23.35502078,2
ARE,1990,Occupational carcinogens,United Arab Emirates,0.100647545,7.488257292,United Arab Emirates,31.76370494,26709.99344,44.29661141,1898220,1.027409889,NA,237.1633602,16340.9665,United Arab Emirates,1.706074701,2
ARE,1990,"Occupational particulate matter, gases, and fumes",United Arab Emirates,18.98780939,692.2660553,United Arab Emirates,31.76370494,26709.99344,44.29661141,1898220,1.027409889,NA,237.1633602,16340.9665,United Arab Emirates,8.827364845,2
ARE,1990,Occupational risks,United Arab Emirates,29.86828594,1942.471486,United Arab Emirates,31.76370494,26709.99344,44.29661141,1898220,1.027409889,NA,237.1633602,16340.9665,United Arab Emirates,4.360851182,2
ARE,1991,Occupational asthmagens,United Arab Emirates,11.38995459,1331.435415,United Arab Emirates,31.68135551,25690.96863,44.20734235,2006626,1.016532482,NA,249.0773331,17272.2705,United Arab Emirates,23.51660112,2
ARE,1991,Occupational carcinogens,United Arab Emirates,0.10864291,8.070237671,United Arab Emirates,31.68135551,25690.96863,44.20734235,2006626,1.016532482,NA,249.0773331,17272.2705,United Arab Emirates,1.724662323,2
ARE,1991,"Occupational particulate matter, gases, and fumes",United Arab Emirates,20.20537337,744.6459703,United Arab Emirates,31.68135551,25690.96863,44.20734235,2006626,1.016532482,NA,249.0773331,17272.2705,United Arab Emirates,8.846515219,2
ARE,1991,Occupational risks,United Arab Emirates,31.70397087,2084.151623,United Arab Emirates,31.68135551,25690.96863,44.20734235,2006626,1.016532482,NA,249.0773331,17272.2705,United Arab Emirates,4.386589523,2
ARE,1992,Occupational asthmagens,United Arab Emirates,11.94249695,1423.353991,United Arab Emirates,31.59924359,25648.27278,44.1327883,2114730,1.009797941,NA,250.3351695,18090.19884,United Arab Emirates,23.73786482,2
ARE,1992,Occupational carcinogens,United Arab Emirates,0.112537477,8.598660474,United Arab Emirates,31.59924359,25648.27278,44.1327883,2114730,1.009797941,NA,250.3351695,18090.19884,United Arab Emirates,1.758886145,2
ARE,1992,"Occupational particulate matter, gases, and fumes",United Arab Emirates,20.50905549,784.5979354,United Arab Emirates,31.59924359,25648.27278,44.1327883,2114730,1.009797941,NA,250.3351695,18090.19884,United Arab Emirates,8.866673719,2
ARE,1992,Occupational risks,United Arab Emirates,32.56408992,2216.550587,United Arab Emirates,31.59924359,25648.27278,44.1327883,2114730,1.009797941,NA,250.3351695,18090.19884,United Arab Emirates,4.430203951,2
ARE,1993,Occupational asthmagens,United Arab Emirates,12.57161668,1517.662772,United Arab Emirates,31.51594847,25032.78227,44.07609257,2222093,1.005965771,NA,258.3539705,18926.87362,United Arab Emirates,23.90197862,2
ARE,1993,Occupational carcinogens,United Arab Emirates,0.12015734,9.243863783,United Arab Emirates,31.51594847,25032.78227,44.07609257,2222093,1.005965771,NA,258.3539705,18926.87362,United Arab Emirates,1.777044034,2
ARE,1993,"Occupational particulate matter, gases, and fumes",United Arab Emirates,21.34672296,833.8664296,United Arab Emirates,31.51594847,25032.78227,44.07609257,2222093,1.005965771,NA,258.3539705,18926.87362,United Arab Emirates,8.875790423,2
ARE,1993,Occupational risks,United Arab Emirates,34.03849698,2360.773066,United Arab Emirates,31.51594847,25032.78227,44.07609257,2222093,1.005965771,NA,258.3539705,18926.87362,United Arab Emirates,4.455125316,2
ARE,1994,Occupational asthmagens,United Arab Emirates,13.35767851,1617.003757,United Arab Emirates,31.42920589,25472.63966,44.04039846,2328188,1.002603742,NA,270.187783,19890.61013,United Arab Emirates,24.03487482,2
ARE,1994,Occupational carcinogens,United Arab Emirates,0.128851712,9.946280367,United Arab Emirates,31.42920589,25472.63966,44.04039846,2328188,1.002603742,NA,270.187783,19890.61013,United Arab Emirates,1.787919094,2
ARE,1994,"Occupational particulate matter, gases, and fumes",United Arab Emirates,22.53347109,889.2859641,United Arab Emirates,31.42920589,25472.63966,44.04039846,2328188,1.002603742,NA,270.187783,19890.61013,United Arab Emirates,8.868244245,2
ARE,1994,Occupational risks,United Arab Emirates,36.02000131,2516.236002,United Arab Emirates,31.42920589,25472.63966,44.04039846,2328188,1.002603742,NA,270.187783,19890.61013,United Arab Emirates,4.470462388,2
ARE,1995,Occupational asthmagens,United Arab Emirates,14.10672651,1713.713414,United Arab Emirates,31.33563043,27003.20068,44.02884928,2434662,0.997776899,NA,275.2458764,20681.10359,United Arab Emirates,24.1080649,2
ARE,1995,Occupational carcinogens,United Arab Emirates,0.140276236,10.80377301,United Arab Emirates,31.33563043,27003.20068,44.02884928,2434662,0.997776899,NA,275.2458764,20681.10359,United Arab Emirates,1.798178874,2
ARE,1995,"Occupational particulate matter, gases, and fumes",United Arab Emirates,23.15520108,931.3246267,United Arab Emirates,31.33563043,27003.20068,44.02884928,2434662,0.997776899,NA,275.2458764,20681.10359,United Arab Emirates,8.83163467,2
ARE,1995,Occupational risks,United Arab Emirates,37.40220383,2655.841814,United Arab Emirates,31.33563043,27003.20068,44.02884928,2434662,0.997776899,NA,275.2458764,20681.10359,United Arab Emirates,4.477574195,2
ARE,1996,Occupational asthmagens,United Arab Emirates,14.72790637,1776.005831,United Arab Emirates,31.23206974,28323.16509,44.04471666,2597564,1.013257036,NA,282.6183242,21390.95623,United Arab Emirates,23.83476205,2
ARE,1996,Occupational carcinogens,United Arab Emirates,0.14882946,11.48398095,United Arab Emirates,31.23206974,28323.16509,44.04471666,2597564,1.013257036,NA,282.6183242,21390.95623,United Arab Emirates,1.797245146,2
ARE,1996,"Occupational particulate matter, gases, and fumes",United Arab Emirates,23.68541244,968.2583624,United Arab Emirates,31.23206974,28323.16509,44.04471666,2597564,1.013257036,NA,282.6183242,21390.95623,United Arab Emirates,8.747044182,2
ARE,1996,Occupational risks,United Arab Emirates,38.56214827,2755.748174,United Arab Emirates,31.23206974,28323.16509,44.04471666,2597564,1.013257036,NA,282.6183242,21390.95623,United Arab Emirates,4.438800806,2
ARE,1997,Occupational asthmagens,United Arab Emirates,15.37037795,1817.000217,United Arab Emirates,31.14527172,27982.7957,44.08077813,2817410,1.056573423,NA,297.1373504,22160.75922,United Arab Emirates,23.54016928,2
ARE,1997,Occupational carcinogens,United Arab Emirates,0.16145977,12.25906711,United Arab Emirates,31.14527172,27982.7957,44.08077813,2817410,1.056573423,NA,297.1373504,22160.75922,United Arab Emirates,1.801166396,2
ARE,1997,"Occupational particulate matter, gases, and fumes",United Arab Emirates,24.67169198,1014.959952,United Arab Emirates,31.14527172,27982.7957,44.08077813,2817410,1.056573423,NA,297.1373504,22160.75922,United Arab Emirates,8.643277037,2
ARE,1997,Occupational risks,United Arab Emirates,40.20352969,2844.219236,United Arab Emirates,31.14527172,27982.7957,44.08077813,2817410,1.056573423,NA,297.1373504,22160.75922,United Arab Emirates,4.40072874,2
ARE,1998,Occupational asthmagens,United Arab Emirates,16.06109047,1847.811482,United Arab Emirates,31.09048678,24889.42692,44.1244358,3040421,1.115684125,NA,323.4872909,23123.2788,United Arab Emirates,23.19218134,2
ARE,1998,Occupational carcinogens,United Arab Emirates,0.179683584,13.22582402,United Arab Emirates,31.09048678,24889.42692,44.1244358,3040421,1.115684125,NA,323.4872909,23123.2788,United Arab Emirates,1.784774631,2
ARE,1998,"Occupational particulate matter, gases, and fumes",United Arab Emirates,27.04485165,1085.880586,United Arab Emirates,31.09048678,24889.42692,44.1244358,3040421,1.115684125,NA,323.4872909,23123.2788,United Arab Emirates,8.536622495,2
ARE,1998,Occupational risks,United Arab Emirates,43.2856257,2946.917892,United Arab Emirates,31.09048678,24889.42692,44.1244358,3040421,1.115684125,NA,323.4872909,23123.2788,United Arab Emirates,4.342217174,2
ARE,1999,Occupational asthmagens,United Arab Emirates,16.78761874,1888.473977,United Arab Emirates,31.0553339,25855.8605,44.16309179,3266009,1.189647671,NA,346.6737507,24167.67453,United Arab Emirates,22.91710532,2
ARE,1999,Occupational carcinogens,United Arab Emirates,0.197935435,14.28063316,United Arab Emirates,31.0553339,25855.8605,44.16309179,3266009,1.189647671,NA,346.6737507,24167.67453,United Arab Emirates,1.769073986,2
ARE,1999,"Occupational particulate matter, gases, and fumes",United Arab Emirates,29.33261198,1161.828278,United Arab Emirates,31.0553339,25855.8605,44.16309179,3266009,1.189647671,NA,346.6737507,24167.67453,United Arab Emirates,8.442064304,2
ARE,1999,Occupational risks,United Arab Emirates,46.31816616,3064.582888,United Arab Emirates,31.0553339,25855.8605,44.16309179,3266009,1.189647671,NA,346.6737507,24167.67453,United Arab Emirates,4.292804143,2
ARE,2000,Occupational asthmagens,United Arab Emirates,17.01960022,1933.249266,United Arab Emirates,31.03096398,29865.50235,44.18414825,3493575,1.275097676,NA,366.9031557,25133.69957,United Arab Emirates,22.71316346,2
ARE,2000,Occupational carcinogens,United Arab Emirates,0.194502714,14.40577164,United Arab Emirates,31.03096398,29865.50235,44.18414825,3493575,1.275097676,NA,366.9031557,25133.69957,United Arab Emirates,1.757706254,2
ARE,2000,"Occupational particulate matter, gases, and fumes",United Arab Emirates,31.08273283,1217.114801,United Arab Emirates,31.03096398,29865.50235,44.18414825,3493575,1.275097676,NA,366.9031557,25133.69957,United Arab Emirates,8.369399443,2
ARE,2000,Occupational risks,United Arab Emirates,48.29683576,3164.769839,United Arab Emirates,31.03096398,29865.50235,44.18414825,3493575,1.275097676,NA,366.9031557,25133.69957,United Arab Emirates,4.255712067,2
ARE,2001,Occupational asthmagens,United Arab Emirates,17.07208336,1994.492351,United Arab Emirates,31.01681442,27745.17081,44.18971037,3723590,1.367040763,NA,381.6771435,26226.16264,United Arab Emirates,22.48511594,2
ARE,2001,Occupational carcinogens,United Arab Emirates,0.210480707,15.35212074,United Arab Emirates,31.01681442,27745.17081,44.18971037,3723590,1.367040763,NA,381.6771435,26226.16264,United Arab Emirates,1.740634614,2
ARE,2001,"Occupational particulate matter, gases, and fumes",United Arab Emirates,32.58608936,1267.961849,United Arab Emirates,31.01681442,27745.17081,44.18971037,3723590,1.367040763,NA,381.6771435,26226.16264,United Arab Emirates,8.326527704,2
ARE,2001,Occupational risks,United Arab Emirates,49.86865343,3277.806321,United Arab Emirates,31.01681442,27745.17081,44.18971037,3723590,1.367040763,NA,381.6771435,26226.16264,United Arab Emirates,4.213007405,2
ARE,2002,Occupational asthmagens,United Arab Emirates,17.21614865,2081.79846,United Arab Emirates,31.01478306,27753.60895,44.18609605,3956826,1.461107969,NA,381.4850312,27396.33696,United Arab Emirates,22.39239263,2
ARE,2002,Occupational carcinogens,United Arab Emirates,0.23994548499999999,17.11115318,United Arab Emirates,31.01478306,27753.60895,44.18609605,3956826,1.461107969,NA,381.4850312,27396.33696,United Arab Emirates,1.748207506,2
ARE,2002,"Occupational particulate matter, gases, and fumes",United Arab Emirates,32.64447582,1309.166805,United Arab Emirates,31.01478306,27753.60895,44.18609605,3956826,1.461107969,NA,381.4850312,27396.33696,United Arab Emirates,8.31978969,2
ARE,2002,Occupational risks,United Arab Emirates,50.10056996,3408.076418,United Arab Emirates,31.01478306,27753.60895,44.18609605,3956826,1.461107969,NA,381.4850312,27396.33696,United Arab Emirates,4.205492515,2
ARE,2003,Occupational asthmagens,United Arab Emirates,17.21425958,2172.046637,United Arab Emirates,31.01950265,29659.54286,44.16702645,4192457,1.556950972,NA,386.6452853,28657.18879,United Arab Emirates,22.30374321,2
ARE,2003,Occupational carcinogens,United Arab Emirates,0.269605282,18.81888607,United Arab Emirates,31.01950265,29659.54286,44.16702645,4192457,1.556950972,NA,386.6452853,28657.18879,United Arab Emirates,1.75847672,2
ARE,2003,"Occupational particulate matter, gases, and fumes",United Arab Emirates,32.59031904,1342.34918,United Arab Emirates,31.01950265,29659.54286,44.16702645,4192457,1.556950972,NA,386.6452853,28657.18879,United Arab Emirates,8.343550154,2
ARE,2003,Occupational risks,United Arab Emirates,50.0741839,3533.214703,United Arab Emirates,31.01950265,29659.54286,44.16702645,4192457,1.556950972,NA,386.6452853,28657.18879,United Arab Emirates,4.203371728,2
ARE,2004,Occupational asthmagens,United Arab Emirates,17.06621741,2247.467394,United Arab Emirates,31.02362244,33376.71523,44.12622271,4428967,1.659021167,NA,405.6811454,30108.75944,United Arab Emirates,22.25741024,2
ARE,2004,Occupational carcinogens,United Arab Emirates,0.300621327,20.50083796,United Arab Emirates,31.02362244,33376.71523,44.12622271,4428967,1.659021167,NA,405.6811454,30108.75944,United Arab Emirates,1.775519752,2
ARE,2004,"Occupational particulate matter, gases, and fumes",United Arab Emirates,33.14830827,1380.358445,United Arab Emirates,31.02362244,33376.71523,44.12622271,4428967,1.659021167,NA,405.6811454,30108.75944,United Arab Emirates,8.393652108,2
ARE,2004,Occupational risks,United Arab Emirates,50.51514701,3648.326677,United Arab Emirates,31.02362244,33376.71523,44.12622271,4428967,1.659021167,NA,405.6811454,30108.75944,United Arab Emirates,4.212834448,2
ARE,2005,Occupational asthmagens,United Arab Emirates,17.10120297,2338.96107,United Arab Emirates,31.02242545,38719.31383,44.05740599,4664790,1.774356402,NA,423.579965,31493.13705,United Arab Emirates,22.2306161,2
ARE,2005,Occupational carcinogens,United Arab Emirates,0.29561891,20.70124414,United Arab Emirates,31.02242545,38719.31383,44.05740599,4664790,1.774356402,NA,423.579965,31493.13705,United Arab Emirates,1.795911401,2
ARE,2005,"Occupational particulate matter, gases, and fumes",United Arab Emirates,33.62015391,1417.996526,United Arab Emirates,31.02242545,38719.31383,44.05740599,4664790,1.774356402,NA,423.579965,31493.13705,United Arab Emirates,8.467424593,2
ARE,2005,Occupational risks,United Arab Emirates,51.01697579,3777.65884,United Arab Emirates,31.02242545,38719.31383,44.05740599,4664790,1.774356402,NA,423.579965,31493.13705,United Arab Emirates,4.228915733,2
ARE,2006,Occupational asthmagens,United Arab Emirates,18.82310342,2671.582007,United Arab Emirates,31.14737178,44342.60483,43.83308321,5009100,1.825377812,NA,458.7320168,34734.50953,United Arab Emirates,22.28071633,2
ARE,2006,Occupational carcinogens,United Arab Emirates,0.340454424,23.8038517,United Arab Emirates,31.14737178,44342.60483,43.83308321,5009100,1.825377812,NA,458.7320168,34734.50953,United Arab Emirates,1.820561003,2
ARE,2006,"Occupational particulate matter, gases, and fumes",United Arab Emirates,36.31085988,1547.422749,United Arab Emirates,31.14737178,44342.60483,43.83308321,5009100,1.825377812,NA,458.7320168,34734.50953,United Arab Emirates,8.390235872,2
ARE,2006,Occupational risks,United Arab Emirates,55.47441772,4242.808608,United Arab Emirates,31.14737178,44342.60483,43.83308321,5009100,1.825377812,NA,458.7320168,34734.50953,United Arab Emirates,4.240247182,2
ARE,2007,Occupational asthmagens,United Arab Emirates,21.03319279,3245.638074,United Arab Emirates,31.50887684,45854.73252,43.42096151,5624635,1.700812737,NA,522.8183451,40565.77165,United Arab Emirates,22.37603475,2
ARE,2007,Occupational carcinogens,United Arab Emirates,0.40801332,28.970418,United Arab Emirates,31.50887684,45854.73252,43.42096151,5624635,1.700812737,NA,522.8183451,40565.77165,United Arab Emirates,1.84336833,2
ARE,2007,"Occupational particulate matter, gases, and fumes",United Arab Emirates,41.56464406,1758.025161,United Arab Emirates,31.50887684,45854.73252,43.42096151,5624635,1.700812737,NA,522.8183451,40565.77165,United Arab Emirates,8.201566051,2
ARE,2007,Occupational risks,United Arab Emirates,63.00585017,5032.633653,United Arab Emirates,31.50887684,45854.73252,43.42096151,5624635,1.700812737,NA,522.8183451,40565.77165,United Arab Emirates,4.24348902,2
ARE,2008,Occupational asthmagens,United Arab Emirates,21.87066319,3949.301966,United Arab Emirates,32.0096391,50054.17007,42.95756231,6302664,1.554905866,NA,557.4886269,46687.38306,United Arab Emirates,22.56934178,2
ARE,2008,Occupational carcinogens,United Arab Emirates,0.449825812,33.90845637,United Arab Emirates,32.0096391,50054.17007,42.95756231,6302664,1.554905866,NA,557.4886269,46687.38306,United Arab Emirates,1.859340318,2
ARE,2008,"Occupational particulate matter, gases, and fumes",United Arab Emirates,44.48616332,1915.472822,United Arab Emirates,32.0096391,50054.17007,42.95756231,6302664,1.554905866,NA,557.4886269,46687.38306,United Arab Emirates,8.036038821,2
ARE,2008,Occupational risks,United Arab Emirates,66.80665232,5898.683244,United Arab Emirates,32.0096391,50054.17007,42.95756231,6302664,1.554905866,NA,557.4886269,46687.38306,United Arab Emirates,4.253210291,2
ARE,2009,Occupational asthmagens,United Arab Emirates,22.71195878,4555.047075,United Arab Emirates,32.62798195,37803.06637,42.57940708,6707058,1.472836525,NA,577.1492841,51869.70089,United Arab Emirates,22.76544123,2
ARE,2009,Occupational carcinogens,United Arab Emirates,0.485199325,38.36069442,United Arab Emirates,32.62798195,37803.06637,42.57940708,6707058,1.472836525,NA,577.1492841,51869.70089,United Arab Emirates,1.867147821,2
ARE,2009,"Occupational particulate matter, gases, and fumes",United Arab Emirates,46.40844869,2066.347592,United Arab Emirates,32.62798195,37803.06637,42.57940708,6707058,1.472836525,NA,577.1492841,51869.70089,United Arab Emirates,8.056996473,2
ARE,2009,Occupational risks,United Arab Emirates,69.60560679,6659.755362,United Arab Emirates,32.62798195,37803.06637,42.57940708,6707058,1.472836525,NA,577.1492841,51869.70089,United Arab Emirates,4.277257021,2
ARE,2010,Occupational asthmagens,United Arab Emirates,24.39510972,4842.8337,United Arab Emirates,33.29967505,43696.67126,42.42301723,6869838,1.421942034,NA,585.0248597,54448.78448,United Arab Emirates,23.23197555,2
ARE,2010,Occupational carcinogens,United Arab Emirates,0.54669847,42.62637129,United Arab Emirates,33.29967505,43696.67126,42.42301723,6869838,1.421942034,NA,585.0248597,54448.78448,United Arab Emirates,1.925971439,2
ARE,2010,"Occupational particulate matter, gases, and fumes",United Arab Emirates,46.7719261,2189.807419,United Arab Emirates,33.29967505,43696.67126,42.42301723,6869838,1.421942034,NA,585.0248597,54448.78448,United Arab Emirates,8.325787888,2
ARE,2010,Occupational risks,United Arab Emirates,71.71373429,7075.267491,United Arab Emirates,33.29967505,43696.67126,42.42301723,6869838,1.421942034,NA,585.0248597,54448.78448,United Arab Emirates,4.38925506,2
ARE,2011,Occupational asthmagens,United Arab Emirates,25.0717042,4991.194688,United Arab Emirates,33.9645505,50789.05054,46.48971729,7104538,1.431434059,NA,606.0283234,56072.79875,United Arab Emirates,23.58266631,2
ARE,2011,Occupational carcinogens,United Arab Emirates,0.576071386,44.23337849,United Arab Emirates,33.9645505,50789.05054,46.48971729,7104538,1.431434059,NA,606.0283234,56072.79875,United Arab Emirates,1.976747082,2
ARE,2011,"Occupational particulate matter, gases, and fumes",United Arab Emirates,49.22115613,2322.189285,United Arab Emirates,33.9645505,50789.05054,46.48971729,7104538,1.431434059,NA,606.0283234,56072.79875,United Arab Emirates,8.595916576,2
ARE,2011,Occupational risks,United Arab Emirates,74.86893171,7357.617352,United Arab Emirates,33.9645505,50789.05054,46.48971729,7104538,1.431434059,NA,606.0283234,56072.79875,United Arab Emirates,4.484884582,2
ARE,2012,Occupational asthmagens,United Arab Emirates,25.29114631,5064.643826,United Arab Emirates,34.50846045,52034.47625,49.85857049,7391448,1.467590515,NA,618.919108,57108.34337,United Arab Emirates,23.88154107,2
ARE,2012,Occupational carcinogens,United Arab Emirates,0.593853352,45.03577851,United Arab Emirates,34.50846045,52034.47625,49.85857049,7391448,1.467590515,NA,618.919108,57108.34337,United Arab Emirates,2.018885168,2
ARE,2012,"Occupational particulate matter, gases, and fumes",United Arab Emirates,51.04740253,2436.305586,United Arab Emirates,34.50846045,52034.47625,49.85857049,7391448,1.467590515,NA,618.919108,57108.34337,United Arab Emirates,8.853387545,2
ARE,2012,Occupational risks,United Arab Emirates,76.9324022,7545.98519,United Arab Emirates,34.50846045,52034.47625,49.85857049,7391448,1.467590515,NA,618.919108,57108.34337,United Arab Emirates,4.567854164,2
ARE,2013,Occupational asthmagens,United Arab Emirates,25.39188782,5121.053538,United Arab Emirates,34.77469619,52023.5171,43.67173152,7693031,1.483226115,NA,650.4510281,58643.05015,United Arab Emirates,24.08711262,2
ARE,2013,Occupational carcinogens,United Arab Emirates,0.636330817,47.10323599,United Arab Emirates,34.77469619,52023.5171,43.67173152,7693031,1.483226115,NA,650.4510281,58643.05015,United Arab Emirates,2.036629681,2
ARE,2013,"Occupational particulate matter, gases, and fumes",United Arab Emirates,52.05858845,2529.558857,United Arab Emirates,34.77469619,52023.5171,43.67173152,7693031,1.483226115,NA,650.4510281,58643.05015,United Arab Emirates,9.093675948,2
ARE,2013,Occupational risks,United Arab Emirates,78.08680709,7697.715631,United Arab Emirates,34.77469619,52023.5171,43.67173152,7693031,1.483226115,NA,650.4510281,58643.05015,United Arab Emirates,4.621797899,2
ARE,2014,Occupational asthmagens,United Arab Emirates,25.2725049,5164.316645,United Arab Emirates,34.89370665,51381.40699,38.4444709,8059440,1.496568875,NA,674.8744008,59718.54501,United Arab Emirates,24.259861,2
ARE,2014,Occupational carcinogens,United Arab Emirates,0.658083709,47.4903499,United Arab Emirates,34.89370665,51381.40699,38.4444709,8059440,1.496568875,NA,674.8744008,59718.54501,United Arab Emirates,2.0269205280000002,2
ARE,2014,"Occupational particulate matter, gases, and fumes",United Arab Emirates,54.07764577,2639.561807,United Arab Emirates,34.89370665,51381.40699,38.4444709,8059440,1.496568875,NA,674.8744008,59718.54501,United Arab Emirates,9.316531071,2
ARE,2014,Occupational risks,United Arab Emirates,80.00823437,7851.368801,United Arab Emirates,34.89370665,51381.40699,38.4444709,8059440,1.496568875,NA,674.8744008,59718.54501,United Arab Emirates,4.649733901,2
ARE,2015,Occupational asthmagens,United Arab Emirates,24.74190256,5224.015925,United Arab Emirates,35.01469572,43534.99727,48.3475759,8505237,1.504628496,NA,688.3151085,60581.66047,United Arab Emirates,24.44686141,2
ARE,2015,Occupational carcinogens,United Arab Emirates,0.675980825,47.66630859,United Arab Emirates,35.01469572,43534.99727,48.3475759,8505237,1.504628496,NA,688.3151085,60581.66047,United Arab Emirates,2.007043893,2
ARE,2015,"Occupational particulate matter, gases, and fumes",United Arab Emirates,55.58386919,2724.903967,United Arab Emirates,35.01469572,43534.99727,48.3475759,8505237,1.504628496,NA,688.3151085,60581.66047,United Arab Emirates,9.52859996,2
ARE,2015,Occupational risks,United Arab Emirates,81.00175258,7996.586201,United Arab Emirates,35.01469572,43534.99727,48.3475759,8505237,1.504628496,NA,688.3151085,60581.66047,United Arab Emirates,4.669995234,2
ARE,2016,Occupational asthmagens,United Arab Emirates,23.70612139,5333.216506,United Arab Emirates,35.15486266,41326.40182,43.08197082,8935095,1.485221861,NA,703.1544735,61570.63479,United Arab Emirates,24.61770475,2
ARE,2016,Occupational carcinogens,United Arab Emirates,0.686787726,47.42318585,United Arab Emirates,35.15486266,41326.40182,43.08197082,8935095,1.485221861,NA,703.1544735,61570.63479,United Arab Emirates,1.983561149,2
ARE,2016,"Occupational particulate matter, gases, and fumes",United Arab Emirates,57.38055484,2803.572427,United Arab Emirates,35.15486266,41326.40182,43.08197082,8935095,1.485221861,NA,703.1544735,61570.63479,United Arab Emirates,9.734877165,2
ARE,2016,Occupational risks,United Arab Emirates,81.77346397,8184.212119,United Arab Emirates,35.15486266,41326.40182,43.08197082,8935095,1.485221861,NA,703.1544735,61570.63479,United Arab Emirates,4.685497566,2
ARE,2017,Occupational asthmagens,United Arab Emirates,23.31711847,5521.09706,United Arab Emirates,35.27184334,42340.59171,44.24850564,9223225,1.478884168,NA,712.8014547,63073.82611,United Arab Emirates,24.74731733,2
ARE,2017,Occupational carcinogens,United Arab Emirates,0.705662665,47.71140789,United Arab Emirates,35.27184334,42340.59171,44.24850564,9223225,1.478884168,NA,712.8014547,63073.82611,United Arab Emirates,1.959408546,2
ARE,2017,"Occupational particulate matter, gases, and fumes",United Arab Emirates,59.1634787,2914.973221,United Arab Emirates,35.27184334,42340.59171,44.24850564,9223225,1.478884168,NA,712.8014547,63073.82611,United Arab Emirates,9.932797136,2
ARE,2017,Occupational risks,United Arab Emirates,83.18625983,8483.781689,United Arab Emirates,35.27184334,42340.59171,44.24850564,9223225,1.478884168,NA,712.8014547,63073.82611,United Arab Emirates,4.69644087,2
ARE,2018,Occupational asthmagens,United Arab Emirates,23.66851845,5718.584345,United Arab Emirates,35.37339238,45689.857,45.98790614,9346701,1.501096089,NA,743.7174528,65324.56482,United Arab Emirates,24.70205382,2
ARE,2018,Occupational carcinogens,United Arab Emirates,0.74219924,48.70683915,United Arab Emirates,35.37339238,45689.857,45.98790614,9346701,1.501096089,NA,743.7174528,65324.56482,United Arab Emirates,1.924518396,2
ARE,2018,"Occupational particulate matter, gases, and fumes",United Arab Emirates,62.97196433,3101.080845,United Arab Emirates,35.37339238,45689.857,45.98790614,9346701,1.501096089,NA,743.7174528,65324.56482,United Arab Emirates,10.12277158,2
ARE,2018,Occupational risks,United Arab Emirates,87.38268202,8868.372029,United Arab Emirates,35.37339238,45689.857,45.98790614,9346701,1.501096089,NA,743.7174528,65324.56482,United Arab Emirates,4.684199693,2
ARE,2019,Occupational asthmagens,United Arab Emirates,25.62359771,5918.759161,United Arab Emirates,35.48185042,44251.45414,41.95562632,9445785,1.527989232,NA,803.9877274,68493.06468,United Arab Emirates,24.62680614,2
ARE,2019,Occupational carcinogens,United Arab Emirates,0.807864606,50.80458207,United Arab Emirates,35.48185042,44251.45414,41.95562632,9445785,1.527989232,NA,803.9877274,68493.06468,United Arab Emirates,1.884699609,2
ARE,2019,"Occupational particulate matter, gases, and fumes",United Arab Emirates,69.29863369,3387.520546,United Arab Emirates,35.48185042,44251.45414,41.95562632,9445785,1.527989232,NA,803.9877274,68493.06468,United Arab Emirates,10.30311248,2
ARE,2019,Occupational risks,United Arab Emirates,95.73009601,9357.08429,United Arab Emirates,35.48185042,44251.45414,41.95562632,9445785,1.527989232,NA,803.9877274,68493.06468,United Arab Emirates,4.66495125,2
ARE,2020,Occupational asthmagens,United Arab Emirates,21.68722003,5842.483913,United Arab Emirates,35.61673383,37173.87541,36.30550308,9401038,1.564090857,NA,671.9012092,65814.85347,United Arab Emirates,24.55533311,2
ARE,2020,Occupational carcinogens,United Arab Emirates,0.69944270099999994,47.34742288,United Arab Emirates,35.61673383,37173.87541,36.30550308,9401038,1.564090857,NA,671.9012092,65814.85347,United Arab Emirates,1.866357715,2
ARE,2020,"Occupational particulate matter, gases, and fumes",United Arab Emirates,56.32615751,3130.890434,United Arab Emirates,35.61673383,37173.87541,36.30550308,9401038,1.564090857,NA,671.9012092,65814.85347,United Arab Emirates,10.47778871,2
ARE,2020,Occupational risks,United Arab Emirates,78.71282024,9020.721769,United Arab Emirates,35.61673383,37173.87541,36.30550308,9401038,1.564090857,NA,671.9012092,65814.85347,United Arab Emirates,4.661802885,2
ARE,2021,Occupational asthmagens,United Arab Emirates,23.05095271,5934.546896,United Arab Emirates,35.7777079,43360.0211,NA,9575152,1.619233045,NA,727.3355998,68282.33254,United Arab Emirates,24.4740625,2
ARE,2021,Occupational carcinogens,United Arab Emirates,0.740901993,48.01031696,United Arab Emirates,35.7777079,43360.0211,NA,9575152,1.619233045,NA,727.3355998,68282.33254,United Arab Emirates,1.877623721,2
ARE,2021,"Occupational particulate matter, gases, and fumes",United Arab Emirates,62.77506635,3406.858028,United Arab Emirates,35.7777079,43360.0211,NA,9575152,1.619233045,NA,727.3355998,68282.33254,United Arab Emirates,10.64735399,2
ARE,2021,Occupational risks,United Arab Emirates,86.56692105,9389.415241,United Arab Emirates,35.7777079,43360.0211,NA,9575152,1.619233045,NA,727.3355998,68282.33254,United Arab Emirates,4.679401726,2
BHR,1990,Occupational asthmagens,Bahrain,1.448744691,107.4913986,Bahrain,40.57684986,9342.538914,68.5869119,514797,2.115398997,NA,90.02418979,3592.775465,Bahrain,17.81910082,3
BHR,1990,Occupational carcinogens,Bahrain,0.11585224,4.865790878,Bahrain,40.57684986,9342.538914,68.5869119,514797,2.115398997,NA,90.02418979,3592.775465,Bahrain,1.44555658,3
BHR,1990,"Occupational particulate matter, gases, and fumes",Bahrain,7.163875003,188.270831,Bahrain,40.57684986,9342.538914,68.5869119,514797,2.115398997,NA,90.02418979,3592.775465,Bahrain,6.337029515,3
BHR,1990,Occupational risks,Bahrain,8.728471933,300.6280204,Bahrain,40.57684986,9342.538914,68.5869119,514797,2.115398997,NA,90.02418979,3592.775465,Bahrain,3.288015881,3
BHR,1991,Occupational asthmagens,Bahrain,1.504048429,111.6933449,Bahrain,40.64703903,10434.1324,67.14326766,503052,2.11292829,NA,95.23726072,3744.185176,Bahrain,18.0659607,3
BHR,1991,Occupational carcinogens,Bahrain,0.122883083,5.099950516,Bahrain,40.64703903,10434.1324,67.14326766,503052,2.11292829,NA,95.23726072,3744.185176,Bahrain,1.4601223,3
BHR,1991,"Occupational particulate matter, gases, and fumes",Bahrain,7.626648296,198.5630472,Bahrain,40.64703903,10434.1324,67.14326766,503052,2.11292829,NA,95.23726072,3744.185176,Bahrain,6.345559246,3
BHR,1991,Occupational risks,Bahrain,9.253579809,315.3563426,Bahrain,40.64703903,10434.1324,67.14326766,503052,2.11292829,NA,95.23726072,3744.185176,Bahrain,3.320208995,3
BHR,1992,Occupational asthmagens,Bahrain,1.519693361,112.8326042,Bahrain,40.68933159,10460.15832,66.0241209,516458,2.13227421,NA,98.2078763,3847.526288,Bahrain,17.7518647,3
BHR,1992,Occupational carcinogens,Bahrain,0.126747758,5.26047612,Bahrain,40.68933159,10460.15832,66.0241209,516458,2.13227421,NA,98.2078763,3847.526288,Bahrain,1.434674306,3
BHR,1992,"Occupational particulate matter, gases, and fumes",Bahrain,7.793465533,203.6085056,Bahrain,40.68933159,10460.15832,66.0241209,516458,2.13227421,NA,98.2078763,3847.526288,Bahrain,6.320325181,3
BHR,1992,Occupational risks,Bahrain,9.439906652,321.7015859,Bahrain,40.68933159,10460.15832,66.0241209,516458,2.13227421,NA,98.2078763,3847.526288,Bahrain,3.269078932,3
BHR,1993,Occupational asthmagens,Bahrain,1.539376401,114.0737899,Bahrain,40.71292392,11151.8715,65.22661342,530225,2.170983255,NA,99.96473525,3926.985033,Bahrain,17.44264417,3
BHR,1993,Occupational carcinogens,Bahrain,0.129880267,5.431563257,Bahrain,40.71292392,11151.8715,65.22661342,530225,2.170983255,NA,99.96473525,3926.985033,Bahrain,1.410009261,3
BHR,1993,"Occupational particulate matter, gases, and fumes",Bahrain,7.847468737,207.1850362,Bahrain,40.71292392,11151.8715,65.22661342,530225,2.170983255,NA,99.96473525,3926.985033,Bahrain,6.28668144,3
BHR,1993,Occupational risks,Bahrain,9.516725406,326.6903893,Bahrain,40.71292392,11151.8715,65.22661342,530225,2.170983255,NA,99.96473525,3926.985033,Bahrain,3.218585868,3
BHR,1994,Occupational asthmagens,Bahrain,1.590397685,116.0731578,Bahrain,40.73999097,11629.35952,64.74788702,544366,2.216187503,NA,105.7467362,4076.11176,Bahrain,17.12339134,3
BHR,1994,Occupational carcinogens,Bahrain,0.137999038,5.699304706,Bahrain,40.73999097,11629.35952,64.74788702,544366,2.216187503,NA,105.7467362,4076.11176,Bahrain,1.38380164,3
BHR,1994,"Occupational particulate matter, gases, and fumes",Bahrain,8.337782505,218.0650996,Bahrain,40.73999097,11629.35952,64.74788702,544366,2.216187503,NA,105.7467362,4076.11176,Bahrain,6.249585978,3
BHR,1994,Occupational risks,Bahrain,10.06617923,339.8375621,Bahrain,40.73999097,11629.35952,64.74788702,544366,2.216187503,NA,105.7467362,4076.11176,Bahrain,3.165731648,3
BHR,1995,Occupational asthmagens,Bahrain,1.618836149,117.3420749,Bahrain,40.77100854,11900.93178,64.58508349,558879,2.256490825,NA,110.0258968,4175.775452,Bahrain,16.87656372,3
BHR,1995,Occupational carcinogens,Bahrain,0.150816079,6.097626123,Bahrain,40.77100854,11900.93178,64.58508349,558879,2.256490825,NA,110.0258968,4175.775452,Bahrain,1.359972957,3
BHR,1995,"Occupational particulate matter, gases, and fumes",Bahrain,8.81289204,227.6591809,Bahrain,40.77100854,11900.93178,64.58508349,558879,2.256490825,NA,110.0258968,4175.775452,Bahrain,6.206052952,3
BHR,1995,Occupational risks,Bahrain,10.58254427,351.098882,Bahrain,40.77100854,11900.93178,64.58508349,558879,2.256490825,NA,110.0258968,4175.775452,Bahrain,3.120620665,3
BHR,1996,Occupational asthmagens,Bahrain,1.630243479,118.7968294,Bahrain,40.80444566,12091.78022,64.84243184,573792,2.280916803,NA,112.8335874,4245.747783,Bahrain,16.71610684,3
BHR,1996,Occupational carcinogens,Bahrain,0.155726103,6.26381584,Bahrain,40.80444566,12091.78022,64.84243184,573792,2.280916803,NA,112.8335874,4245.747783,Bahrain,1.347545684,3
BHR,1996,"Occupational particulate matter, gases, and fumes",Bahrain,9.066914492,232.7978832,Bahrain,40.80444566,12091.78022,64.84243184,573792,2.280916803,NA,112.8335874,4245.747783,Bahrain,6.143126161,3
BHR,1996,Occupational risks,Bahrain,10.85288407,357.8585284,Bahrain,40.80444566,12091.78022,64.84243184,573792,2.280916803,NA,112.8335874,4245.747783,Bahrain,3.090238264,3
BHR,1997,Occupational asthmagens,Bahrain,1.628638219,119.0504102,Bahrain,40.83829456,12254.66626,65.52672467,589115,2.284757334,NA,115.9531554,4330.227419,Bahrain,16.34871959,3
BHR,1997,Occupational carcinogens,Bahrain,0.166460197,6.582209751,Bahrain,40.83829456,12254.66626,65.52672467,589115,2.284757334,NA,115.9531554,4330.227419,Bahrain,1.314520776,3
BHR,1997,"Occupational particulate matter, gases, and fumes",Bahrain,9.356977372,238.4692286,Bahrain,40.83829456,12254.66626,65.52672467,589115,2.284757334,NA,115.9531554,4330.227419,Bahrain,6.063677799,3
BHR,1997,Occupational risks,Bahrain,11.15207579,364.1018486,Bahrain,40.83829456,12254.66626,65.52672467,589115,2.284757334,NA,115.9531554,4330.227419,Bahrain,3.023955174,3
BHR,1998,Occupational asthmagens,Bahrain,1.638916994,120.5993203,Bahrain,40.87043835,11625.03438,66.48894924,604842,2.271035287,NA,120.8922315,4464.678519,Bahrain,16.27986867,3
BHR,1998,Occupational carcinogens,Bahrain,0.145259365,5.996235685,Bahrain,40.87043835,11625.03438,66.48894924,604842,2.271035287,NA,120.8922315,4464.678519,Bahrain,1.306862421,3
BHR,1998,"Occupational particulate matter, gases, and fumes",Bahrain,9.808469497,248.4569157,Bahrain,40.87043835,11625.03438,66.48894924,604842,2.271035287,NA,120.8922315,4464.678519,Bahrain,6.00812655,3
BHR,1998,Occupational risks,Bahrain,11.59264586,375.0524717,Bahrain,40.87043835,11625.03438,66.48894924,604842,2.271035287,NA,120.8922315,4464.678519,Bahrain,3.007032836,3
BHR,1999,Occupational asthmagens,Bahrain,1.631393952,122.0496912,Bahrain,40.89952247,12123.35347,67.5800928,620989,2.258279122,NA,119.8517328,4475.759024,Bahrain,16.23622963,3
BHR,1999,Occupational carcinogens,Bahrain,0.13480657,5.781560302,Bahrain,40.89952247,12123.35347,67.5800928,620989,2.258279122,NA,119.8517328,4475.759024,Bahrain,1.299192398,3
BHR,1999,"Occupational particulate matter, gases, and fumes",Bahrain,9.590227854,245.2776129,Bahrain,40.89952247,12123.35347,67.5800928,620989,2.258279122,NA,119.8517328,4475.759024,Bahrain,5.990983044,3
BHR,1999,Occupational risks,Bahrain,11.35642838,373.1088643,Bahrain,40.89952247,12123.35347,67.5800928,620989,2.258279122,NA,119.8517328,4475.759024,Bahrain,2.995401807,3
BHR,2000,Occupational asthmagens,Bahrain,1.658759306,126.1268463,Bahrain,40.92684967,14214.48368,68.6511426,637582,2.249916179,22.2,119.8434344,4522.392445,Bahrain,16.48920694,3
BHR,2000,Occupational carcinogens,Bahrain,0.132729261,5.817453689,Bahrain,40.92684967,14214.48368,68.6511426,637582,2.249916179,22.2,119.8434344,4522.392445,Bahrain,1.325996898,3
BHR,2000,"Occupational particulate matter, gases, and fumes",Bahrain,9.456454046,244.8401272,Bahrain,40.92684967,14214.48368,68.6511426,637582,2.249916179,22.2,119.8434344,4522.392445,Bahrain,6.021554652,3
BHR,2000,Occupational risks,Bahrain,11.24794261,376.7844272,Bahrain,40.92684967,14214.48368,68.6511426,637582,2.249916179,22.2,119.8434344,4522.392445,Bahrain,3.041404006,3
BHR,2001,Occupational asthmagens,Bahrain,1.756414528,133.0977275,Bahrain,40.70027259,13573.23399,70.0596873,661316,2.222355564,NA,122.9295124,4634.947048,Bahrain,16.87419872,3
BHR,2001,Occupational carcinogens,Bahrain,0.112004322,5.167648291,Bahrain,40.70027259,13573.23399,70.0596873,661316,2.222355564,NA,122.9295124,4634.947048,Bahrain,1.367063016,3
BHR,2001,"Occupational particulate matter, gases, and fumes",Bahrain,9.621968238,249.2475463,Bahrain,40.70027259,13573.23399,70.0596873,661316,2.222355564,NA,122.9295124,4634.947048,Bahrain,6.079240895,3
BHR,2001,Occupational risks,Bahrain,11.49038709,387.5129221,Bahrain,40.70027259,13573.23399,70.0596873,661316,2.222355564,NA,122.9295124,4634.947048,Bahrain,3.112640902,3
BHR,2002,Occupational asthmagens,Bahrain,1.761818749,136.5316979,Bahrain,40.18907281,13501.47088,71.9559586,710553,2.182604967,NA,126.4436959,4754.881315,Bahrain,16.80852993,3
BHR,2002,Occupational carcinogens,Bahrain,0.114549354,5.271607448,Bahrain,40.18907281,13501.47088,71.9559586,710553,2.182604967,NA,126.4436959,4754.881315,Bahrain,1.370533198,3
BHR,2002,"Occupational particulate matter, gases, and fumes",Bahrain,9.935044033,256.2100602,Bahrain,40.18907281,13501.47088,71.9559586,710553,2.182604967,NA,126.4436959,4754.881315,Bahrain,6.060193407,3
BHR,2002,Occupational risks,Bahrain,11.81141214,398.0133655,Bahrain,40.18907281,13501.47088,71.9559586,710553,2.182604967,NA,126.4436959,4754.881315,Bahrain,3.10907611,3
BHR,2003,Occupational asthmagens,Bahrain,1.859019371,146.8645228,Bahrain,39.68444732,14486.0269,73.87990835,764517,2.157218998,NA,135.3343951,5043.463327,Bahrain,17.01239649,3
BHR,2003,Occupational carcinogens,Bahrain,0.137854682,6.118372823,Bahrain,39.68444732,14486.0269,73.87990835,764517,2.157218998,NA,135.3343951,5043.463327,Bahrain,1.394692629,3
BHR,2003,"Occupational particulate matter, gases, and fumes",Bahrain,10.88647839,277.5225389,Bahrain,39.68444732,14486.0269,73.87990835,764517,2.157218998,NA,135.3343951,5043.463327,Bahrain,6.005926123,3
BHR,2003,Occupational risks,Bahrain,12.88335245,430.5054345,Bahrain,39.68444732,14486.0269,73.87990835,764517,2.157218998,NA,135.3343951,5043.463327,Bahrain,3.143658454,3
BHR,2004,Occupational asthmagens,Bahrain,1.924495343,158.8236461,Bahrain,39.26124745,15963.94932,75.37148836,823741,2.148794756,NA,142.0948055,5326.929146,Bahrain,17.32505639,3
BHR,2004,Occupational carcinogens,Bahrain,0.216283311,8.803543735,Bahrain,39.26124745,15963.94932,75.37148836,823741,2.148794756,NA,142.0948055,5326.929146,Bahrain,1.42521651,3
BHR,2004,"Occupational particulate matter, gases, and fumes",Bahrain,11.43351841,292.5804329,Bahrain,39.26124745,15963.94932,75.37148836,823741,2.148794756,NA,142.0948055,5326.929146,Bahrain,5.976880998,3
BHR,2004,Occupational risks,Bahrain,13.57429706,460.2076228,Bahrain,39.26124745,15963.94932,75.37148836,823741,2.148794756,NA,142.0948055,5326.929146,Bahrain,3.195568382,3
BHR,2005,Occupational asthmagens,Bahrain,1.946719521,169.4538051,Bahrain,38.90497886,17966.16578,75.97065049,888822,2.144264876,20,146.3393775,5571.059866,Bahrain,17.63503796,3
BHR,2005,Occupational carcinogens,Bahrain,0.280879393,11.12482102,Bahrain,38.90497886,17966.16578,75.97065049,888822,2.144264876,20,146.3393775,5571.059866,Bahrain,1.461257435,3
BHR,2005,"Occupational particulate matter, gases, and fumes",Bahrain,11.782394,304.5086923,Bahrain,38.90497886,17966.16578,75.97065049,888822,2.144264876,20,146.3393775,5571.059866,Bahrain,6.029864119,3
BHR,2005,Occupational risks,Bahrain,14.00999292,485.0873184,Bahrain,38.90497886,17966.16578,75.97065049,888822,2.144264876,20,146.3393775,5571.059866,Bahrain,3.259121026,3
BHR,2006,Occupational asthmagens,Bahrain,1.942666482,178.9846489,Bahrain,38.60299995,19267.28262,74.65280846,960424,2.131672662,NA,146.3830515,5733.903306,Bahrain,18.05600131,3
BHR,2006,Occupational carcinogens,Bahrain,0.345372355,13.53274381,Bahrain,38.60299995,19267.28262,74.65280846,960424,2.131672662,NA,146.3830515,5733.903306,Bahrain,1.522811803,3
BHR,2006,"Occupational particulate matter, gases, and fumes",Bahrain,11.79129889,311.7818842,Bahrain,38.60299995,19267.28262,74.65280846,960424,2.131672662,NA,146.3830515,5733.903306,Bahrain,6.169101048,3
BHR,2006,Occupational risks,Bahrain,14.07933773,504.2992769,Bahrain,38.60299995,19267.28262,74.65280846,960424,2.131672662,NA,146.3830515,5733.903306,Bahrain,3.359816942,3
BHR,2007,Occupational asthmagens,Bahrain,1.935485592,188.1532495,Bahrain,38.34453213,20908.40425,71.51083505,1039295,2.115320052,NA,145.9729582,5889.457013,Bahrain,18.47236868,3
BHR,2007,Occupational carcinogens,Bahrain,0.4021484,15.7480343,Bahrain,38.34453213,20908.40425,71.51083505,1039295,2.115320052,NA,145.9729582,5889.457013,Bahrain,1.5916785,3
BHR,2007,"Occupational particulate matter, gases, and fumes",Bahrain,11.7729496,318.887307,Bahrain,38.34453213,20908.40425,71.51083505,1039295,2.115320052,NA,145.9729582,5889.457013,Bahrain,6.296621457,3
BHR,2007,Occupational risks,Bahrain,14.11058359,522.7885908,Bahrain,38.34453213,20908.40425,71.51083505,1039295,2.115320052,NA,145.9729582,5889.457013,Bahrain,3.46441925,3
BHR,2008,Occupational asthmagens,Bahrain,1.938450882,198.9550998,Bahrain,38.11935962,23299.49928,67.76087069,1103496,2.105845963,NA,146.1530074,6083.503535,Bahrain,18.91384339,3
BHR,2008,Occupational carcinogens,Bahrain,0.453492385,17.94971931,Bahrain,38.11935962,23299.49928,67.76087069,1103496,2.105845963,NA,146.1530074,6083.503535,Bahrain,1.658597267,3
BHR,2008,"Occupational particulate matter, gases, and fumes",Bahrain,11.74674213,327.6720702,Bahrain,38.11935962,23299.49928,67.76087069,1103496,2.105845963,NA,146.1530074,6083.503535,Bahrain,6.416919636,3
BHR,2008,Occupational risks,Bahrain,14.1386854,544.5768892,Bahrain,38.11935962,23299.49928,67.76087069,1103496,2.105845963,NA,146.1530074,6083.503535,Bahrain,3.569000345,3
BHR,2009,Occupational asthmagens,Bahrain,1.917494563,208.5669602,Bahrain,37.91442246,19465.31407,64.61905577,1178415,2.108219335,NA,144.7738512,6237.66202,Bahrain,19.25426216,3
BHR,2009,Occupational carcinogens,Bahrain,0.512776456,20.3678372,Bahrain,37.91442246,19465.31407,64.61905577,1178415,2.108219335,NA,144.7738512,6237.66202,Bahrain,1.700003997,3
BHR,2009,"Occupational particulate matter, gases, and fumes",Bahrain,11.52796261,332.6782926,Bahrain,37.91442246,19465.31407,64.61905577,1178415,2.108219335,NA,144.7738512,6237.66202,Bahrain,6.552399145,3
BHR,2009,Occupational risks,Bahrain,13.95823363,561.61309,Bahrain,37.91442246,19465.31407,64.61905577,1178415,2.108219335,NA,144.7738512,6237.66202,Bahrain,3.645646977,3
BHR,2010,Occupational asthmagens,Bahrain,1.888286392,214.6333299,Bahrain,37.84185209,21819.32911,63.3015307,1228543,2.150474266,18.1,143.954689,6356.085118,Bahrain,19.52494349,3
BHR,2010,Occupational carcinogens,Bahrain,0.55869411,22.17319075,Bahrain,37.84185209,21819.32911,63.3015307,1228543,2.150474266,18.1,143.954689,6356.085118,Bahrain,1.710419034,3
BHR,2010,"Occupational particulate matter, gases, and fumes",Bahrain,11.30848614,336.8834679,Bahrain,37.84185209,21819.32911,63.3015307,1228543,2.150474266,18.1,143.954689,6356.085118,Bahrain,6.721230558,3
BHR,2010,Occupational risks,Bahrain,13.75546664,573.6899885,Bahrain,37.84185209,21819.32911,63.3015307,1228543,2.150474266,18.1,143.954689,6356.085118,Bahrain,3.695670962,3
BHR,2011,Occupational asthmagens,Bahrain,1.860983512,214.6955275,Bahrain,37.69308411,25032.78677,66.7273264,1195020,2.235176444,NA,142.7910374,6422.218567,Bahrain,19.63256445,3
BHR,2011,Occupational carcinogens,Bahrain,0.595199259,23.81218025,Bahrain,37.69308411,25032.78677,66.7273264,1195020,2.235176444,NA,142.7910374,6422.218567,Bahrain,1.69915744,3
BHR,2011,"Occupational particulate matter, gases, and fumes",Bahrain,10.97893454,337.9569905,Bahrain,37.69308411,25032.78677,66.7273264,1195020,2.235176444,NA,142.7910374,6422.218567,Bahrain,6.887978509,3
BHR,2011,Occupational risks,Bahrain,13.43511731,576.4646983,Bahrain,37.69308411,25032.78677,66.7273264,1195020,2.235176444,NA,142.7910374,6422.218567,Bahrain,3.714067916,3
BHR,2012,Occupational asthmagens,Bahrain,1.797191624,209.3982284,Bahrain,37.30188941,26438.67332,70.0606736,1208964,2.302756797,NA,140.3011154,6437.178193,Bahrain,19.51007584,3
BHR,2012,Occupational carcinogens,Bahrain,0.618510242,25.03918174,Bahrain,37.30188941,26438.67332,70.0606736,1208964,2.302756797,NA,140.3011154,6437.178193,Bahrain,1.677288806,3
BHR,2012,"Occupational particulate matter, gases, and fumes",Bahrain,10.58085328,336.1175654,Bahrain,37.30188941,26438.67332,70.0606736,1208964,2.302756797,NA,140.3011154,6437.178193,Bahrain,6.991717608,3
BHR,2012,Occupational risks,Bahrain,12.99655515,570.5549755,Bahrain,37.30188941,26438.67332,70.0606736,1208964,2.302756797,NA,140.3011154,6437.178193,Bahrain,3.696611906,3
BHR,2013,Occupational asthmagens,Bahrain,1.748531017,203.5914603,Bahrain,37.49569481,26989.76011,68.14470192,1253191,2.455689336,NA,139.0072179,6468.794187,Bahrain,19.40717178,3
BHR,2013,Occupational carcinogens,Bahrain,0.639914333,26.02002557,Bahrain,37.49569481,26989.76011,68.14470192,1253191,2.455689336,NA,139.0072179,6468.794187,Bahrain,1.666785599,3
BHR,2013,"Occupational particulate matter, gases, and fumes",Bahrain,10.33029924,338.0198777,Bahrain,37.49569481,26989.76011,68.14470192,1253191,2.455689336,NA,139.0072179,6468.794187,Bahrain,7.05909695,3
BHR,2013,Occupational risks,Bahrain,12.71874459,567.6313635,Bahrain,37.49569481,26989.76011,68.14470192,1253191,2.455689336,NA,139.0072179,6468.794187,Bahrain,3.685746655,3
BHR,2014,Occupational asthmagens,Bahrain,1.747591873,201.2993878,Bahrain,38.16588059,26451.79656,59.14997351,1314562,2.625399132,NA,137.5662295,6512.877442,Bahrain,19.43073945,3
BHR,2014,Occupational carcinogens,Bahrain,0.635744006,25.97458947,Bahrain,38.16588059,26451.79656,59.14997351,1314562,2.625399132,NA,137.5662295,6512.877442,Bahrain,1.674264323,3
BHR,2014,"Occupational particulate matter, gases, and fumes",Bahrain,10.31754075,344.1330677,Bahrain,38.16588059,26451.79656,59.14997351,1314562,2.625399132,NA,137.5662295,6512.877442,Bahrain,7.120830629,3
BHR,2014,Occupational risks,Bahrain,12.70087663,571.4070449,Bahrain,38.16588059,26451.79656,59.14997351,1314562,2.625399132,NA,137.5662295,6512.877442,Bahrain,3.699673273,3
BHR,2015,Occupational asthmagens,Bahrain,1.751861001,197.6730645,Bahrain,38.16880225,23734.05511,71.55949784,1370322,2.588763553,16.4,144.4244995,6660.063611,Bahrain,19.25774247,3
BHR,2015,Occupational carcinogens,Bahrain,0.666293725,26.63529455,Bahrain,38.16880225,23734.05511,71.55949784,1370322,2.588763553,16.4,144.4244995,6660.063611,Bahrain,1.649034145,3
BHR,2015,"Occupational particulate matter, gases, and fumes",Bahrain,10.925422470000001,358.9585859,Bahrain,38.16880225,23734.05511,71.55949784,1370322,2.588763553,16.4,144.4244995,6660.063611,Bahrain,7.19594771,3
BHR,2015,Occupational risks,Bahrain,13.3435772,583.266945,Bahrain,38.16880225,23734.05511,71.55949784,1370322,2.588763553,16.4,144.4244995,6660.063611,Bahrain,3.671094282,3
BHR,2016,Occupational asthmagens,Bahrain,1.791820856,196.5857779,Bahrain,37.49530464,23800.00144,64.21930353,1423726,2.537485905,NA,153.7675991,6837.328968,Bahrain,19.20553727,3
BHR,2016,Occupational carcinogens,Bahrain,0.696896883,27.16699316,Bahrain,37.49530464,23800.00144,64.21930353,1423726,2.537485905,NA,153.7675991,6837.328968,Bahrain,1.635403819,3
BHR,2016,"Occupational particulate matter, gases, and fumes",Bahrain,11.78862926,378.1499531,Bahrain,37.49530464,23800.00144,64.21930353,1423726,2.537485905,NA,153.7675991,6837.328968,Bahrain,7.288013682,3
BHR,2016,Occupational risks,Bahrain,14.277347,601.9027242,Bahrain,37.49530464,23800.00144,64.21930353,1423726,2.537485905,NA,153.7675991,6837.328968,Bahrain,3.663799698,3
BHR,2017,Occupational asthmagens,Bahrain,1.837557355,196.8660224,Bahrain,36.9528912,24784.76935,61.2374946,1501116,2.612019609,NA,161.8164936,7010.262355,Bahrain,19.19552505,3
BHR,2017,Occupational carcinogens,Bahrain,0.733896329,28.21008576,Bahrain,36.9528912,24784.76935,61.2374946,1501116,2.612019609,NA,161.8164936,7010.262355,Bahrain,1.638196939,3
BHR,2017,"Occupational particulate matter, gases, and fumes",Bahrain,12.55710366,396.2362596,Bahrain,36.9528912,24784.76935,61.2374946,1501116,2.612019609,NA,161.8164936,7010.262355,Bahrain,7.365031288,3
BHR,2017,Occupational risks,Bahrain,15.12855735,621.3123678,Bahrain,36.9528912,24784.76935,61.2374946,1501116,2.612019609,NA,161.8164936,7010.262355,Bahrain,3.671194812,3
BHR,2018,Occupational asthmagens,Bahrain,1.851727352,196.984458,Bahrain,37.14314331,26324.40665,71.88723284,1503091,2.772388691,15.2,167.6240366,7160.060814,Bahrain,19.14178459,3
BHR,2018,Occupational carcinogens,Bahrain,0.754998034,28.81441885,Bahrain,37.14314331,26324.40665,71.88723284,1503091,2.772388691,15.2,167.6240366,7160.060814,Bahrain,1.634515703,3
BHR,2018,"Occupational particulate matter, gases, and fumes",Bahrain,13.02539379,410.5755717,Bahrain,37.14314331,26324.40665,71.88723284,1503091,2.772388691,15.2,167.6240366,7160.060814,Bahrain,7.434979827,3
BHR,2018,Occupational risks,Bahrain,15.63211918,636.3744486,Bahrain,37.14314331,26324.40665,71.88723284,1503091,2.772388691,15.2,167.6240366,7160.060814,Bahrain,3.668416366,3
BHR,2019,Occupational asthmagens,Bahrain,1.876420191,198.4874637,Bahrain,37.51739113,27259.74386,59.96551749,1483756,3.004468353,15.2,176.2200809,7374.421062,Bahrain,19.15841204,3
BHR,2019,Occupational carcinogens,Bahrain,0.765194659,28.83505243,Bahrain,37.51739113,27259.74386,59.96551749,1483756,3.004468353,15.2,176.2200809,7374.421062,Bahrain,1.626487337,3
BHR,2019,"Occupational particulate matter, gases, and fumes",Bahrain,13.50803072,427.5712078,Bahrain,37.51739113,27259.74386,59.96551749,1483756,3.004468353,15.2,176.2200809,7374.421062,Bahrain,7.507759716,3
BHR,2019,Occupational risks,Bahrain,16.14964557,654.8937239,Bahrain,37.51739113,27259.74386,59.96551749,1483756,3.004468353,15.2,176.2200809,7374.421062,Bahrain,3.669170442,3
BHR,2020,Occupational asthmagens,Bahrain,1.961188143,203.1032915,Bahrain,37.68947937,24342.84446,58.49506298,1472204,3.278892465,14.9,188.0657706,7706.48742,Bahrain,19.14987628,3
BHR,2020,Occupational carcinogens,Bahrain,0.810102986,30.03419562,Bahrain,37.68947937,24342.84446,58.49506298,1472204,3.278892465,14.9,188.0657706,7706.48742,Bahrain,1.604212516,3
BHR,2020,"Occupational particulate matter, gases, and fumes",Bahrain,14.59122461,461.3677172,Bahrain,37.68947937,24342.84446,58.49506298,1472204,3.278892465,14.9,188.0657706,7706.48742,Bahrain,7.598586263,3
BHR,2020,Occupational risks,Bahrain,17.36251574,694.5052043,Bahrain,37.68947937,24342.84446,58.49506298,1472204,3.278892465,14.9,188.0657706,7706.48742,Bahrain,3.658384172,3
BHR,2021,Occupational asthmagens,Bahrain,2.069031273,207.799511,Bahrain,37.99951257,27147.80839,NA,1504365,3.464160635,NA,198.5522769,8002.723346,Bahrain,19.18352167,3
BHR,2021,Occupational carcinogens,Bahrain,0.858163448,31.17908379,Bahrain,37.99951257,27147.80839,NA,1504365,3.464160635,NA,198.5522769,8002.723346,Bahrain,1.590226151,3
BHR,2021,"Occupational particulate matter, gases, and fumes",Bahrain,15.67940647,494.3257271,Bahrain,37.99951257,27147.80839,NA,1504365,3.464160635,NA,198.5522769,8002.723346,Bahrain,7.728989673,3
BHR,2021,Occupational risks,Bahrain,18.60660119,733.304322,Bahrain,37.99951257,27147.80839,NA,1504365,3.464160635,NA,198.5522769,8002.723346,Bahrain,3.662033908,3
DJI,1990,Occupational asthmagens,Djibouti,1.689393196,99.00388034,Djibouti,50.33362725,780.4977194,37.20444289,579538,2.993588864,NA,53.65201215,3224.669987,Djibouti,13.76611864,4
DJI,1990,Occupational carcinogens,Djibouti,0.264315135,7.406551727,Djibouti,50.33362725,780.4977194,37.20444289,579538,2.993588864,NA,53.65201215,3224.669987,Djibouti,0.568647398,4
DJI,1990,"Occupational particulate matter, gases, and fumes",Djibouti,4.168776338,122.2450673,Djibouti,50.33362725,780.4977194,37.20444289,579538,2.993588864,NA,53.65201215,3224.669987,Djibouti,6.007067008,4
DJI,1990,Occupational risks,Djibouti,6.122484669,228.6554994,Djibouti,50.33362725,780.4977194,37.20444289,579538,2.993588864,NA,53.65201215,3224.669987,Djibouti,2.606775858,4
DJI,1991,Occupational asthmagens,Djibouti,1.813528326,108.61853,Djibouti,50.33212273,732.7331016,36.23316437,631092,3.016358946,NA,56.52663036,3465.109611,Djibouti,13.83577832,4
DJI,1991,Occupational carcinogens,Djibouti,0.281039188,7.914488761,Djibouti,50.33212273,732.7331016,36.23316437,631092,3.016358946,NA,56.52663036,3465.109611,Djibouti,0.57589028,4
DJI,1991,"Occupational particulate matter, gases, and fumes",Djibouti,4.387155363,129.3849467,Djibouti,50.33212273,732.7331016,36.23316437,631092,3.016358946,NA,56.52663036,3465.109611,Djibouti,5.874654052,4
DJI,1991,Occupational risks,Djibouti,6.481722877,245.9179654,Djibouti,50.33212273,732.7331016,36.23316437,631092,3.016358946,NA,56.52663036,3465.109611,Djibouti,2.60626044,4
DJI,1992,Occupational asthmagens,Djibouti,1.907439634,114.4422776,Djibouti,50.34759828,763.6592145,35.6404846,626010,3.041407519,NA,59.76907835,3670.242331,Djibouti,13.67905009,4
DJI,1992,Occupational carcinogens,Djibouti,0.298203036,8.429597283,Djibouti,50.34759828,763.6592145,35.6404846,626010,3.041407519,NA,59.76907835,3670.242331,Djibouti,0.574362223,4
DJI,1992,"Occupational particulate matter, gases, and fumes",Djibouti,4.610614619,136.3735058,Djibouti,50.34759828,763.6592145,35.6404846,626010,3.041407519,NA,59.76907835,3670.242331,Djibouti,5.884394738,4
DJI,1992,Occupational risks,Djibouti,6.816257289,259.2453807,Djibouti,50.34759828,763.6592145,35.6404846,626010,3.041407519,NA,59.76907835,3670.242331,Djibouti,2.587289674,4
DJI,1993,Occupational asthmagens,Djibouti,2.049693825,120.1564934,Djibouti,50.35726787,758.7338427,35.33384815,614245,3.068886952,NA,63.51049949,3809.85484,Djibouti,13.75979694,4
DJI,1993,Occupational carcinogens,Djibouti,0.31673392,8.981779677,Djibouti,50.35726787,758.7338427,35.33384815,614245,3.068886952,NA,63.51049949,3809.85484,Djibouti,0.576690933,4
DJI,1993,"Occupational particulate matter, gases, and fumes",Djibouti,4.856010532,143.548703,Djibouti,50.35726787,758.7338427,35.33384815,614245,3.068886952,NA,63.51049949,3809.85484,Djibouti,6.040729471,4
DJI,1993,Occupational risks,Djibouti,7.222438277,272.6869761,Djibouti,50.35726787,758.7338427,35.33384815,614245,3.068886952,NA,63.51049949,3809.85484,Djibouti,2.616987633,4
DJI,1994,Occupational asthmagens,Djibouti,1.990389971,115.9386495,Djibouti,50.34784829,784.5562074,35.2206996,626710,3.094573248,NA,63.05540347,3732.646643,Djibouti,13.85011453,4
DJI,1994,Occupational carcinogens,Djibouti,0.324288285,9.120141546,Djibouti,50.34784829,784.5562074,35.2206996,626710,3.094573248,NA,63.05540347,3732.646643,Djibouti,0.579716056,4
DJI,1994,"Occupational particulate matter, gases, and fumes",Djibouti,4.943300861,145.7520472,Djibouti,50.34784829,784.5562074,35.2206996,626710,3.094573248,NA,63.05540347,3732.646643,Djibouti,6.135559008,4
DJI,1994,Occupational risks,Djibouti,7.257979117,270.8108383,Djibouti,50.34784829,784.5562074,35.2206996,626710,3.094573248,NA,63.05540347,3732.646643,Djibouti,2.642412848,4
DJI,1995,Occupational asthmagens,Djibouti,2.173449382,124.9705955,Djibouti,50.33740131,786.2018667,35.20848348,633074,3.122383797,NA,66.58660106,3890.11456,Djibouti,13.8430263,4
DJI,1995,Occupational carcinogens,Djibouti,0.343894948,9.720451294,Djibouti,50.33740131,786.2018667,35.20848348,633074,3.122383797,NA,66.58660106,3890.11456,Djibouti,0.58503675,4
DJI,1995,"Occupational particulate matter, gases, and fumes",Djibouti,5.181289992,153.3400747,Djibouti,50.33740131,786.2018667,35.20848348,633074,3.122383797,NA,66.58660106,3890.11456,Djibouti,6.175730571,4
DJI,1995,Occupational risks,Djibouti,7.698634322,288.0311215,Djibouti,50.33740131,786.2018667,35.20848348,633074,3.122383797,NA,66.58660106,3890.11456,Djibouti,2.650782965,4
DJI,1996,Occupational asthmagens,Djibouti,2.238386859,127.862516,Djibouti,50.3245937,761.9436595,36.01479199,648348,3.14676686,NA,67.65836514,3910.730151,Djibouti,13.82153991,4
DJI,1996,Occupational carcinogens,Djibouti,0.356933051,10.07731571,Djibouti,50.3245937,761.9436595,36.01479199,648348,3.14676686,NA,67.65836514,3910.730151,Djibouti,0.586949082,4
DJI,1996,"Occupational particulate matter, gases, and fumes",Djibouti,5.322141764,157.8028629,Djibouti,50.3245937,761.9436595,36.01479199,648348,3.14676686,NA,67.65836514,3910.730151,Djibouti,6.207412351,4
DJI,1996,Occupational risks,Djibouti,7.917461674,295.7426946,Djibouti,50.3245937,761.9436595,36.01479199,648348,3.14676686,NA,67.65836514,3910.730151,Djibouti,2.653907526,4
DJI,1997,Occupational asthmagens,Djibouti,2.231048105,127.3954668,Djibouti,50.3095337,748.2328402,37.92682857,671817,3.149888176,NA,67.60905337,3892.919162,Djibouti,13.68843302,4
DJI,1997,Occupational carcinogens,Djibouti,0.367027153,10.33511104,Djibouti,50.3095337,748.2328402,37.92682857,671817,3.149888176,NA,67.60905337,3892.919162,Djibouti,0.581648627,4
DJI,1997,"Occupational particulate matter, gases, and fumes",Djibouti,5.414568444,160.9742238,Djibouti,50.3095337,748.2328402,37.92682857,671817,3.149888176,NA,67.60905337,3892.919162,Djibouti,6.203435576,4
DJI,1997,Occupational risks,Djibouti,8.012643703,298.7048017,Djibouti,50.3095337,748.2328402,37.92682857,671817,3.149888176,NA,67.60905337,3892.919162,Djibouti,2.634129556,4
DJI,1998,Occupational asthmagens,Djibouti,2.373720578,134.8201193,Djibouti,50.29377153,735.3491079,40.20645473,699352,3.14326691,NA,70.38701015,4035.181858,Djibouti,13.538169,4
DJI,1998,Occupational carcinogens,Djibouti,0.387949166,10.98567448,Djibouti,50.29377153,735.3491079,40.20645473,699352,3.14326691,NA,70.38701015,4035.181858,Djibouti,0.578343333,4
DJI,1998,"Occupational particulate matter, gases, and fumes",Djibouti,5.636333834,168.4478108,Djibouti,50.29377153,735.3491079,40.20645473,699352,3.14326691,NA,70.38701015,4035.181858,Djibouti,6.178460387,4
DJI,1998,Occupational risks,Djibouti,8.398003578,314.2536046,Djibouti,50.29377153,735.3491079,40.20645473,699352,3.14326691,NA,70.38701015,4035.181858,Djibouti,2.611129797,4
DJI,1999,Occupational asthmagens,Djibouti,2.420883235,137.5209688,Djibouti,50.27961194,740.2193098,42.11553199,724218,3.149258925,NA,71.64089595,4106.819665,Djibouti,13.34977107,4
DJI,1999,Occupational carcinogens,Djibouti,0.402895067,11.43283552,Djibouti,50.27961194,740.2193098,42.11553199,724218,3.149258925,NA,71.64089595,4106.819665,Djibouti,0.573448737,4
DJI,1999,"Occupational particulate matter, gases, and fumes",Djibouti,5.778583494,173.601433,Djibouti,50.27961194,740.2193098,42.11553199,724218,3.149258925,NA,71.64089595,4106.819665,Djibouti,6.155638006,4
DJI,1999,Occupational risks,Djibouti,8.602361797,322.5552373,Djibouti,50.27961194,740.2193098,42.11553199,724218,3.149258925,NA,71.64089595,4106.819665,Djibouti,2.58312389,4
DJI,2000,Occupational asthmagens,Djibouti,2.474849306,140.322555,Djibouti,50.26628557,737.6121836,42.91592185,747318,3.16424657,NA,73.09012216,4184.154391,Djibouti,13.19314943,4
DJI,2000,Occupational carcinogens,Djibouti,0.419167764,11.91770207,Djibouti,50.26628557,737.6121836,42.91592185,747318,3.16424657,NA,73.09012216,4184.154391,Djibouti,0.568353357,4
DJI,2000,"Occupational particulate matter, gases, and fumes",Djibouti,5.927508174,178.8968001,Djibouti,50.26628557,737.6121836,42.91592185,747318,3.16424657,NA,73.09012216,4184.154391,Djibouti,6.140178135,4
DJI,2000,Occupational risks,Djibouti,8.821525244,331.1370571,Djibouti,50.26628557,737.6121836,42.91592185,747318,3.16424657,NA,73.09012216,4184.154391,Djibouti,2.55938455,4
DJI,2001,Occupational asthmagens,Djibouti,2.529346953,143.3668284,Djibouti,50.25404732,742.1337911,42.46525859,771313,3.181069164,NA,74.14676224,4243.092971,Djibouti,13.15708543,4
DJI,2001,Occupational carcinogens,Djibouti,0.434162731,12.36303786,Djibouti,50.25404732,742.1337911,42.46525859,771313,3.181069164,NA,74.14676224,4243.092971,Djibouti,0.567932499,4
DJI,2001,"Occupational particulate matter, gases, and fumes",Djibouti,6.044716148,183.3637293,Djibouti,50.25404732,742.1337911,42.46525859,771313,3.181069164,NA,74.14676224,4243.092971,Djibouti,6.121825958,4
DJI,2001,Occupational risks,Djibouti,9.008225832,339.0935956,Djibouti,50.25404732,742.1337911,42.46525859,771313,3.181069164,NA,74.14676224,4243.092971,Djibouti,2.553329891,4
DJI,2002,Occupational asthmagens,Djibouti,2.547586253,144.4642678,Djibouti,50.24548314,743.0132704,41.38958844,795574,3.202781891,NA,75.2628512,4297.819761,Djibouti,12.96237225,4
DJI,2002,Occupational carcinogens,Djibouti,0.452640413,12.90257367,Djibouti,50.24548314,743.0132704,41.38958844,795574,3.202781891,NA,75.2628512,4297.819761,Djibouti,0.563388439,4
DJI,2002,"Occupational particulate matter, gases, and fumes",Djibouti,6.177459981,188.1857761,Djibouti,50.24548314,743.0132704,41.38958844,795574,3.202781891,NA,75.2628512,4297.819761,Djibouti,6.098856319,4
DJI,2002,Occupational risks,Djibouti,9.177686647,345.5526176,Djibouti,50.24548314,743.0132704,41.38958844,795574,3.202781891,NA,75.2628512,4297.819761,Djibouti,2.524143069,4
DJI,2003,Occupational asthmagens,Djibouti,2.50199409,142.5882957,Djibouti,50.24258806,764.6344652,40.10339083,813519,3.246820296,NA,75.86265551,4345.285939,Djibouti,12.77280384,4
DJI,2003,Occupational carcinogens,Djibouti,0.467634273,13.30665421,Djibouti,50.24258806,764.6344652,40.10339083,813519,3.246820296,NA,75.86265551,4345.285939,Djibouti,0.567337155,4
DJI,2003,"Occupational particulate matter, gases, and fumes",Djibouti,6.268217965,191.6928958,Djibouti,50.24258806,764.6344652,40.10339083,813519,3.246820296,NA,75.86265551,4345.285939,Djibouti,6.075300375,4
DJI,2003,Occupational risks,Djibouti,9.237846329,347.5878457,Djibouti,50.24258806,764.6344652,40.10339083,813519,3.246820296,NA,75.86265551,4345.285939,Djibouti,2.500492071,4
DJI,2004,Occupational asthmagens,Djibouti,2.62785649,149.0999395,Djibouti,50.24578664,806.2616529,39.02114521,826124,3.307435268,NA,79.66932218,4541.769215,Djibouti,12.65735697,4
DJI,2004,Occupational carcinogens,Djibouti,0.496510457,14.19329473,Djibouti,50.24578664,806.2616529,39.02114521,826124,3.307435268,NA,79.66932218,4541.769215,Djibouti,0.575869408,4
DJI,2004,"Occupational particulate matter, gases, and fumes",Djibouti,6.525253585,200.3263258,Djibouti,50.24578664,806.2616529,39.02114521,826124,3.307435268,NA,79.66932218,4541.769215,Djibouti,6.061808097,4
DJI,2004,Occupational risks,Djibouti,9.649620532,363.61956,Djibouti,50.24578664,806.2616529,39.02114521,826124,3.307435268,NA,79.66932218,4541.769215,Djibouti,2.490233479,4
DJI,2005,Occupational asthmagens,Djibouti,2.674489608,151.6518479,Djibouti,50.25328689,844.4483574,38.55733103,839167,3.367744442,NA,81.1155105,4600.001062,Djibouti,12.72552159,4
DJI,2005,Occupational carcinogens,Djibouti,0.515392197,14.71186253,Djibouti,50.25328689,844.4483574,38.55733103,839167,3.367744442,NA,81.1155105,4600.001062,Djibouti,0.587673645,4
DJI,2005,"Occupational particulate matter, gases, and fumes",Djibouti,6.680427068,205.645885,Djibouti,50.25328689,844.4483574,38.55733103,839167,3.367744442,NA,81.1155105,4600.001062,Djibouti,6.073674312,4
DJI,2005,Occupational risks,Djibouti,9.870308873,372.0095955,Djibouti,50.25328689,844.4483574,38.55733103,839167,3.367744442,NA,81.1155105,4600.001062,Djibouti,2.506904608,4
DJI,2006,Occupational asthmagens,Djibouti,2.699706313,153.322801,Djibouti,50.26175441,898.4646281,38.64805846,855764,3.420101804,NA,82.3755099,4654.819392,Djibouti,12.8291955,4
DJI,2006,Occupational carcinogens,Djibouti,0.532875618,15.16258638,Djibouti,50.26175441,898.4646281,38.64805846,855764,3.420101804,NA,82.3755099,4654.819392,Djibouti,0.603430905,4
DJI,2006,"Occupational particulate matter, gases, and fumes",Djibouti,6.832569513,210.7520253,Djibouti,50.26175441,898.4646281,38.64805846,855764,3.420101804,NA,82.3755099,4654.819392,Djibouti,6.097067401,4
DJI,2006,Occupational risks,Djibouti,10.06515144,379.2374127,Djibouti,50.26175441,898.4646281,38.64805846,855764,3.420101804,NA,82.3755099,4654.819392,Djibouti,2.53046681,4
DJI,2007,Occupational asthmagens,Djibouti,2.782114282,157.7481891,Djibouti,50.27060342,969.5732202,38.95662273,874528,3.470445469,NA,85.52660348,4792.175562,Djibouti,12.80058253,4
DJI,2007,Occupational carcinogens,Djibouti,0.558349884,15.8878184,Djibouti,50.27060342,969.5732202,38.95662273,874528,3.470445469,NA,85.52660348,4792.175562,Djibouti,0.611589321,4
DJI,2007,"Occupational particulate matter, gases, and fumes",Djibouti,7.119258558,219.7305112,Djibouti,50.27060342,969.5732202,38.95662273,874528,3.470445469,NA,85.52660348,4792.175562,Djibouti,6.117893226,4
DJI,2007,Occupational risks,Djibouti,10.45972272,393.3665188,Djibouti,50.27060342,969.5732202,38.95662273,874528,3.470445469,NA,85.52660348,4792.175562,Djibouti,2.530847979,4
DJI,2008,Occupational asthmagens,Djibouti,2.831170871,160.5781506,Djibouti,50.28015064,1119.152333,39.48828088,892734,3.527648509,NA,88.27159606,4905.110194,Djibouti,12.76109826,4
DJI,2008,Occupational carcinogens,Djibouti,0.582849071,16.55872907,Djibouti,50.28015064,1119.152333,39.48828088,892734,3.527648509,NA,88.27159606,4905.110194,Djibouti,0.620716604,4
DJI,2008,"Occupational particulate matter, gases, and fumes",Djibouti,7.410245636,228.7686353,Djibouti,50.28015064,1119.152333,39.48828088,892734,3.527648509,NA,88.27159606,4905.110194,Djibouti,6.142158425,4
DJI,2008,Occupational risks,Djibouti,10.82426558,405.905515,Djibouti,50.28015064,1119.152333,39.48828088,892734,3.527648509,NA,88.27159606,4905.110194,Djibouti,2.531060043,4
DJI,2009,Occupational asthmagens,Djibouti,2.872550755,163.0470314,Djibouti,50.28852652,1150.937586,40.24828994,911527,3.592433356,NA,91.23086121,5024.477534,Djibouti,12.76634017,4
DJI,2009,Occupational carcinogens,Djibouti,0.610324592,17.28001146,Djibouti,50.28852652,1150.937586,40.24828994,911527,3.592433356,NA,91.23086121,5024.477534,Djibouti,0.630183986,4
DJI,2009,"Occupational particulate matter, gases, and fumes",Djibouti,7.746020557,238.8996444,Djibouti,50.28852652,1150.937586,40.24828994,911527,3.592433356,NA,91.23086121,5024.477534,Djibouti,6.165119631,4
DJI,2009,Occupational risks,Djibouti,11.2288959,419.2266873,Djibouti,50.28852652,1150.937586,40.24828994,911527,3.592433356,NA,91.23086121,5024.477534,Djibouti,2.537254152,4
DJI,2010,Occupational asthmagens,Djibouti,3.054317858,172.2544486,Djibouti,50.29572632,1213.233526,41.24190694,930251,3.666696587,NA,95.88399715,5215.271632,Djibouti,13.01718806,4
DJI,2010,Occupational carcinogens,Djibouti,0.647398669,18.30895351,Djibouti,50.29572632,1213.233526,41.24190694,930251,3.666696587,NA,95.88399715,5215.271632,Djibouti,0.651500941,4
DJI,2010,"Occupational particulate matter, gases, and fumes",Djibouti,8.1804973,251.9572837,Djibouti,50.29572632,1213.233526,41.24190694,930251,3.666696587,NA,95.88399715,5215.271632,Djibouti,6.192215577,4
DJI,2010,Occupational risks,Djibouti,11.88221383,442.5206858,Djibouti,50.29572632,1213.233526,41.24190694,930251,3.666696587,NA,95.88399715,5215.271632,Djibouti,2.582691048,4
DJI,2011,Occupational asthmagens,Djibouti,3.188865353,178.9547738,Djibouti,50.30240671,1306.345528,44.85043435,948558,3.748428535,NA,99.77955011,5361.83526,Djibouti,13.18411714,4
DJI,2011,Occupational carcinogens,Djibouti,0.680569614,19.21104266,Djibouti,50.30240671,1306.345528,44.85043435,948558,3.748428535,NA,99.77955011,5361.83526,Djibouti,0.670902691,4
DJI,2011,"Occupational particulate matter, gases, and fumes",Djibouti,8.566218067,263.8787275,Djibouti,50.30240671,1306.345528,44.85043435,948558,3.748428535,NA,99.77955011,5361.83526,Djibouti,6.222841499,4
DJI,2011,Occupational risks,Djibouti,12.43565303,462.0445439,Djibouti,50.30240671,1306.345528,44.85043435,948558,3.748428535,NA,99.77955011,5361.83526,Djibouti,2.616382052,4
DJI,2012,Occupational asthmagens,Djibouti,3.305335761,184.3668835,Djibouti,50.30902604,1400.193579,49.94589026,966747,3.837351532,NA,103.511697,5493.450941,Djibouti,13.35581814,4
DJI,2012,Occupational carcinogens,Djibouti,0.712974561,20.07358823,Djibouti,50.30902604,1400.193579,49.94589026,966747,3.837351532,NA,103.511697,5493.450941,Djibouti,0.688316932,4
DJI,2012,"Occupational particulate matter, gases, and fumes",Djibouti,8.944576685,275.9054602,Djibouti,50.30902604,1400.193579,49.94589026,966747,3.837351532,NA,103.511697,5493.450941,Djibouti,6.258339334,4
DJI,2012,Occupational risks,Djibouti,12.96288701,480.3459319,Djibouti,50.30902604,1400.193579,49.94589026,966747,3.837351532,NA,103.511697,5493.450941,Djibouti,2.649748494,4
DJI,2013,Occupational asthmagens,Djibouti,3.419627019,189.5884464,Djibouti,50.31645216,2074.296689,47.87596036,984824,3.932985014,NA,107.311162,5615.612213,Djibouti,13.59806014,4
DJI,2013,Occupational carcinogens,Djibouti,0.745283022,20.90227588,Djibouti,50.31645216,2074.296689,47.87596036,984824,3.932985014,NA,107.311162,5615.612213,Djibouti,0.706243338,4
DJI,2013,"Occupational particulate matter, gases, and fumes",Djibouti,9.349527481,288.6026791,Djibouti,50.31645216,2074.296689,47.87596036,984824,3.932985014,NA,107.311162,5615.612213,Djibouti,6.302566678,4
DJI,2013,Occupational risks,Djibouti,13.51443752,499.0934014,Djibouti,50.31645216,2074.296689,47.87596036,984824,3.932985014,NA,107.311162,5615.612213,Djibouti,2.692549314,4
DJI,2014,Occupational asthmagens,Djibouti,3.450523231,190.6013579,Djibouti,50.32506679,2208.678103,42.84276234,1002717,4.032391975,NA,110.350837,5685.942761,Djibouti,13.73733194,4
DJI,2014,Occupational carcinogens,Djibouti,0.77647668,21.64650975,Djibouti,50.32506679,2208.678103,42.84276234,1002717,4.032391975,NA,110.350837,5685.942761,Djibouti,0.722126421,4
DJI,2014,"Occupational particulate matter, gases, and fumes",Djibouti,9.762657615,301.2978095,Djibouti,50.32506679,2208.678103,42.84276234,1002717,4.032391975,NA,110.350837,5685.942761,Djibouti,6.35399273,4
DJI,2014,Occupational risks,Djibouti,13.98965753,513.5456772,Djibouti,50.32506679,2208.678103,42.84276234,1002717,4.032391975,NA,110.350837,5685.942761,Djibouti,2.721313643,4
DJI,2015,Occupational asthmagens,Djibouti,3.456843836,190.4892967,Djibouti,50.33499557,2376.125547,45.16489347,1020313,4.123685575,NA,114.9526649,5846.457495,Djibouti,13.43360836,4
DJI,2015,Occupational carcinogens,Djibouti,0.816935823,22.69979354,Djibouti,50.33499557,2376.125547,45.16489347,1020313,4.123685575,NA,114.9526649,5846.457495,Djibouti,0.718618035,4
DJI,2015,"Occupational particulate matter, gases, and fumes",Djibouti,10.2420242,316.1267734,Djibouti,50.33499557,2376.125547,45.16489347,1020313,4.123685575,NA,114.9526649,5846.457495,Djibouti,6.398259151,4
DJI,2015,Occupational risks,Djibouti,14.51580386,529.3158636,Djibouti,50.33499557,2376.125547,45.16489347,1020313,4.123685575,NA,114.9526649,5846.457495,Djibouti,2.679964193,4
DJI,2016,Occupational asthmagens,Djibouti,3.612838577,198.6748234,Djibouti,50.34491332,2510.430008,44.09597154,1037653,4.200151688,NA,119.1950892,6012.971633,Djibouti,13.87887916,4
DJI,2016,Occupational carcinogens,Djibouti,0.852766593,23.59094684,Djibouti,50.34491332,2510.430008,44.09597154,1037653,4.200151688,NA,119.1950892,6012.971633,Djibouti,0.75322585,4
DJI,2016,"Occupational particulate matter, gases, and fumes",Djibouti,10.69839399,330.3908241,Djibouti,50.34491332,2510.430008,44.09597154,1037653,4.200151688,NA,119.1950892,6012.971633,Djibouti,6.44983591,4
DJI,2016,Occupational risks,Djibouti,15.16399916,552.6565943,Djibouti,50.34491332,2510.430008,44.09597154,1037653,4.200151688,NA,119.1950892,6012.971633,Djibouti,2.756836677,4
DJI,2017,Occupational asthmagens,Djibouti,3.77783879,207.2161147,Djibouti,50.35479281,2618.955211,44.08540384,1054841,4.267232819,NA,124.2411867,6201.72971,Djibouti,14.15810876,4
DJI,2017,Occupational carcinogens,Djibouti,0.896246485,24.69710183,Djibouti,50.35479281,2618.955211,44.08540384,1054841,4.267232819,NA,124.2411867,6201.72971,Djibouti,0.777064114,4
DJI,2017,"Occupational particulate matter, gases, and fumes",Djibouti,11.23608592,347.5986393,Djibouti,50.35479281,2618.955211,44.08540384,1054841,4.267232819,NA,124.2411867,6201.72971,Djibouti,6.501328503,4
DJI,2017,Occupational risks,Djibouti,15.91017119,579.5118559,Djibouti,50.35479281,2618.955211,44.08540384,1054841,4.267232819,NA,124.2411867,6201.72971,Djibouti,2.804713041,4
DJI,2018,Occupational asthmagens,Djibouti,3.795947814,208.8037439,Djibouti,50.36473197,2718.085323,43.05730569,1071882,4.333779278,NA,127.5486614,6311.138845,Djibouti,14.27438539,4
DJI,2018,Occupational carcinogens,Djibouti,0.933610963,25.5658679,Djibouti,50.36473197,2718.085323,43.05730569,1071882,4.333779278,NA,127.5486614,6311.138845,Djibouti,0.790544091,4
DJI,2018,"Occupational particulate matter, gases, and fumes",Djibouti,11.68194134,361.6195599,Djibouti,50.36473197,2718.085323,43.05730569,1071882,4.333779278,NA,127.5486614,6311.138845,Djibouti,6.550176403,4
DJI,2018,Occupational risks,Djibouti,16.41150012,595.9891717,Djibouti,50.36473197,2718.085323,43.05730569,1071882,4.333779278,NA,127.5486614,6311.138845,Djibouti,2.825200942,4
DJI,2019,Occupational asthmagens,Djibouti,3.914739175,215.565063,Djibouti,50.37457174,2837.171033,39.72185739,1088709,4.405814593,NA,132.9300992,6510.860287,Djibouti,14.39980302,4
DJI,2019,Occupational carcinogens,Djibouti,0.978730618,26.65825058,Djibouti,50.37457174,2837.171033,39.72185739,1088709,4.405814593,NA,132.9300992,6510.860287,Djibouti,0.805237619,4
DJI,2019,"Occupational particulate matter, gases, and fumes",Djibouti,12.29380905,380.703572,Djibouti,50.37457174,2837.171033,39.72185739,1088709,4.405814593,NA,132.9300992,6510.860287,Djibouti,6.60185064,4
DJI,2019,Occupational risks,Djibouti,17.18727884,622.9268856,Djibouti,50.37457174,2837.171033,39.72185739,1088709,4.405814593,NA,132.9300992,6510.860287,Djibouti,2.848741418,4
DJI,2020,Occupational asthmagens,Djibouti,3.948606457,219.1451916,Djibouti,50.38699298,2881.999245,35.92433048,1105188,4.475073709,NA,136.1149189,6664.826607,Djibouti,14.45910482,4
DJI,2020,Occupational carcinogens,Djibouti,1.011460734,27.5131796,Djibouti,50.38699298,2881.999245,35.92433048,1105188,4.475073709,NA,136.1149189,6664.826607,Djibouti,0.816315613,4
DJI,2020,"Occupational particulate matter, gases, and fumes",Djibouti,12.69003489,395.172769,Djibouti,50.38699298,2881.999245,35.92433048,1105188,4.475073709,NA,136.1149189,6664.826607,Djibouti,6.648972502,4
DJI,2020,Occupational risks,Djibouti,17.65010208,641.8311402,Djibouti,50.38699298,2881.999245,35.92433048,1105188,4.475073709,NA,136.1149189,6664.826607,Djibouti,2.861485663,4
DJI,2021,Occupational asthmagens,Djibouti,4.04993438,226.3291848,Djibouti,50.40084763,3019.693439,NA,1121248,4.541056038,NA,139.0495742,6823.303218,Djibouti,14.62625067,4
DJI,2021,Occupational carcinogens,Djibouti,1.040363151,28.36017161,Djibouti,50.40084763,3019.693439,NA,1121248,4.541056038,NA,139.0495742,6823.303218,Djibouti,0.826890013,4
DJI,2021,"Occupational particulate matter, gases, and fumes",Djibouti,13.0247208,408.5859833,Djibouti,50.40084763,3019.693439,NA,1121248,4.541056038,NA,139.0495742,6823.303218,Djibouti,6.684696889,4
DJI,2021,Occupational risks,Djibouti,18.11501833,663.2753397,Djibouti,50.40084763,3019.693439,NA,1121248,4.541056038,NA,139.0495742,6823.303218,Djibouti,2.886984039,4
EGY,1990,Occupational asthmagens,Egypt,249.4279824,12444.67607,"Egypt, Arab Rep.",49.44774028,735.982935,57.42674819,58396618,3.880889986,NA,17785.07879,822563.2807,Egypt,11.97583553,5
EGY,1990,Occupational carcinogens,Egypt,73.99486466,2263.944707,"Egypt, Arab Rep.",49.44774028,735.982935,57.42674819,58396618,3.880889986,NA,17785.07879,822563.2807,Egypt,0.738193735,5
EGY,1990,"Occupational particulate matter, gases, and fumes",Egypt,1274.51496,34918.52669,"Egypt, Arab Rep.",49.44774028,735.982935,57.42674819,58396618,3.880889986,NA,17785.07879,822563.2807,Egypt,6.23489412,5
EGY,1990,Occupational risks,Egypt,1597.937807,49627.14746,"Egypt, Arab Rep.",49.44774028,735.982935,57.42674819,58396618,3.880889986,NA,17785.07879,822563.2807,Egypt,2.386060435,5
EGY,1991,Occupational asthmagens,Egypt,248.6026568,12493.98697,"Egypt, Arab Rep.",49.37605489,622.829605,60.08160376,60028997,3.872828294,NA,17520.96604,805089.0939,Egypt,12.11307901,5
EGY,1991,Occupational carcinogens,Egypt,74.71501549,2291.755552,"Egypt, Arab Rep.",49.37605489,622.829605,60.08160376,60028997,3.872828294,NA,17520.96604,805089.0939,Egypt,0.745972886,5
EGY,1991,"Occupational particulate matter, gases, and fumes",Egypt,1280.932997,35196.30847,"Egypt, Arab Rep.",49.37605489,622.829605,60.08160376,60028997,3.872828294,NA,17520.96604,805089.0939,Egypt,6.226077068,5
EGY,1991,Occupational risks,Egypt,1604.25067,49982.05099,"Egypt, Arab Rep.",49.37605489,622.829605,60.08160376,60028997,3.872828294,NA,17520.96604,805089.0939,Egypt,2.405234325,5
EGY,1992,Occupational asthmagens,Egypt,243.5694363,12413.72897,"Egypt, Arab Rep.",49.34707517,680.7992386,62.25352702,61480660,3.873357053,NA,16971.21778,778028.3711,Egypt,12.28089905,5
EGY,1992,Occupational carcinogens,Egypt,74.42857707,2298.836253,"Egypt, Arab Rep.",49.34707517,680.7992386,62.25352702,61480660,3.873357053,NA,16971.21778,778028.3711,Egypt,0.75392912,5
EGY,1992,"Occupational particulate matter, gases, and fumes",Egypt,1262.561026,34862.31197,"Egypt, Arab Rep.",49.34707517,680.7992386,62.25352702,61480660,3.873357053,NA,16971.21778,778028.3711,Egypt,6.218386835,5
EGY,1992,Occupational risks,Egypt,1580.559039,49574.87718,"Egypt, Arab Rep.",49.34707517,680.7992386,62.25352702,61480660,3.873357053,NA,16971.21778,778028.3711,Egypt,2.428697198,5
EGY,1993,Occupational asthmagens,Egypt,251.3025537,12800.50916,"Egypt, Arab Rep.",49.31921264,740.33421740000006,63.88114201,62915681,3.878564899,NA,17167.6426,772229.2616,Egypt,12.47247773,5
EGY,1993,Occupational carcinogens,Egypt,77.11898865,2395.623596,"Egypt, Arab Rep.",49.31921264,740.33421740000006,63.88114201,62915681,3.878564899,NA,17167.6426,772229.2616,Egypt,0.760897665,5
EGY,1993,"Occupational particulate matter, gases, and fumes",Egypt,1311.346826,36198.95609,"Egypt, Arab Rep.",49.31921264,740.33421740000006,63.88114201,62915681,3.878564899,NA,17167.6426,772229.2616,Egypt,6.211582018,5
EGY,1993,Occupational risks,Egypt,1639.768369,51395.08884,"Egypt, Arab Rep.",49.31921264,740.33421740000006,63.88114201,62915681,3.878564899,NA,17167.6426,772229.2616,Egypt,2.454403353,5
EGY,1994,Occupational asthmagens,Egypt,258.6438878,13191.25869,"Egypt, Arab Rep.",49.30710209,807.3035372,64.90307275,64285589,3.892244808,NA,17287.60158,760988.4582,Egypt,12.68413713,5
EGY,1994,Occupational carcinogens,Egypt,79.82372247,2486.066096,"Egypt, Arab Rep.",49.30710209,807.3035372,64.90307275,64285589,3.892244808,NA,17287.60158,760988.4582,Egypt,0.766767471,5
EGY,1994,"Occupational particulate matter, gases, and fumes",Egypt,1359.388118,37416.90457,"Egypt, Arab Rep.",49.30710209,807.3035372,64.90307275,64285589,3.892244808,NA,17287.60158,760988.4582,Egypt,6.202205667,5
EGY,1994,Occupational risks,Egypt,1697.855728,53094.22936,"Egypt, Arab Rep.",49.30710209,807.3035372,64.90307275,64285589,3.892244808,NA,17287.60158,760988.4582,Egypt,2.481904225,5
EGY,1995,Occupational asthmagens,Egypt,257.732952,13291.71452,"Egypt, Arab Rep.",49.29843015,916.3266177,65.25794327,65652622,3.911845258,NA,16951.37498,740491.9476,Egypt,12.91744439,5
EGY,1995,Occupational carcinogens,Egypt,80.87447947,2524.458052,"Egypt, Arab Rep.",49.29843015,916.3266177,65.25794327,65652622,3.911845258,NA,16951.37498,740491.9476,Egypt,0.772134024,5
EGY,1995,"Occupational particulate matter, gases, and fumes",Egypt,1351.912493,37287.80721,"Egypt, Arab Rep.",49.29843015,916.3266177,65.25794327,65652622,3.911845258,NA,16951.37498,740491.9476,Egypt,6.189112711,5
EGY,1995,Occupational risks,Egypt,1690.519925,53103.97979,"Egypt, Arab Rep.",49.29843015,916.3266177,65.25794327,65652622,3.911845258,NA,16951.37498,740491.9476,Egypt,2.5118222,5
EGY,1996,Occupational asthmagens,Egypt,262.1333501,13620.60802,"Egypt, Arab Rep.",49.29346891,1008.976376,64.71088589,67028048,3.936813138,NA,16739.07924,718947.3247,Egypt,13.16593729,5
EGY,1996,Occupational carcinogens,Egypt,82.25058472,2585.777934,"Egypt, Arab Rep.",49.29346891,1008.976376,64.71088589,67028048,3.936813138,NA,16739.07924,718947.3247,Egypt,0.777800424,5
EGY,1996,"Occupational particulate matter, gases, and fumes",Egypt,1345.540507,37497.5179,"Egypt, Arab Rep.",49.29346891,1008.976376,64.71088589,67028048,3.936813138,NA,16739.07924,718947.3247,Egypt,6.173697227,5
EGY,1996,Occupational risks,Egypt,1689.924442,53703.90385,"Egypt, Arab Rep.",49.29346891,1008.976376,64.71088589,67028048,3.936813138,NA,16739.07924,718947.3247,Egypt,2.544102329,5
EGY,1997,Occupational asthmagens,Egypt,268.7216503,13964.82024,"Egypt, Arab Rep.",49.29233643,1146.201721,63.4051112,68431740,3.966186568,NA,16817.61257,708722.0773,Egypt,13.37908047,5
EGY,1997,Occupational carcinogens,Egypt,84.18988818,2652.34469,"Egypt, Arab Rep.",49.29233643,1146.201721,63.4051112,68431740,3.966186568,NA,16817.61257,708722.0773,Egypt,0.780932769,5
EGY,1997,"Occupational particulate matter, gases, and fumes",Egypt,1369.909646,38296.44302,"Egypt, Arab Rep.",49.29233643,1146.201721,63.4051112,68431740,3.966186568,NA,16817.61257,708722.0773,Egypt,6.152556695,5
EGY,1997,Occupational risks,Egypt,1722.821184,54913.60795,"Egypt, Arab Rep.",49.29233643,1146.201721,63.4051112,68431740,3.966186568,NA,16817.61257,708722.0773,Egypt,2.570509076,5
EGY,1998,Occupational asthmagens,Egypt,267.5401181,14001.81626,"Egypt, Arab Rep.",49.28033701,1212.822598,61.84636067,69943294,3.993110476,NA,16739.71498,694304.1363,Egypt,13.58526233,5
EGY,1998,Occupational carcinogens,Egypt,84.93168467,2667.290726,"Egypt, Arab Rep.",49.28033701,1212.822598,61.84636067,69943294,3.993110476,NA,16739.71498,694304.1363,Egypt,0.78389496,5
EGY,1998,"Occupational particulate matter, gases, and fumes",Egypt,1378.353472,38383.08844,"Egypt, Arab Rep.",49.28033701,1212.822598,61.84636067,69943294,3.993110476,NA,16739.71498,694304.1363,Egypt,6.130372334,5
EGY,1998,Occupational risks,Egypt,1730.825275,55052.19543,"Egypt, Arab Rep.",49.28033701,1212.822598,61.84636067,69943294,3.993110476,NA,16739.71498,694304.1363,Egypt,2.595828818,5
EGY,1999,Occupational asthmagens,Egypt,269.5917333,14163.6425,"Egypt, Arab Rep.",49.26384791,1268.309492,60.54037576,71520954,4.013727921,NA,16613.17871,683831.8647,Egypt,13.7734569,5
EGY,1999,Occupational carcinogens,Egypt,85.79077988,2690.637709,"Egypt, Arab Rep.",49.26384791,1268.309492,60.54037576,71520954,4.013727921,NA,16613.17871,683831.8647,Egypt,0.786677136,5
EGY,1999,"Occupational particulate matter, gases, and fumes",Egypt,1386.978899,38712.7897,"Egypt, Arab Rep.",49.26384791,1268.309492,60.54037576,71520954,4.013727921,NA,16613.17871,683831.8647,Egypt,6.105509277,5
EGY,1999,Occupational risks,Egypt,1742.361412,55567.0699,"Egypt, Arab Rep.",49.26384791,1268.309492,60.54037576,71520954,4.013727921,NA,16613.17871,683831.8647,Egypt,2.618484086,5
EGY,2000,Occupational asthmagens,Egypt,264.7965302,14118.27358,"Egypt, Arab Rep.",49.25552607,1366.092744,59.99289795,73083284,4.025846731,24.3,15954.48692,657456.0071,Egypt,13.95098014,5
EGY,2000,Occupational carcinogens,Egypt,84.6767324,2652.984601,"Egypt, Arab Rep.",49.25552607,1366.092744,59.99289795,73083284,4.025846731,24.3,15954.48692,657456.0071,Egypt,0.790159207,5
EGY,2000,"Occupational particulate matter, gases, and fumes",Egypt,1346.605777,37982.05369,"Egypt, Arab Rep.",49.25552607,1366.092744,59.99289795,73083284,4.025846731,24.3,15954.48692,657456.0071,Egypt,6.078148482,5
EGY,2000,Occupational risks,Egypt,1696.07904,54753.31186,"Egypt, Arab Rep.",49.25552607,1366.092744,59.99289795,73083284,4.025846731,24.3,15954.48692,657456.0071,Egypt,2.639955735,5
EGY,2001,Occupational asthmagens,Egypt,273.1519372,14564.43831,"Egypt, Arab Rep.",49.25246037,1295.137418,60.08159059,74652029,4.031367989,NA,16145.24586,650994.209,Egypt,14.08792164,5
EGY,2001,Occupational carcinogens,Egypt,85.8118041,2688.732529,"Egypt, Arab Rep.",49.25246037,1295.137418,60.08159059,74652029,4.031367989,NA,16145.24586,650994.209,Egypt,0.792878034,5
EGY,2001,"Occupational particulate matter, gases, and fumes",Egypt,1394.063636,39267.99365,"Egypt, Arab Rep.",49.25246037,1295.137418,60.08159059,74652029,4.031367989,NA,16145.24586,650994.209,Egypt,6.049704802,5
EGY,2001,Occupational risks,Egypt,1753.027378,56521.16449,"Egypt, Arab Rep.",49.25246037,1295.137418,60.08159059,74652029,4.031367989,NA,16145.24586,650994.209,Egypt,2.655714503,5
EGY,2002,Occupational asthmagens,Egypt,256.4158312,14141.11231,"Egypt, Arab Rep.",49.25604418,1116.828846,60.33264844,76239137,4.032847329,NA,15159.48438,596258.7819,Egypt,14.1890271,5
EGY,2002,Occupational carcinogens,Egypt,80.14576929,2508.718149,"Egypt, Arab Rep.",49.25604418,1116.828846,60.33264844,76239137,4.032847329,NA,15159.48438,596258.7819,Egypt,0.79381024,5
EGY,2002,"Occupational particulate matter, gases, and fumes",Egypt,1363.350447,38305.24341,"Egypt, Arab Rep.",49.25604418,1116.828846,60.33264844,76239137,4.032847329,NA,15159.48438,596258.7819,Egypt,6.020504122,5
EGY,2002,Occupational risks,Egypt,1699.912047,54955.07387,"Egypt, Arab Rep.",49.25604418,1116.828846,60.33264844,76239137,4.032847329,NA,15159.48438,596258.7819,Egypt,2.665491668,5
EGY,2003,Occupational asthmagens,Egypt,238.3698382,13700.47653,"Egypt, Arab Rep.",49.26362702,1031.275563,60.72461002,77853548,4.025081169,NA,14058.98279,547357.3125,Egypt,14.3682546,5
EGY,2003,Occupational carcinogens,Egypt,74.59473313,2328.560209,"Egypt, Arab Rep.",49.26362702,1031.275563,60.72461002,77853548,4.025081169,NA,14058.98279,547357.3125,Egypt,0.799040652,5
EGY,2003,"Occupational particulate matter, gases, and fumes",Egypt,1307.611214,36739.6062,"Egypt, Arab Rep.",49.26362702,1031.275563,60.72461002,77853548,4.025081169,NA,14058.98279,547357.3125,Egypt,5.999071152,5
EGY,2003,Occupational risks,Egypt,1620.575786,52768.64294,"Egypt, Arab Rep.",49.26362702,1031.275563,60.72461002,77853548,4.025081169,NA,14058.98279,547357.3125,Egypt,2.688046653,5
EGY,2004,Occupational asthmagens,Egypt,219.4088174,13285.70886,"Egypt, Arab Rep.",49.2732869,991.2556891,61.23601387,79477443,4.005206207,NA,12921.88539,507042.0935,Egypt,14.57620627,5
EGY,2004,Occupational carcinogens,Egypt,70.18950431,2183.414428,"Egypt, Arab Rep.",49.2732869,991.2556891,61.23601387,79477443,4.005206207,NA,12921.88539,507042.0935,Egypt,0.808058802,5
EGY,2004,"Occupational particulate matter, gases, and fumes",Egypt,1222.620367,34670.37968,"Egypt, Arab Rep.",49.2732869,991.2556891,61.23601387,79477443,4.005206207,NA,12921.88539,507042.0935,Egypt,5.98771517,5
EGY,2004,Occupational risks,Egypt,1512.218689,50139.50297,"Egypt, Arab Rep.",49.2732869,991.2556891,61.23601387,79477443,4.005206207,NA,12921.88539,507042.0935,Egypt,2.716814696,5
EGY,2005,Occupational asthmagens,Egypt,206.1745046,13067.18654,"Egypt, Arab Rep.",49.28592499,1104.803407,61.84539851,81101004,3.97614069,24.1,12105.22672,482516.6665,Egypt,14.80169726,5
EGY,2005,Occupational carcinogens,Egypt,66.79540518,2076.636698,"Egypt, Arab Rep.",49.28592499,1104.803407,61.84539851,81101004,3.97614069,24.1,12105.22672,482516.6665,Egypt,0.820388804,5
EGY,2005,"Occupational particulate matter, gases, and fumes",Egypt,1154.432033,33116.23013,"Egypt, Arab Rep.",49.28592499,1104.803407,61.84539851,81101004,3.97614069,24.1,12105.22672,482516.6665,Egypt,5.987170462,5
EGY,2005,Occupational risks,Egypt,1427.401943,48260.05336,"Egypt, Arab Rep.",49.28592499,1104.803407,61.84539851,81101004,3.97614069,24.1,12105.22672,482516.6665,Egypt,2.750061069,5
EGY,2006,Occupational asthmagens,Egypt,201.2672653,13092.60399,"Egypt, Arab Rep.",49.30712369,1298.979002,63.78294495,82700403,3.946178473,NA,11845.72697,475204.0667,Egypt,14.9598773,5
EGY,2006,Occupational carcinogens,Egypt,65.84039981,2047.16806,"Egypt, Arab Rep.",49.30712369,1298.979002,63.78294495,82700403,3.946178473,NA,11845.72697,475204.0667,Egypt,0.830751812,5
EGY,2006,"Occupational particulate matter, gases, and fumes",Egypt,1142.572987,32966.98595,"Egypt, Arab Rep.",49.30712369,1298.979002,63.78294495,82700403,3.946178473,NA,11845.72697,475204.0667,Egypt,5.997819725,5
EGY,2006,Occupational risks,Egypt,1409.680652,48106.758,"Egypt, Arab Rep.",49.30712369,1298.979002,63.78294495,82700403,3.946178473,NA,11845.72697,475204.0667,Egypt,2.774571055,5
EGY,2007,Occupational asthmagens,Egypt,196.7086927,13144.82648,"Egypt, Arab Rep.",49.33745193,1547.741707,67.46148195,84276225,3.921954264,NA,11606.88924,469493.1802,Egypt,15.30160082,5
EGY,2007,Occupational carcinogens,Egypt,65.14208213,2019.897518,"Egypt, Arab Rep.",49.33745193,1547.741707,67.46148195,84276225,3.921954264,NA,11606.88924,469493.1802,Egypt,0.852778863,5
EGY,2007,"Occupational particulate matter, gases, and fumes",Egypt,1125.702759,32574.60246,"Egypt, Arab Rep.",49.33745193,1547.741707,67.46148195,84276225,3.921954264,NA,11606.88924,469493.1802,Egypt,6.025975673,5
EGY,2007,Occupational risks,Egypt,1387.553534,47739.32646,"Egypt, Arab Rep.",49.33745193,1547.741707,67.46148195,84276225,3.921954264,NA,11606.88924,469493.1802,Egypt,2.829274773,5
EGY,2008,Occupational asthmagens,Egypt,196.5201276,13294.04357,"Egypt, Arab Rep.",49.37132205,1896.215943,71.63351964,85864789,3.907799133,NA,11713.94933,474327.1141,Egypt,15.48932555,5
EGY,2008,Occupational carcinogens,Egypt,65.94824737,2044.433332,"Egypt, Arab Rep.",49.37132205,1896.215943,71.63351964,85864789,3.907799133,NA,11713.94933,474327.1141,Egypt,0.870062066,5
EGY,2008,"Occupational particulate matter, gases, and fumes",Egypt,1141.91596,33107.58698,"Egypt, Arab Rep.",49.37132205,1896.215943,71.63351964,85864789,3.907799133,NA,11713.94933,474327.1141,Egypt,6.065685496,5
EGY,2008,Occupational risks,Egypt,1404.384335,48446.06389,"Egypt, Arab Rep.",49.37132205,1896.215943,71.63351964,85864789,3.907799133,NA,11713.94933,474327.1141,Egypt,2.863008108,5
EGY,2009,Occupational asthmagens,Egypt,201.0546398,13585.13332,"Egypt, Arab Rep.",49.40268545,2161.639646,75.05156815,87501636,3.90865837,NA,11989.58298,485766.2443,Egypt,15.63545884,5
EGY,2009,Occupational carcinogens,Egypt,67.78162801,2104.152647,"Egypt, Arab Rep.",49.40268545,2161.639646,75.05156815,87501636,3.90865837,NA,11989.58298,485766.2443,Egypt,0.88731164,5
EGY,2009,"Occupational particulate matter, gases, and fumes",Egypt,1174.837795,34189.10569,"Egypt, Arab Rep.",49.40268545,2161.639646,75.05156815,87501636,3.90865837,NA,11989.58298,485766.2443,Egypt,6.113135844,5
EGY,2009,Occupational risks,Egypt,1443.674062,49878.39166,"Egypt, Arab Rep.",49.40268545,2161.639646,75.05156815,87501636,3.90865837,NA,11989.58298,485766.2443,Egypt,2.892421901,5
EGY,2010,Occupational asthmagens,Egypt,202.0790576,13714.52571,"Egypt, Arab Rep.",49.43274689,2455.081946,76.46813762,89196072,3.929865858,24.3,12146.54582,493845.5956,Egypt,15.69972995,5
EGY,2010,Occupational carcinogens,Egypt,69.27490406,2157.25475,"Egypt, Arab Rep.",49.43274689,2455.081946,76.46813762,89196072,3.929865858,24.3,12146.54582,493845.5956,Egypt,0.903178974,5
EGY,2010,"Occupational particulate matter, gases, and fumes",Egypt,1192.884512,34907.2571,"Egypt, Arab Rep.",49.43274689,2455.081946,76.46813762,89196072,3.929865858,24.3,12146.54582,493845.5956,Egypt,6.164544035,5
EGY,2010,Occupational risks,Egypt,1464.238473,50779.03757,"Egypt, Arab Rep.",49.43274689,2455.081946,76.46813762,89196072,3.929865858,24.3,12146.54582,493845.5956,Egypt,2.911287594,5
EGY,2011,Occupational asthmagens,Egypt,205.2925581,13853.6659,"Egypt, Arab Rep.",49.44889928,2590.643849,62.04861638,91093059,3.968255144,NA,12346.35539,502799.3587,Egypt,15.64116513,5
EGY,2011,Occupational carcinogens,Egypt,71.13157762,2220.742805,"Egypt, Arab Rep.",49.44889928,2590.643849,62.04861638,91093059,3.968255144,NA,12346.35539,502799.3587,Egypt,0.915693697,5
EGY,2011,"Occupational particulate matter, gases, and fumes",Egypt,1233.652906,36166.12372,"Egypt, Arab Rep.",49.44889928,2590.643849,62.04861638,91093059,3.968255144,NA,12346.35539,502799.3587,Egypt,6.216118812,5
EGY,2011,Occupational risks,Egypt,1510.077041,52240.53242,"Egypt, Arab Rep.",49.44889928,2590.643849,62.04861638,91093059,3.968255144,NA,12346.35539,502799.3587,Egypt,2.913628971,5
EGY,2012,Occupational asthmagens,Egypt,209.2699371,13945.81166,"Egypt, Arab Rep.",49.44994044,2996.067707,61.72475587,93161001,4.02277395,NA,12765.79525,516418.2389,Egypt,15.48729555,5
EGY,2012,Occupational carcinogens,Egypt,73.49390626,2302.175342,"Egypt, Arab Rep.",49.44994044,2996.067707,61.72475587,93161001,4.02277395,NA,12765.79525,516418.2389,Egypt,0.92300915,5
EGY,2012,"Occupational particulate matter, gases, and fumes",Egypt,1281.446887,37550.32194,"Egypt, Arab Rep.",49.44994044,2996.067707,61.72475587,93161001,4.02277395,NA,12765.79525,516418.2389,Egypt,6.264561123,5
EGY,2012,Occupational risks,Egypt,1564.21073,53798.30895,"Egypt, Arab Rep.",49.44994044,2996.067707,61.72475587,93161001,4.02277395,NA,12765.79525,516418.2389,Egypt,2.900618634,5
EGY,2013,Occupational asthmagens,Egypt,206.1286381,13740.13657,"Egypt, Arab Rep.",49.45168885,3025.525636,70.14845997,95333553,4.082748809,NA,12887.36953,520810.4873,Egypt,15.21691766,5
EGY,2013,Occupational carcinogens,Egypt,75.15580873,2338.45395,"Egypt, Arab Rep.",49.45168885,3025.525636,70.14845997,95333553,4.082748809,NA,12887.36953,520810.4873,Egypt,0.921454493,5
EGY,2013,"Occupational particulate matter, gases, and fumes",Egypt,1299.487911,38182.38753,"Egypt, Arab Rep.",49.45168885,3025.525636,70.14845997,95333553,4.082748809,NA,12887.36953,520810.4873,Egypt,6.307937399,5
EGY,2013,Occupational risks,Egypt,1580.772357,54260.97805,"Egypt, Arab Rep.",49.45168885,3025.525636,70.14845997,95333553,4.082748809,NA,12887.36953,520810.4873,Egypt,2.867396062,5
EGY,2014,Occupational asthmagens,Egypt,205.7575139,13601.20902,"Egypt, Arab Rep.",49.46054879,3133.391023,66.12149608,97528654,4.138553476,NA,13360.28938,532391.9224,Egypt,14.98603642,5
EGY,2014,Occupational carcinogens,Egypt,78.05073496,2409.217472,"Egypt, Arab Rep.",49.46054879,3133.391023,66.12149608,97528654,4.138553476,NA,13360.28938,532391.9224,Egypt,0.920705637,5
EGY,2014,"Occupational particulate matter, gases, and fumes",Egypt,1341.369862,39332.11231,"Egypt, Arab Rep.",49.46054879,3133.391023,66.12149608,97528654,4.138553476,NA,13360.28938,532391.9224,Egypt,6.34556639,5
EGY,2014,Occupational risks,Egypt,1625.178111,55342.5388,"Egypt, Arab Rep.",49.46054879,3133.391023,66.12149608,97528654,4.138553476,NA,13360.28938,532391.9224,Egypt,2.838904093,5
EGY,2015,Occupational asthmagens,Egypt,209.1246432,13658.43079,"Egypt, Arab Rep.",49.48300327,3306.981594,67.64896316,99597342,4.201294348,24.3,13772.9629,546124.4643,Egypt,14.80974503,5
EGY,2015,Occupational carcinogens,Egypt,80.47768284,2481.616097,"Egypt, Arab Rep.",49.48300327,3306.981594,67.64896316,99597342,4.201294348,24.3,13772.9629,546124.4643,Egypt,0.924200913,5
EGY,2015,"Occupational particulate matter, gases, and fumes",Egypt,1387.522932,40737.97161,"Egypt, Arab Rep.",49.48300327,3306.981594,67.64896316,99597342,4.201294348,24.3,13772.9629,546124.4643,Egypt,6.379082914,5
EGY,2015,Occupational risks,Egypt,1677.125258,56878.0185,"Egypt, Arab Rep.",49.48300327,3306.981594,67.64896316,99597342,4.201294348,24.3,13772.9629,546124.4643,Egypt,2.819787638,5
EGY,2016,Occupational asthmagens,Egypt,200.1465013,13268.41434,"Egypt, Arab Rep.",49.50316145,3270.628777,61.4577553,101644589,4.277004849,NA,13583.88098,543174.1843,Egypt,14.61643381,5
EGY,2016,Occupational carcinogens,Egypt,81.98759992,2519.005752,"Egypt, Arab Rep.",49.50316145,3270.628777,61.4577553,101644589,4.277004849,NA,13583.88098,543174.1843,Egypt,0.924809768,5
EGY,2016,"Occupational particulate matter, gases, and fumes",Egypt,1365.998693,40390.68742,"Egypt, Arab Rep.",49.50316145,3270.628777,61.4577553,101644589,4.277004849,NA,13583.88098,543174.1843,Egypt,6.407720089,5
EGY,2016,Occupational risks,Egypt,1648.132794,56178.10751,"Egypt, Arab Rep.",49.50316145,3270.628777,61.4577553,101644589,4.277004849,NA,13583.88098,543174.1843,Egypt,2.796850003,5
EGY,2017,Occupational asthmagens,Egypt,187.3571245,12787.38836,"Egypt, Arab Rep.",49.50803096,2395.103333,58.93533841,103696057,4.36669398,NA,13262.67417,537040.3055,Egypt,14.47352993,5
EGY,2017,Occupational carcinogens,Egypt,77.44545242,2380.934956,"Egypt, Arab Rep.",49.50803096,2395.103333,58.93533841,103696057,4.36669398,NA,13262.67417,537040.3055,Egypt,0.926226219,5
EGY,2017,"Occupational particulate matter, gases, and fumes",Egypt,1346.305959,40049.9129,"Egypt, Arab Rep.",49.50803096,2395.103333,58.93533841,103696057,4.36669398,NA,13262.67417,537040.3055,Egypt,6.431684554,5
EGY,2017,Occupational risks,Egypt,1611.108536,55218.23622,"Egypt, Arab Rep.",49.50803096,2395.103333,58.93533841,103696057,4.36669398,NA,13262.67417,537040.3055,Egypt,2.779832825,5
EGY,2018,Occupational asthmagens,Egypt,187.4274744,12775.74166,"Egypt, Arab Rep.",49.50781634,2484.703156,65.46313016,105682094,4.472257166,24.4,13666.95807,550211.3229,Egypt,14.41042684,5
EGY,2018,Occupational carcinogens,Egypt,78.35423691,2407.903665,"Egypt, Arab Rep.",49.50781634,2484.703156,65.46313016,105682094,4.472257166,24.4,13666.95807,550211.3229,Egypt,0.932282895,5
EGY,2018,"Occupational particulate matter, gases, and fumes",Egypt,1395.522419,41481.00639,"Egypt, Arab Rep.",49.50781634,2484.703156,65.46313016,105682094,4.472257166,24.4,13666.95807,550211.3229,Egypt,6.45113239,5
EGY,2018,Occupational risks,Egypt,1661.304131,56664.65171,"Egypt, Arab Rep.",49.50781634,2484.703156,65.46313016,105682094,4.472257166,24.4,13666.95807,550211.3229,Egypt,2.774790432,5
EGY,2019,Occupational asthmagens,Egypt,186.9653748,12862.55948,"Egypt, Arab Rep.",49.50842494,2962.98892,67.75290209,107553158,4.593528997,24.4,13961.03414,562018.8807,Egypt,14.3762541,5
EGY,2019,Occupational carcinogens,Egypt,81.30481163,2501.928918,"Egypt, Arab Rep.",49.50842494,2962.98892,67.75290209,107553158,4.593528997,24.4,13961.03414,562018.8807,Egypt,0.939298299,5
EGY,2019,"Occupational particulate matter, gases, and fumes",Egypt,1435.407725,42701.83263,"Egypt, Arab Rep.",49.50842494,2962.98892,67.75290209,107553158,4.593528997,24.4,13961.03414,562018.8807,Egypt,6.466553304,5
EGY,2019,Occupational risks,Egypt,1703.677912,58066.32103,"Egypt, Arab Rep.",49.50842494,2962.98892,67.75290209,107553158,4.593528997,24.4,13961.03414,562018.8807,Egypt,2.773543259,5
EGY,2020,Occupational asthmagens,Egypt,188.0930928,13296.84319,"Egypt, Arab Rep.",49.50968267,3511.11381,54.85870565,109315124,4.691181637,24.3,14261.16394,576378.6146,Egypt,14.3283971,5
EGY,2020,Occupational carcinogens,Egypt,84.72500432,2599.996015,"Egypt, Arab Rep.",49.50968267,3511.11381,54.85870565,109315124,4.691181637,24.3,14261.16394,576378.6146,Egypt,0.944646091,5
EGY,2020,"Occupational particulate matter, gases, and fumes",Egypt,1471.3226,43888.20751,"Egypt, Arab Rep.",49.50968267,3511.11381,54.85870565,109315124,4.691181637,24.3,14261.16394,576378.6146,Egypt,6.473269068,5
EGY,2020,Occupational risks,Egypt,1744.140697,59785.04671,"Egypt, Arab Rep.",49.50968267,3511.11381,54.85870565,109315124,4.691181637,24.3,14261.16394,576378.6146,Egypt,2.76901351,5
EGY,2021,Occupational asthmagens,Egypt,189.3205071,13500.00364,"Egypt, Arab Rep.",49.50644532,3827.354154,NA,110957008,4.740911903,NA,14474.89133,585513.363,Egypt,14.43124606,5
EGY,2021,Occupational carcinogens,Egypt,87.41991438,2676.664471,"Egypt, Arab Rep.",49.50644532,3827.354154,NA,110957008,4.740911903,NA,14474.89133,585513.363,Egypt,0.951355393,5
EGY,2021,"Occupational particulate matter, gases, and fumes",Egypt,1490.162485,44606.70137,"Egypt, Arab Rep.",49.50644532,3827.354154,NA,110957008,4.740911903,NA,14474.89133,585513.363,Egypt,6.470485626,5
EGY,2021,Occupational risks,Egypt,1766.902907,60783.36948,"Egypt, Arab Rep.",49.50644532,3827.354154,NA,110957008,4.740911903,NA,14474.89133,585513.363,Egypt,2.783969337,5
IRN,1990,Occupational asthmagens,Iran (Islamic Republic of),151.9589234,8491.004994,"Iran, Islamic Rep.",48.92767384,2137.942227,33.82191939,58380092,3.235231312,NA,7302.400762,350081.3708,Iran (Islamic Republic of),10.54037188,6
IRN,1990,Occupational carcinogens,Iran (Islamic Republic of),1.81004066,117.0866185,"Iran, Islamic Rep.",48.92767384,2137.942227,33.82191939,58380092,3.235231312,NA,7302.400762,350081.3708,Iran (Islamic Republic of),0.643452541,6
IRN,1990,"Occupational particulate matter, gases, and fumes",Iran (Islamic Republic of),455.3083351,13037.99073,"Iran, Islamic Rep.",48.92767384,2137.942227,33.82191939,58380092,3.235231312,NA,7302.400762,350081.3708,Iran (Islamic Republic of),5.464772656,6
IRN,1990,Occupational risks,Iran (Islamic Republic of),609.0772991,21646.08234,"Iran, Islamic Rep.",48.92767384,2137.942227,33.82191939,58380092,3.235231312,NA,7302.400762,350081.3708,Iran (Islamic Republic of),2.101154268,6
IRN,1991,Occupational asthmagens,Iran (Islamic Republic of),152.5677094,8605.515251,"Iran, Islamic Rep.",48.9726062,2194.439068,33.85838881,59986931,3.288412132,NA,7377.616863,351949.3806,Iran (Islamic Republic of),10.65465994,6
IRN,1991,Occupational carcinogens,Iran (Islamic Republic of),1.864230196,127.3255618,"Iran, Islamic Rep.",48.9726062,2194.439068,33.85838881,59986931,3.288412132,NA,7377.616863,351949.3806,Iran (Islamic Republic of),0.653687327,6
IRN,1991,"Occupational particulate matter, gases, and fumes",Iran (Islamic Republic of),466.6435633,13397.00496,"Iran, Islamic Rep.",48.9726062,2194.439068,33.85838881,59986931,3.288412132,NA,7377.616863,351949.3806,Iran (Islamic Republic of),5.442302263,6
IRN,1991,Occupational risks,Iran (Islamic Republic of),621.0755029,22129.84578,"Iran, Islamic Rep.",48.9726062,2194.439068,33.85838881,59986931,3.288412132,NA,7377.616863,351949.3806,Iran (Islamic Republic of),2.118972488,6
IRN,1992,Occupational asthmagens,Iran (Islamic Republic of),153.2444836,8697.071435,"Iran, Islamic Rep.",49.01069761,1957.485078,33.94895956,61184983,3.353643982,NA,7499.924689,354858.6895,Iran (Islamic Republic of),10.73886037,6
IRN,1992,Occupational carcinogens,Iran (Islamic Republic of),1.923002576,136.9325726,"Iran, Islamic Rep.",49.01069761,1957.485078,33.94895956,61184983,3.353643982,NA,7499.924689,354858.6895,Iran (Islamic Republic of),0.661159731,6
IRN,1992,"Occupational particulate matter, gases, and fumes",Iran (Islamic Republic of),479.9530424,13786.18395,"Iran, Islamic Rep.",49.01069761,1957.485078,33.94895956,61184983,3.353643982,NA,7499.924689,354858.6895,Iran (Islamic Republic of),5.433744407,6
IRN,1992,Occupational risks,Iran (Islamic Republic of),635.1205286,22620.18796,"Iran, Islamic Rep.",49.01069761,1957.485078,33.94895956,61184983,3.353643982,NA,7499.924689,354858.6895,Iran (Islamic Republic of),2.132624524,6
IRN,1993,Occupational asthmagens,Iran (Islamic Republic of),149.7827434,8542.889984,"Iran, Islamic Rep.",49.03333918,1038.109857,34.08149565,61403543,3.448592507,NA,7615.405071,355100.6894,Iran (Islamic Republic of),10.60591203,6
IRN,1993,Occupational carcinogens,Iran (Islamic Republic of),1.968711856,143.7569029,"Iran, Islamic Rep.",49.03333918,1038.109857,34.08149565,61403543,3.448592507,NA,7615.405071,355100.6894,Iran (Islamic Republic of),0.654130383,6
IRN,1993,"Occupational particulate matter, gases, and fumes",Iran (Islamic Republic of),493.0796826,14122.70527,"Iran, Islamic Rep.",49.03333918,1038.109857,34.08149565,61403543,3.448592507,NA,7615.405071,355100.6894,Iran (Islamic Republic of),5.438812749,6
IRN,1993,Occupational risks,Iran (Islamic Republic of),644.8311379,22809.35215,"Iran, Islamic Rep.",49.03333918,1038.109857,34.08149565,61403543,3.448592507,NA,7615.405071,355100.6894,Iran (Islamic Republic of),2.11247367,6
IRN,1994,Occupational asthmagens,Iran (Islamic Republic of),152.6269322,8648.838344,"Iran, Islamic Rep.",49.05534161,1167.762725,34.24386109,61520598,3.555308419,NA,7749.628549,354699.2542,Iran (Islamic Republic of),10.75916419,6
IRN,1994,Occupational carcinogens,Iran (Islamic Republic of),2.014551026,148.6422376,"Iran, Islamic Rep.",49.05534161,1167.762725,34.24386109,61520598,3.555308419,NA,7749.628549,354699.2542,Iran (Islamic Republic of),0.663905963,6
IRN,1994,"Occupational particulate matter, gases, and fumes",Iran (Islamic Republic of),506.6440356,14437.20262,"Iran, Islamic Rep.",49.05534161,1167.762725,34.24386109,61520598,3.555308419,NA,7749.628549,354699.2542,Iran (Islamic Republic of),5.44792757,6
IRN,1994,Occupational risks,Iran (Islamic Republic of),661.2855188,23234.6832,"Iran, Islamic Rep.",49.05534161,1167.762725,34.24386109,61520598,3.555308419,NA,7749.628549,354699.2542,Iran (Islamic Republic of),2.138199768,6
IRN,1995,Occupational asthmagens,Iran (Islamic Republic of),155.531066,8786.783998,"Iran, Islamic Rep.",49.08604402,1550.009596,34.4239199,62205567,3.657516698,NA,7911.341881,355797.188,Iran (Islamic Republic of),10.85735669,6
IRN,1995,Occupational carcinogens,Iran (Islamic Republic of),2.141346022,155.3216145,"Iran, Islamic Rep.",49.08604402,1550.009596,34.4239199,62205567,3.657516698,NA,7911.341881,355797.188,Iran (Islamic Republic of),0.671154401,6
IRN,1995,"Occupational particulate matter, gases, and fumes",Iran (Islamic Republic of),520.5193711,14753.31946,"Iran, Islamic Rep.",49.08604402,1550.009596,34.4239199,62205567,3.657516698,NA,7911.341881,355797.188,Iran (Islamic Republic of),5.435770122,6
IRN,1995,Occupational risks,Iran (Islamic Republic of),678.1917831,23695.42508,"Iran, Islamic Rep.",49.08604402,1550.009596,34.4239199,62205567,3.657516698,NA,7911.341881,355797.188,Iran (Islamic Republic of),2.153923818,6
IRN,1996,Occupational asthmagens,Iran (Islamic Republic of),159.3386751,9007.260013,"Iran, Islamic Rep.",49.11683679,1914.781213,34.7557611,62881300,3.769096725,NA,8085.434786,358120.6259,Iran (Islamic Republic of),11.00095894,6
IRN,1996,Occupational carcinogens,Iran (Islamic Republic of),2.18912886,159.272132,"Iran, Islamic Rep.",49.11683679,1914.781213,34.7557611,62881300,3.769096725,NA,8085.434786,358120.6259,Iran (Islamic Republic of),0.683259894,6
IRN,1996,"Occupational particulate matter, gases, and fumes",Iran (Islamic Republic of),534.2269392,15061.4562,"Iran, Islamic Rep.",49.11683679,1914.781213,34.7557611,62881300,3.769096725,NA,8085.434786,358120.6259,Iran (Islamic Republic of),5.409328339,6
IRN,1996,Occupational risks,Iran (Islamic Republic of),695.7547431,24227.98835,"Iran, Islamic Rep.",49.11683679,1914.781213,34.7557611,62881300,3.769096725,NA,8085.434786,358120.6259,Iran (Islamic Republic of),2.176523308,6
IRN,1997,Occupational asthmagens,Iran (Islamic Republic of),163.1970249,9270.311523,"Iran, Islamic Rep.",49.14965027,1790.066176,35.27973852,63639638,3.880565757,NA,8291.980229,361537.4192,Iran (Islamic Republic of),11.22968278,6
IRN,1997,Occupational carcinogens,Iran (Islamic Republic of),2.24191147,162.4352931,"Iran, Islamic Rep.",49.14965027,1790.066176,35.27973852,63639638,3.880565757,NA,8291.980229,361537.4192,Iran (Islamic Republic of),0.700135032,6
IRN,1997,"Occupational particulate matter, gases, and fumes",Iran (Islamic Republic of),549.6493139,15401.59063,"Iran, Islamic Rep.",49.14965027,1790.066176,35.27973852,63639638,3.880565757,NA,8291.980229,361537.4192,Iran (Islamic Republic of),5.388657982,6
IRN,1997,Occupational risks,Iran (Islamic Republic of),715.0882502,24834.33745,"Iran, Islamic Rep.",49.14965027,1790.066176,35.27973852,63639638,3.880565757,NA,8291.980229,361537.4192,Iran (Islamic Republic of),2.212073156,6
IRN,1998,Occupational asthmagens,Iran (Islamic Republic of),167.1502668,9555.11004,"Iran, Islamic Rep.",49.18431083,1709.193341,35.84311333,64519859,3.988349541,NA,8524.36188,365629.8094,Iran (Islamic Republic of),11.49323351,6
IRN,1998,Occupational carcinogens,Iran (Islamic Republic of),2.301273317,165.2323669,"Iran, Islamic Rep.",49.18431083,1709.193341,35.84311333,64519859,3.988349541,NA,8524.36188,365629.8094,Iran (Islamic Republic of),0.718902117,6
IRN,1998,"Occupational particulate matter, gases, and fumes",Iran (Islamic Republic of),566.780111,15783.11366,"Iran, Islamic Rep.",49.18431083,1709.193341,35.84311333,64519859,3.988349541,NA,8524.36188,365629.8094,Iran (Islamic Republic of),5.383389434,6
IRN,1998,Occupational risks,Iran (Islamic Republic of),736.2316511,25503.45607,"Iran, Islamic Rep.",49.18431083,1709.193341,35.84311333,64519859,3.988349541,NA,8524.36188,365629.8094,Iran (Islamic Republic of),2.253830658,6
IRN,1999,Occupational asthmagens,Iran (Islamic Republic of),171.1303637,9860.924679,"Iran, Islamic Rep.",49.21855842,1739.59462,36.2931467,65445391,4.09489038,NA,8777.048397,370221.7805,Iran (Islamic Republic of),11.79851746,6
IRN,1999,Occupational carcinogens,Iran (Islamic Republic of),2.368964502,168.3083132,"Iran, Islamic Rep.",49.21855842,1739.59462,36.2931467,65445391,4.09489038,NA,8777.048397,370221.7805,Iran (Islamic Republic of),0.740236397,6
IRN,1999,"Occupational particulate matter, gases, and fumes",Iran (Islamic Republic of),585.1697661,16190.4894,"Iran, Islamic Rep.",49.21855842,1739.59462,36.2931467,65445391,4.09489038,NA,8777.048397,370221.7805,Iran (Islamic Republic of),5.393979564,6
IRN,1999,Occupational risks,Iran (Islamic Republic of),758.6690943,26219.72239,"Iran, Islamic Rep.",49.21855842,1739.59462,36.2931467,65445391,4.09489038,NA,8777.048397,370221.7805,Iran (Islamic Republic of),2.302721623,6
IRN,2000,Occupational asthmagens,Iran (Islamic Republic of),175.0782135,10187.33529,"Iran, Islamic Rep.",49.25186761,1650.013858,36.47709978,66418659,4.198089124,21.5,9035.411389,375057.6209,Iran (Islamic Republic of),12.13138731,6
IRN,2000,Occupational carcinogens,Iran (Islamic Republic of),2.531380137,174.7428396,"Iran, Islamic Rep.",49.25186761,1650.013858,36.47709978,66418659,4.198089124,21.5,9035.411389,375057.6209,Iran (Islamic Republic of),0.763963636,6
IRN,2000,"Occupational particulate matter, gases, and fumes",Iran (Islamic Republic of),604.0347056,16614.71162,"Iran, Islamic Rep.",49.25186761,1650.013858,36.47709978,66418659,4.198089124,21.5,9035.411389,375057.6209,Iran (Islamic Republic of),5.417424478,6
IRN,2000,Occupational risks,Iran (Islamic Republic of),781.6442993,26976.78975,"Iran, Islamic Rep.",49.25186761,1650.013858,36.47709978,66418659,4.198089124,21.5,9035.411389,375057.6209,Iran (Islamic Republic of),2.35667359,6
IRN,2001,Occupational asthmagens,Iran (Islamic Republic of),177.7680686,10463.68461,"Iran, Islamic Rep.",49.28442379,1881.022666,36.30096767,67452005,4.299874407,NA,9272.837318,379428.4005,Iran (Islamic Republic of),12.39873749,6
IRN,2001,Occupational carcinogens,Iran (Islamic Republic of),2.562877615,178.3342375,"Iran, Islamic Rep.",49.28442379,1881.022666,36.30096767,67452005,4.299874407,NA,9272.837318,379428.4005,Iran (Islamic Republic of),0.783663717,6
IRN,2001,"Occupational particulate matter, gases, and fumes",Iran (Islamic Republic of),619.4991837,16969.75603,"Iran, Islamic Rep.",49.28442379,1881.022666,36.30096767,67452005,4.299874407,NA,9272.837318,379428.4005,Iran (Islamic Republic of),5.446489328,6
IRN,2001,Occupational risks,Iran (Islamic Republic of),799.8301299,27611.77488,"Iran, Islamic Rep.",49.28442379,1881.022666,36.30096767,67452005,4.299874407,NA,9272.837318,379428.4005,Iran (Islamic Republic of),2.40021184,6
IRN,2002,Occupational asthmagens,Iran (Islamic Republic of),178.5610482,10658.11953,"Iran, Islamic Rep.",49.3077314,1891.257561,35.88096034,68011317,4.436294036,NA,9710.042227,388484.4136,Iran (Islamic Republic of),12.54914371,6
IRN,2002,Occupational carcinogens,Iran (Islamic Republic of),2.82133832,187.8017328,"Iran, Islamic Rep.",49.3077314,1891.257561,35.88096034,68011317,4.436294036,NA,9710.042227,388484.4136,Iran (Islamic Republic of),0.796617557,6
IRN,2002,"Occupational particulate matter, gases, and fumes",Iran (Islamic Republic of),662.3935164,17930.78049,"Iran, Islamic Rep.",49.3077314,1891.257561,35.88096034,68011317,4.436294036,NA,9710.042227,388484.4136,Iran (Islamic Republic of),5.479745445,6
IRN,2002,Occupational risks,Iran (Islamic Republic of),843.7759029,28776.70175,"Iran, Islamic Rep.",49.3077314,1891.257561,35.88096034,68011317,4.436294036,NA,9710.042227,388484.4136,Iran (Islamic Republic of),2.425683769,6
IRN,2003,Occupational asthmagens,Iran (Islamic Republic of),181.2278195,10911.21643,"Iran, Islamic Rep.",49.23320697,2208.996366,35.37966126,68769340,4.558403498,NA,10170.04598,398207.0053,Iran (Islamic Republic of),12.73492854,6
IRN,2003,Occupational carcinogens,Iran (Islamic Republic of),3.371904341,204.2250746,"Iran, Islamic Rep.",49.23320697,2208.996366,35.37966126,68769340,4.558403498,NA,10170.04598,398207.0053,Iran (Islamic Republic of),0.813061777,6
IRN,2003,"Occupational particulate matter, gases, and fumes",Iran (Islamic Republic of),711.0577229,19045.96481,"Iran, Islamic Rep.",49.23320697,2208.996366,35.37966126,68769340,4.558403498,NA,10170.04598,398207.0053,Iran (Islamic Republic of),5.527116421,6
IRN,2003,Occupational risks,Iran (Islamic Republic of),895.6574467,30161.40632,"Iran, Islamic Rep.",49.23320697,2208.996366,35.37966126,68769340,4.558403498,NA,10170.04598,398207.0053,Iran (Islamic Republic of),2.459138396,6
IRN,2004,Occupational asthmagens,Iran (Islamic Republic of),183.8729878,11168.46102,"Iran, Islamic Rep.",49.07000817,2672.422665,34.95965393,70256316,4.627519894,NA,10639.03335,408624.3,Iran (Islamic Republic of),12.91955655,6
IRN,2004,Occupational carcinogens,Iran (Islamic Republic of),4.522232245,236.2188562,"Iran, Islamic Rep.",49.07000817,2672.422665,34.95965393,70256316,4.627519894,NA,10639.03335,408624.3,Iran (Islamic Republic of),0.830988625,6
IRN,2004,"Occupational particulate matter, gases, and fumes",Iran (Islamic Republic of),762.6664813,20252.3028,"Iran, Islamic Rep.",49.07000817,2672.422665,34.95965393,70256316,4.627519894,NA,10639.03335,408624.3,Iran (Islamic Republic of),5.585133469,6
IRN,2004,Occupational risks,Iran (Islamic Republic of),951.0617014,31656.98267,"Iran, Islamic Rep.",49.07000817,2672.422665,34.95965393,70256316,4.627519894,NA,10639.03335,408624.3,Iran (Islamic Republic of),2.494497471,6
IRN,2005,Occupational asthmagens,Iran (Islamic Republic of),181.489471,11226.16662,"Iran, Islamic Rep.",48.90513934,3132.050819,34.78352182,71828455,4.687435502,19,10995.48441,416419.432,Iran (Islamic Republic of),12.97228496,6
IRN,2005,Occupational carcinogens,Iran (Islamic Republic of),5.566951126,264.8847143,"Iran, Islamic Rep.",48.90513934,3132.050819,34.78352182,71828455,4.687435502,19,10995.48441,416419.432,Iran (Islamic Republic of),0.842556069,6
IRN,2005,"Occupational particulate matter, gases, and fumes",Iran (Islamic Republic of),804.8067587,21242.09523,"Iran, Islamic Rep.",48.90513934,3132.050819,34.78352182,71828455,4.687435502,19,10995.48441,416419.432,Iran (Islamic Republic of),5.648939649,6
IRN,2005,Occupational risks,Iran (Islamic Republic of),991.8631808,32733.14657,"Iran, Islamic Rep.",48.90513934,3132.050819,34.78352182,71828455,4.687435502,19,10995.48441,416419.432,Iran (Islamic Republic of),2.510548089,6
IRN,2006,Occupational asthmagens,Iran (Islamic Republic of),176.8991108,11144.11096,"Iran, Islamic Rep.",48.75686694,3618.916014,34.9942072,73392747,4.74588722,NA,11369.7245,424719.8988,Iran (Islamic Republic of),12.84816643,6
IRN,2006,Occupational carcinogens,Iran (Islamic Republic of),6.605995231,292.0747149,"Iran, Islamic Rep.",48.75686694,3618.916014,34.9942072,73392747,4.74588722,NA,11369.7245,424719.8988,Iran (Islamic Republic of),0.843883308,6
IRN,2006,"Occupational particulate matter, gases, and fumes",Iran (Islamic Republic of),847.8972679,22250.41016,"Iran, Islamic Rep.",48.75686694,3618.916014,34.9942072,73392747,4.74588722,NA,11369.7245,424719.8988,Iran (Islamic Republic of),5.713873701,6
IRN,2006,Occupational risks,Iran (Islamic Republic of),1031.402374,33686.59583,"Iran, Islamic Rep.",48.75686694,3618.916014,34.9942072,73392747,4.74588722,NA,11369.7245,424719.8988,Iran (Islamic Republic of),2.499192486,6
IRN,2007,Occupational asthmagens,Iran (Islamic Republic of),171.5655198,11047.62054,"Iran, Islamic Rep.",48.72966505,4687.991663,35.55671598,74602648,4.82830988,NA,11649.02205,430873.7719,Iran (Islamic Republic of),12.79243003,6
IRN,2007,Occupational carcinogens,Iran (Islamic Republic of),7.502876693,314.0531277,"Iran, Islamic Rep.",48.72966505,4687.991663,35.55671598,74602648,4.82830988,NA,11649.02205,430873.7719,Iran (Islamic Republic of),0.852430048,6
IRN,2007,"Occupational particulate matter, gases, and fumes",Iran (Islamic Republic of),881.2977181,23042.40307,"Iran, Islamic Rep.",48.72966505,4687.991663,35.55671598,74602648,4.82830988,NA,11649.02205,430873.7719,Iran (Islamic Republic of),5.779433114,6
IRN,2007,Occupational risks,Iran (Islamic Republic of),1060.366115,34404.07674,"Iran, Islamic Rep.",48.72966505,4687.991663,35.55671598,74602648,4.82830988,NA,11649.02205,430873.7719,Iran (Islamic Republic of),2.500656529,6
IRN,2008,Occupational asthmagens,Iran (Islamic Republic of),162.3743608,10728.17121,"Iran, Islamic Rep.",48.80118183,5377.411507,36.36672711,75514204,4.933346082,NA,11921.90407,436971.7154,Iran (Islamic Republic of),12.56732507,6
IRN,2008,Occupational carcinogens,Iran (Islamic Republic of),8.192066277,329.4952009,"Iran, Islamic Rep.",48.80118183,5377.411507,36.36672711,75514204,4.933346082,NA,11921.90407,436971.7154,Iran (Islamic Republic of),0.846992675,6
IRN,2008,"Occupational particulate matter, gases, and fumes",Iran (Islamic Republic of),912.1459367,23784.59908,"Iran, Islamic Rep.",48.80118183,5377.411507,36.36672711,75514204,4.933346082,NA,11921.90407,436971.7154,Iran (Islamic Republic of),5.839562579,6
IRN,2008,Occupational risks,Iran (Islamic Republic of),1082.712364,34842.26549,"Iran, Islamic Rep.",48.80118183,5377.411507,36.36672711,75514204,4.933346082,NA,11921.90407,436971.7154,Iran (Islamic Republic of),2.472575362,6
IRN,2009,Occupational asthmagens,Iran (Islamic Republic of),155.3653231,10481.25337,"Iran, Islamic Rep.",48.86473358,5415.522806,37.31991955,76457825,5.042516577,NA,12251.82146,443589.8801,Iran (Islamic Republic of),12.44217363,6
IRN,2009,Occupational carcinogens,Iran (Islamic Republic of),8.964207138,346.7793477,"Iran, Islamic Rep.",48.86473358,5415.522806,37.31991955,76457825,5.042516577,NA,12251.82146,443589.8801,Iran (Islamic Republic of),0.846415744,6
IRN,2009,"Occupational particulate matter, gases, and fumes",Iran (Islamic Republic of),943.8279739,24511.47801,"Iran, Islamic Rep.",48.86473358,5415.522806,37.31991955,76457825,5.042516577,NA,12251.82146,443589.8801,Iran (Islamic Republic of),5.898812559,6
IRN,2009,Occupational risks,Iran (Islamic Republic of),1108.157504,35339.51072,"Iran, Islamic Rep.",48.86473358,5415.522806,37.31991955,76457825,5.042516577,NA,12251.82146,443589.8801,Iran (Islamic Republic of),2.459483915,6
IRN,2010,Occupational asthmagens,Iran (Islamic Republic of),147.8947573,10212.49741,"Iran, Islamic Rep.",48.92256081,6291.194437,38.31197226,77420842,5.15944915,17,12608.40477,450507.491,Iran (Islamic Republic of),12.34354318,6
IRN,2010,Occupational carcinogens,Iran (Islamic Republic of),9.644861957,363.3088252,"Iran, Islamic Rep.",48.92256081,6291.194437,38.31197226,77420842,5.15944915,17,12608.40477,450507.491,Iran (Islamic Republic of),0.844519201,6
IRN,2010,"Occupational particulate matter, gases, and fumes",Iran (Islamic Republic of),977.2609633,25260.87296,"Iran, Islamic Rep.",48.92256081,6291.194437,38.31197226,77420842,5.15944915,17,12608.40477,450507.491,Iran (Islamic Republic of),5.961109678,6
IRN,2010,Occupational risks,Iran (Islamic Republic of),1134.800583,35836.6792,"Iran, Islamic Rep.",48.92256081,6291.194437,38.31197226,77420842,5.15944915,17,12608.40477,450507.491,Iran (Islamic Republic of),2.448738656,6
IRN,2011,Occupational asthmagens,Iran (Islamic Republic of),140.4907396,9898.513034,"Iran, Islamic Rep.",48.9757028,8025.687434,39.61247997,78383598,5.28817773,NA,12925.60272,456706.9239,Iran (Islamic Republic of),12.27425317,6
IRN,2011,Occupational carcinogens,Iran (Islamic Republic of),10.42982661,382.4254207,"Iran, Islamic Rep.",48.9757028,8025.687434,39.61247997,78383598,5.28817773,NA,12925.60272,456706.9239,Iran (Islamic Republic of),0.841548513,6
IRN,2011,"Occupational particulate matter, gases, and fumes",Iran (Islamic Republic of),1005.238419,25978.27043,"Iran, Islamic Rep.",48.9757028,8025.687434,39.61247997,78383598,5.28817773,NA,12925.60272,456706.9239,Iran (Islamic Republic of),6.029901911,6
IRN,2011,Occupational risks,Iran (Islamic Republic of),1156.158985,36259.20888,"Iran, Islamic Rep.",48.9757028,8025.687434,39.61247997,78383598,5.28817773,NA,12925.60272,456706.9239,Iran (Islamic Republic of),2.441115363,6
IRN,2012,Occupational asthmagens,Iran (Islamic Republic of),136.7302912,9680.95801,"Iran, Islamic Rep.",49.00704644,8114.080998,38.00776161,79370580,5.429345517,NA,13335.48626,464067.3721,Iran (Islamic Republic of),12.32407066,6
IRN,2012,Occupational carcinogens,Iran (Islamic Republic of),11.38255451,404.2955901,"Iran, Islamic Rep.",49.00704644,8114.080998,38.00776161,79370580,5.429345517,NA,13335.48626,464067.3721,Iran (Islamic Republic of),0.845135852,6
IRN,2012,"Occupational particulate matter, gases, and fumes",Iran (Islamic Republic of),1040.422884,26851.30418,"Iran, Islamic Rep.",49.00704644,8114.080998,38.00776161,79370580,5.429345517,NA,13335.48626,464067.3721,Iran (Islamic Republic of),6.10652009,6
IRN,2012,Occupational risks,Iran (Islamic Republic of),1188.53573,36936.55778,"Iran, Islamic Rep.",49.00704644,8114.080998,38.00776161,79370580,5.429345517,NA,13335.48626,464067.3721,Iran (Islamic Republic of),2.452848065,6
IRN,2013,Occupational asthmagens,Iran (Islamic Republic of),132.928242,9415.649344,"Iran, Islamic Rep.",49.01844358,6222.741948,38.75256476,80414686,5.579498287,NA,13841.38203,472538.7326,Iran (Islamic Republic of),12.30834903,6
IRN,2013,Occupational carcinogens,Iran (Islamic Republic of),12.59013969,431.1969912,"Iran, Islamic Rep.",49.01844358,6222.741948,38.75256476,80414686,5.579498287,NA,13841.38203,472538.7326,Iran (Islamic Republic of),0.842492711,6
IRN,2013,"Occupational particulate matter, gases, and fumes",Iran (Islamic Republic of),1089.565725,27934.43337,"Iran, Islamic Rep.",49.01844358,6222.741948,38.75256476,80414686,5.579498287,NA,13841.38203,472538.7326,Iran (Islamic Republic of),6.183244695,6
IRN,2013,Occupational risks,Iran (Islamic Republic of),1235.084106,37781.2797,"Iran, Islamic Rep.",49.01844358,6222.741948,38.75256476,80414686,5.579498287,NA,13841.38203,472538.7326,Iran (Islamic Republic of),2.453108942,6
IRN,2014,Occupational asthmagens,Iran (Islamic Republic of),130.4607408,9192.889335,"Iran, Islamic Rep.",49.02642995,5672.063729,36.37103615,81502045,5.770679093,NA,14361.85383,480510.3619,Iran (Islamic Republic of),12.29143712,6
IRN,2014,Occupational carcinogens,Iran (Islamic Republic of),12.88583468,434.7692329,"Iran, Islamic Rep.",49.02642995,5672.063729,36.37103615,81502045,5.770679093,NA,14361.85383,480510.3619,Iran (Islamic Republic of),0.838282826,6
IRN,2014,"Occupational particulate matter, gases, and fumes",Iran (Islamic Republic of),1139.547667,29087.6907,"Iran, Islamic Rep.",49.02642995,5672.063729,36.37103615,81502045,5.770679093,NA,14361.85383,480510.3619,Iran (Islamic Republic of),6.256379249,6
IRN,2014,Occupational risks,Iran (Islamic Republic of),1282.894242,38715.34927,"Iran, Islamic Rep.",49.02642995,5672.063729,36.37103615,81502045,5.770679093,NA,14361.85383,480510.3619,Iran (Islamic Republic of),2.452104162,6
IRN,2015,Occupational asthmagens,Iran (Islamic Republic of),128.9851358,9060.285637,"Iran, Islamic Rep.",49.03214697,4952.733555,38.69803296,82619362,6.006599882,15.3,14892.60071,487856.9379,Iran (Islamic Republic of),12.30110816,6
IRN,2015,Occupational carcinogens,Iran (Islamic Republic of),13.1756901,438.1607357,"Iran, Islamic Rep.",49.03214697,4952.733555,38.69803296,82619362,6.006599882,15.3,14892.60071,487856.9379,Iran (Islamic Republic of),0.834627237,6
IRN,2015,"Occupational particulate matter, gases, and fumes",Iran (Islamic Republic of),1190.71623,30171.24731,"Iran, Islamic Rep.",49.03214697,4952.733555,38.69803296,82619362,6.006599882,15.3,14892.60071,487856.9379,Iran (Islamic Republic of),6.327636975,6
IRN,2015,Occupational risks,Iran (Islamic Republic of),1332.877056,39669.69368,"Iran, Islamic Rep.",49.03214697,4952.733555,38.69803296,82619362,6.006599882,15.3,14892.60071,487856.9379,Iran (Islamic Republic of),2.454311846,6
IRN,2016,Occupational asthmagens,Iran (Islamic Republic of),126.159408,8927.672601,"Iran, Islamic Rep.",49.04140121,5477.037124,37.48381454,83812228,6.251081883,NA,15231.00247,492343.8993,Iran (Islamic Republic of),12.34125671,6
IRN,2016,Occupational carcinogens,Iran (Islamic Republic of),13.2145703,436.2636503,"Iran, Islamic Rep.",49.04140121,5477.037124,37.48381454,83812228,6.251081883,NA,15231.00247,492343.8993,Iran (Islamic Republic of),0.834734838,6
IRN,2016,"Occupational particulate matter, gases, and fumes",Iran (Islamic Republic of),1218.792624,30838.48386,"Iran, Islamic Rep.",49.04140121,5477.037124,37.48381454,83812228,6.251081883,NA,15231.00247,492343.8993,Iran (Islamic Republic of),6.398547628,6
IRN,2016,Occupational risks,Iran (Islamic Republic of),1358.166602,40202.42012,"Iran, Islamic Rep.",49.04140121,5477.037124,37.48381454,83812228,6.251081883,NA,15231.00247,492343.8993,Iran (Islamic Republic of),2.462634798,6
IRN,2017,Occupational asthmagens,Iran (Islamic Republic of),126.2303953,8918.590117,"Iran, Islamic Rep.",49.05453406,5753.115447,35.01595826,85026754,6.500779155,NA,15571.1608,499465.9731,Iran (Islamic Republic of),12.43285552,6
IRN,2017,Occupational carcinogens,Iran (Islamic Republic of),13.55356866,442.6774809,"Iran, Islamic Rep.",49.05453406,5753.115447,35.01595826,85026754,6.500779155,NA,15571.1608,499465.9731,Iran (Islamic Republic of),0.838461074,6
IRN,2017,"Occupational particulate matter, gases, and fumes",Iran (Islamic Republic of),1241.130965,31510.50563,"Iran, Islamic Rep.",49.05453406,5753.115447,35.01595826,85026754,6.500779155,NA,15571.1608,499465.9731,Iran (Islamic Republic of),6.466230474,6
IRN,2017,Occupational risks,Iran (Islamic Republic of),1380.914929,40871.77323,"Iran, Islamic Rep.",49.05453406,5753.115447,35.01595826,85026754,6.500779155,NA,15571.1608,499465.9731,Iran (Islamic Republic of),2.47874583,6
IRN,2018,Occupational asthmagens,Iran (Islamic Republic of),126.9571274,8962.068071,"Iran, Islamic Rep.",49.06779533,4631.78709,37.67622919,86117998,6.756434352,14,15764.88784,505989.4836,Iran (Islamic Republic of),12.53639801,6
IRN,2018,Occupational carcinogens,Iran (Islamic Republic of),13.88203934,450.3682409,"Iran, Islamic Rep.",49.06779533,4631.78709,37.67622919,86117998,6.756434352,14,15764.88784,505989.4836,Iran (Islamic Republic of),0.843557696,6
IRN,2018,"Occupational particulate matter, gases, and fumes",Iran (Islamic Republic of),1256.131329,32175.0023,"Iran, Islamic Rep.",49.06779533,4631.78709,37.67622919,86117998,6.756434352,14,15764.88784,505989.4836,Iran (Islamic Republic of),6.530709165,6
IRN,2018,Occupational risks,Iran (Islamic Republic of),1396.970496,41587.43861,"Iran, Islamic Rep.",49.06779533,4631.78709,37.67622919,86117998,6.756434352,14,15764.88784,505989.4836,Iran (Islamic Republic of),2.497146758,6
IRN,2019,Occupational asthmagens,Iran (Islamic Republic of),129.1023281,9086.057456,"Iran, Islamic Rep.",49.0819048,3831.278948,34.01578957,87051648,7.015988411,14,16177.79904,516428.9039,Iran (Islamic Republic of),12.63459349,6
IRN,2019,Occupational carcinogens,Iran (Islamic Republic of),14.36523339,461.9230353,"Iran, Islamic Rep.",49.0819048,3831.278948,34.01578957,87051648,7.015988411,14,16177.79904,516428.9039,Iran (Islamic Republic of),0.848388572,6
IRN,2019,"Occupational particulate matter, gases, and fumes",Iran (Islamic Republic of),1288.571059,33116.95581,"Iran, Islamic Rep.",49.0819048,3831.278948,34.01578957,87051648,7.015988411,14,16177.79904,516428.9039,Iran (Islamic Republic of),6.591518664,6
IRN,2019,Occupational risks,Iran (Islamic Republic of),1432.03862,42664.9363,"Iran, Islamic Rep.",49.0819048,3831.278948,34.01578957,87051648,7.015988411,14,16177.79904,516428.9039,Iran (Islamic Republic of),2.51488712,6
IRN,2020,Occupational asthmagens,Iran (Islamic Republic of),120.8811684,8902.919931,"Iran, Islamic Rep.",49.0985608,2988.781224,32.28737336,87723443,7.229355442,13.6,15542.85617,504989.1938,Iran (Islamic Republic of),12.69518332,6
IRN,2020,Occupational carcinogens,Iran (Islamic Republic of),13.80400203,449.0890534,"Iran, Islamic Rep.",49.0985608,2988.781224,32.28737336,87723443,7.229355442,13.6,15542.85617,504989.1938,Iran (Islamic Republic of),0.851015761,6
IRN,2020,"Occupational particulate matter, gases, and fumes",Iran (Islamic Republic of),1230.876383,32150.60868,"Iran, Islamic Rep.",49.0985608,2988.781224,32.28737336,87723443,7.229355442,13.6,15542.85617,504989.1938,Iran (Islamic Republic of),6.65067613,6
IRN,2020,Occupational risks,Iran (Islamic Republic of),1365.561554,41502.61766,"Iran, Islamic Rep.",49.0985608,2988.781224,32.28737336,87723443,7.229355442,13.6,15542.85617,504989.1938,Iran (Islamic Republic of),2.527090329,6
IRN,2021,Occupational asthmagens,Iran (Islamic Republic of),123.0193649,9102.788196,"Iran, Islamic Rep.",49.12004046,4334.792686,NA,88455488,7.405182183,NA,15526.97195,509419.8451,Iran (Islamic Republic of),12.79895066,6
IRN,2021,Occupational carcinogens,Iran (Islamic Republic of),13.92331592,458.4937409,"Iran, Islamic Rep.",49.12004046,4334.792686,NA,88455488,7.405182183,NA,15526.97195,509419.8451,Iran (Islamic Republic of),0.853679517,6
IRN,2021,"Occupational particulate matter, gases, and fumes",Iran (Islamic Republic of),1227.11058,32474.93573,"Iran, Islamic Rep.",49.12004046,4334.792686,NA,88455488,7.405182183,NA,15526.97195,509419.8451,Iran (Islamic Republic of),6.702946348,6
IRN,2021,Occupational risks,Iran (Islamic Republic of),1364.053261,42036.21767,"Iran, Islamic Rep.",49.12004046,4334.792686,NA,88455488,7.405182183,NA,15526.97195,509419.8451,Iran (Islamic Republic of),2.545117275,6
JOR,1990,Occupational asthmagens,Jordan,3.129508136,325.3983654,Jordan,48.27066287,1148.590055,23.40115089,3621908,2.353662766,NA,350.2925573,19031.38916,Jordan,9.911699019,7
JOR,1990,Occupational carcinogens,Jordan,0.111539788,4.733584419,Jordan,48.27066287,1148.590055,23.40115089,3621908,2.353662766,NA,350.2925573,19031.38916,Jordan,0.695993331,7
JOR,1990,"Occupational particulate matter, gases, and fumes",Jordan,19.52199023,580.4507189,Jordan,48.27066287,1148.590055,23.40115089,3621908,2.353662766,NA,350.2925573,19031.38916,Jordan,4.022797578,7
JOR,1990,Occupational risks,Jordan,22.76303816,910.5826688,Jordan,48.27066287,1148.590055,23.40115089,3621908,2.353662766,NA,350.2925573,19031.38916,Jordan,1.836678812,7
JOR,1991,Occupational asthmagens,Jordan,3.158628239,333.3259479,Jordan,47.69569493,1109.655646,24.61830056,3915149,2.346436579,NA,358.1073641,19587.26382,Jordan,10.01694906,7
JOR,1991,Occupational carcinogens,Jordan,0.115958503,4.950662587,Jordan,47.69569493,1109.655646,24.61830056,3915149,2.346436579,NA,358.1073641,19587.26382,Jordan,0.706935956,7
JOR,1991,"Occupational particulate matter, gases, and fumes",Jordan,19.89180729,596.7103395,Jordan,47.69569493,1109.655646,24.61830056,3915149,2.346436579,NA,358.1073641,19587.26382,Jordan,4.026046086,7
JOR,1991,Occupational risks,Jordan,23.16639403,934.9869501,Jordan,47.69569493,1109.655646,24.61830056,3915149,2.346436579,NA,358.1073641,19587.26382,Jordan,1.853319202,7
JOR,1992,Occupational asthmagens,Jordan,3.319687103,348.5879886,Jordan,47.48722834,1286.634736,25.59955689,4127693,2.354511631,NA,366.7715965,20096.86658,Jordan,10.26907168,7
JOR,1992,Occupational carcinogens,Jordan,0.121480749,5.191187476,Jordan,47.48722834,1286.634736,25.59955689,4127693,2.354511631,NA,366.7715965,20096.86658,Jordan,0.728684659,7
JOR,1992,"Occupational particulate matter, gases, and fumes",Jordan,20.85211462,627.2969817,Jordan,47.48722834,1286.634736,25.59955689,4127693,2.354511631,NA,366.7715965,20096.86658,Jordan,4.034831657,7
JOR,1992,Occupational risks,Jordan,24.29328247,981.0761578,Jordan,47.48722834,1286.634736,25.59955689,4127693,2.354511631,NA,366.7715965,20096.86658,Jordan,1.893278032,7
JOR,1993,Occupational asthmagens,Jordan,3.489227828,361.4075067,Jordan,47.29583748,1289.414543,26.32505226,4348020,2.365272281,NA,388.1467339,20949.36308,Jordan,10.36138816,7
JOR,1993,Occupational carcinogens,Jordan,0.130491533,5.546961265,Jordan,47.29583748,1289.414543,26.32505226,4348020,2.365272281,NA,388.1467339,20949.36308,Jordan,0.739275947,7
JOR,1993,"Occupational particulate matter, gases, and fumes",Jordan,22.2452487,667.8626963,Jordan,47.29583748,1289.414543,26.32505226,4348020,2.365272281,NA,388.1467339,20949.36308,Jordan,4.042481808,7
JOR,1993,Occupational risks,Jordan,25.86496806,1034.817164,Jordan,47.29583748,1289.414543,26.32505226,4348020,2.365272281,NA,388.1467339,20949.36308,Jordan,1.908880774,7
JOR,1994,Occupational asthmagens,Jordan,3.631048252,373.3546165,Jordan,47.16265117,1367.187218,26.77491907,4561406,2.382291776,NA,402.2035842,21574.80942,Jordan,10.48008575,7
JOR,1994,Occupational carcinogens,Jordan,0.138261743,5.854292549,Jordan,47.16265117,1367.187218,26.77491907,4561406,2.382291776,NA,402.2035842,21574.80942,Jordan,0.75178968,7
JOR,1994,"Occupational particulate matter, gases, and fumes",Jordan,23.45710896,703.9903767,Jordan,47.16265117,1367.187218,26.77491907,4561406,2.382291776,NA,402.2035842,21574.80942,Jordan,4.048001153,7
JOR,1994,Occupational risks,Jordan,27.22641895,1083.199286,Jordan,47.16265117,1367.187218,26.77491907,4561406,2.382291776,NA,402.2035842,21574.80942,Jordan,1.928585857,7
JOR,1995,Occupational asthmagens,Jordan,3.723525419,382.5833239,Jordan,47.11786126,1415.711516,26.929289700000002,4752096,2.408663461,NA,418.0053902,22223.26802,Jordan,10.5421852,7
JOR,1995,Occupational carcinogens,Jordan,0.157177849,6.526076342,Jordan,47.11786126,1415.711516,26.929289700000002,4752096,2.408663461,NA,418.0053902,22223.26802,Jordan,0.760693144,7
JOR,1995,"Occupational particulate matter, gases, and fumes",Jordan,24.47174486,733.6077073,Jordan,47.11786126,1415.711516,26.929289700000002,4752096,2.408663461,NA,418.0053902,22223.26802,Jordan,4.046933378,7
JOR,1995,Occupational risks,Jordan,28.35244813,1122.717108,Jordan,47.11786126,1415.711516,26.929289700000002,4752096,2.408663461,NA,418.0053902,22223.26802,Jordan,1.939537785,7
JOR,1996,Occupational asthmagens,Jordan,3.749339221,389.1727761,Jordan,47.16131204,1410.174242,26.64845625,4912516,2.445793561,NA,431.9416777,22811.1518,Jordan,10.59115138,7
JOR,1996,Occupational carcinogens,Jordan,0.165363743,6.832387538,Jordan,47.16131204,1410.174242,26.64845625,4912516,2.445793561,NA,431.9416777,22811.1518,Jordan,0.767951301,7
JOR,1996,"Occupational particulate matter, gases, and fumes",Jordan,25.08729113,752.5661882,Jordan,47.16131204,1410.174242,26.64845625,4912516,2.445793561,NA,431.9416777,22811.1518,Jordan,4.043068756,7
JOR,1996,Occupational risks,Jordan,29.00199409,1148.571352,Jordan,47.16131204,1410.174242,26.64845625,4912516,2.445793561,NA,431.9416777,22811.1518,Jordan,1.947810934,7
JOR,1997,Occupational asthmagens,Jordan,3.769713485,396.1938454,Jordan,47.26655351,1435.875938,25.97877649,5046285,2.494151638,NA,439.3988428,23182.27281,Jordan,10.67116148,7
JOR,1997,Occupational carcinogens,Jordan,0.172764569,7.098663442,Jordan,47.26655351,1435.875938,25.97877649,5046285,2.494151638,NA,439.3988428,23182.27281,Jordan,0.777376247,7
JOR,1997,"Occupational particulate matter, gases, and fumes",Jordan,25.60625613,768.3534742,Jordan,47.26655351,1435.875938,25.97877649,5046285,2.494151638,NA,439.3988428,23182.27281,Jordan,4.038433089,7
JOR,1997,Occupational risks,Jordan,29.54873418,1171.645983,Jordan,47.26655351,1435.875938,25.97877649,5046285,2.494151638,NA,439.3988428,23182.27281,Jordan,1.960762179,7
JOR,1998,Occupational asthmagens,Jordan,3.750454289,400.5834306,Jordan,47.39589314,1532.113804,25.17948129,5164284,2.552589812,NA,447.2871003,23567.57353,Jordan,10.7042111,7
JOR,1998,Occupational carcinogens,Jordan,0.180667008,7.371663048,Jordan,47.39589314,1532.113804,25.17948129,5164284,2.552589812,NA,447.2871003,23567.57353,Jordan,0.781765849,7
JOR,1998,"Occupational particulate matter, gases, and fumes",Jordan,26.01151897,780.6511549,Jordan,47.39589314,1532.113804,25.17948129,5164284,2.552589812,NA,447.2871003,23567.57353,Jordan,4.032911981,7
JOR,1998,Occupational risks,Jordan,29.94264026,1188.606249,Jordan,47.39589314,1532.113804,25.17948129,5164284,2.552589812,NA,447.2871003,23567.57353,Jordan,1.965043886,7
JOR,1999,Occupational asthmagens,Jordan,3.751287517,406.5028485,Jordan,47.52453593,1544.587506,24.50980153,5276444,2.619386975,NA,454.7525452,23908.74936,Jordan,10.77923492,7
JOR,1999,Occupational carcinogens,Jordan,0.189010254,7.656826487,Jordan,47.52453593,1544.587506,24.50980153,5276444,2.619386975,NA,454.7525452,23908.74936,Jordan,0.788701108,7
JOR,1999,"Occupational particulate matter, gases, and fumes",Jordan,26.38382443,791.665487,Jordan,47.52453593,1544.587506,24.50980153,5276444,2.619386975,NA,454.7525452,23908.74936,Jordan,4.029100036,7
JOR,1999,Occupational risks,Jordan,30.3241222,1205.825162,Jordan,47.52453593,1544.587506,24.50980153,5276444,2.619386975,NA,454.7525452,23908.74936,Jordan,1.975589078,7
JOR,2000,Occupational asthmagens,Jordan,3.727396986,411.1282744,Jordan,47.64696874,1570.610029,24.22896808,5386945,2.695145143,30.7,468.6716819,24382.97849,Jordan,10.82194927,7
JOR,2000,Occupational carcinogens,Jordan,0.214971844,8.433715972,Jordan,47.64696874,1570.610029,24.22896808,5386945,2.695145143,30.7,468.6716819,24382.97849,Jordan,0.791912146,7
JOR,2000,"Occupational particulate matter, gases, and fumes",Jordan,26.50445954,800.4053592,Jordan,47.64696874,1570.610029,24.22896808,5386945,2.695145143,30.7,468.6716819,24382.97849,Jordan,4.025919422,7
JOR,2000,Occupational risks,Jordan,30.44682837,1219.96735,Jordan,47.64696874,1570.610029,24.22896808,5386945,2.695145143,30.7,468.6716819,24382.97849,Jordan,1.980130263,7
JOR,2001,Occupational asthmagens,Jordan,3.711648799,417.1389694,Jordan,47.75936761,1632.29454,24.63912794,5498894,2.779904468,NA,484.6743406,24874.24663,Jordan,10.88782502,7
JOR,2001,Occupational carcinogens,Jordan,0.227672714,8.766876416,Jordan,47.75936761,1632.29454,24.63912794,5498894,2.779904468,NA,484.6743406,24874.24663,Jordan,0.795645458,7
JOR,2001,"Occupational particulate matter, gases, and fumes",Jordan,26.93219326,813.5494464,Jordan,47.75936761,1632.29454,24.63912794,5498894,2.779904468,NA,484.6743406,24874.24663,Jordan,4.022308992,7
JOR,2001,Occupational risks,Jordan,30.87151477,1239.455292,Jordan,47.75936761,1632.29454,24.63912794,5498894,2.779904468,NA,484.6743406,24874.24663,Jordan,1.987402318,7
JOR,2002,Occupational asthmagens,Jordan,3.644455608,421.2846316,Jordan,47.85908003,1706.267444,25.67361916,5616066,2.869989164,NA,490.6788942,25263.76767,Jordan,10.91309178,7
JOR,2002,Occupational carcinogens,Jordan,0.249943225,9.453673036,Jordan,47.85908003,1706.267444,25.67361916,5616066,2.869989164,NA,490.6788942,25263.76767,Jordan,0.795433791,7
JOR,2002,"Occupational particulate matter, gases, and fumes",Jordan,27.20468122,824.8476352,Jordan,47.85908003,1706.267444,25.67361916,5616066,2.869989164,NA,490.6788942,25263.76767,Jordan,4.018672826,7
JOR,2002,Occupational risks,Jordan,31.09908006,1255.58594,Jordan,47.85908003,1706.267444,25.67361916,5616066,2.869989164,NA,490.6788942,25263.76767,Jordan,1.987641109,7
JOR,2003,Occupational asthmagens,Jordan,3.577398676,427.2858462,Jordan,47.94331214,1775.676256,27.03845919,5741828,2.960529037,NA,486.3169438,25633.46606,Jordan,10.92641354,7
JOR,2003,Occupational carcinogens,Jordan,0.268260146,10.09937189,Jordan,47.94331214,1775.676256,27.03845919,5741828,2.960529037,NA,486.3169438,25633.46606,Jordan,0.794009554,7
JOR,2003,"Occupational particulate matter, gases, and fumes",Jordan,27.35060483,835.2974651,Jordan,47.94331214,1775.676256,27.03845919,5741828,2.960529037,NA,486.3169438,25633.46606,Jordan,4.015529373,7
JOR,2003,Occupational risks,Jordan,31.19626366,1272.682683,Jordan,47.94331214,1775.676256,27.03845919,5741828,2.960529037,NA,486.3169438,25633.46606,Jordan,1.985707266,7
JOR,2004,Occupational asthmagens,Jordan,3.520647023,434.672997,Jordan,48.00438146,1940.086413,28.43966548,5882061,3.047962011,NA,501.0193923,26258.02455,Jordan,11.01500237,7
JOR,2004,Occupational carcinogens,Jordan,0.290268741,10.72937977,Jordan,48.00438146,1940.086413,28.43966548,5882061,3.047962011,NA,501.0193923,26258.02455,Jordan,0.79958586,7
JOR,2004,"Occupational particulate matter, gases, and fumes",Jordan,27.63300962,848.3715987,Jordan,48.00438146,1940.086413,28.43966548,5882061,3.047962011,NA,501.0193923,26258.02455,Jordan,4.013128394,7
JOR,2004,Occupational risks,Jordan,31.44392538,1293.773975,Jordan,48.00438146,1940.086413,28.43966548,5882061,3.047962011,NA,501.0193923,26258.02455,Jordan,1.996424455,7
JOR,2005,Occupational asthmagens,Jordan,3.410000325,443.8445341,Jordan,48.05082868,2087.870793,29.58325548,6029587,3.130960451,31.7,520.4749662,26990.2034,Jordan,11.07013979,7
JOR,2005,Occupational carcinogens,Jordan,0.322034112,11.6588908,Jordan,48.05082868,2087.870793,29.58325548,6029587,3.130960451,31.7,520.4749662,26990.2034,Jordan,0.80119097,7
JOR,2005,"Occupational particulate matter, gases, and fumes",Jordan,28.65425082,878.3278297,Jordan,48.05082868,2087.870793,29.58325548,6029587,3.130960451,31.7,520.4749662,26990.2034,Jordan,4.010549715,7
JOR,2005,Occupational risks,Jordan,32.38628526,1333.831255,Jordan,48.05082868,2087.870793,29.58325548,6029587,3.130960451,31.7,520.4749662,26990.2034,Jordan,2.0015033780000002,7
JOR,2006,Occupational asthmagens,Jordan,3.409884905,469.0798505,Jordan,48.09566773,2342.634596,30.58722981,6427371,3.206575441,NA,528.6457575,27953.26161,Jordan,11.26439429,7
JOR,2006,Occupational carcinogens,Jordan,0.344581901,12.58351852,Jordan,48.09566773,2342.634596,30.58722981,6427371,3.206575441,NA,528.6457575,27953.26161,Jordan,0.813501248,7
JOR,2006,"Occupational particulate matter, gases, and fumes",Jordan,29.39349766,907.2702527,Jordan,48.09566773,2342.634596,30.58722981,6427371,3.206575441,NA,528.6457575,27953.26161,Jordan,3.993595033,7
JOR,2006,Occupational risks,Jordan,33.14796447,1388.933622,Jordan,48.09566773,2342.634596,30.58722981,6427371,3.206575441,NA,528.6457575,27953.26161,Jordan,2.026761777,7
JOR,2007,Occupational asthmagens,Jordan,3.416875964,504.1598731,Jordan,48.13824879,2506.205995,31.65550643,6827227,3.272331504,NA,510.1391643,28930.68946,Jordan,11.43141021,7
JOR,2007,Occupational carcinogens,Jordan,0.363002264,13.74734015,Jordan,48.13824879,2506.205995,31.65550643,6827227,3.272331504,NA,510.1391643,28930.68946,Jordan,0.823432353,7
JOR,2007,"Occupational particulate matter, gases, and fumes",Jordan,29.69076111,932.7148662,Jordan,48.13824879,2506.205995,31.65550643,6827227,3.272331504,NA,510.1391643,28930.68946,Jordan,3.966497627,7
JOR,2007,Occupational risks,Jordan,33.47063934,1450.622079,Jordan,48.13824879,2506.205995,31.65550643,6827227,3.272331504,NA,510.1391643,28930.68946,Jordan,2.04639496,7
JOR,2008,Occupational asthmagens,Jordan,3.440377126,538.0232481,Jordan,48.1823829,3241.652414,32.62297879,6989866,3.335636191,NA,503.7276348,29910.64482,Jordan,11.63765282,7
JOR,2008,Occupational carcinogens,Jordan,0.382414138,14.86788398,Jordan,48.1823829,3241.652414,32.62297879,6989866,3.335636191,NA,503.7276348,29910.64482,Jordan,0.838497932,7
JOR,2008,"Occupational particulate matter, gases, and fumes",Jordan,30.14397845,960.2238286,Jordan,48.1823829,3241.652414,32.62297879,6989866,3.335636191,NA,503.7276348,29910.64482,Jordan,3.967146649,7
JOR,2008,Occupational risks,Jordan,33.96676971,1513.114961,Jordan,48.1823829,3241.652414,32.62297879,6989866,3.335636191,NA,503.7276348,29910.64482,Jordan,2.07640383,7
JOR,2009,Occupational asthmagens,Jordan,3.418401664,558.1001372,Jordan,48.2248546,3435.833759,33.32454035,7141753,3.395111579,NA,512.0874002,30855.6667,Jordan,11.71251204,7
JOR,2009,Occupational carcinogens,Jordan,0.407056564,15.96192987,Jordan,48.2248546,3435.833759,33.32454035,7141753,3.395111579,NA,512.0874002,30855.6667,Jordan,0.84350848,7
JOR,2009,"Occupational particulate matter, gases, and fumes",Jordan,31.11394408,994.201028,Jordan,48.2248546,3435.833759,33.32454035,7141753,3.395111579,NA,512.0874002,30855.6667,Jordan,3.989640545,7
JOR,2009,Occupational risks,Jordan,34.9394023,1568.263095,Jordan,48.2248546,3435.833759,33.32454035,7141753,3.395111579,NA,512.0874002,30855.6667,Jordan,2.088172745,7
JOR,2010,Occupational asthmagens,Jordan,3.473628303,581.9426424,Jordan,48.26514682,3718.465716,33.59508454,7297043,3.454015315,32.6,521.0612949,31781.74445,Jordan,11.81528533,7
JOR,2010,Occupational carcinogens,Jordan,0.445075685,17.34241358,Jordan,48.26514682,3718.465716,33.59508454,7297043,3.454015315,32.6,521.0612949,31781.74445,Jordan,0.848937247,7
JOR,2010,"Occupational particulate matter, gases, and fumes",Jordan,31.64083957,1022.247845,Jordan,48.26514682,3718.465716,33.59508454,7297043,3.454015315,32.6,521.0612949,31781.74445,Jordan,4.014614255,7
JOR,2010,Occupational risks,Jordan,35.55954355,1621.532901,Jordan,48.26514682,3718.465716,33.59508454,7297043,3.454015315,32.6,521.0612949,31781.74445,Jordan,2.103485667,7
JOR,2011,Occupational asthmagens,Jordan,3.444980327,591.2896942,Jordan,48.3030641,3946.855039,29.66242608,7480424,3.515007973,NA,542.2567302,32994.17463,Jordan,11.61468594,7
JOR,2011,Occupational carcinogens,Jordan,0.476169638,18.41702641,Jordan,48.3030641,3946.855039,29.66242608,7480424,3.515007973,NA,542.2567302,32994.17463,Jordan,0.834489063,7
JOR,2011,"Occupational particulate matter, gases, and fumes",Jordan,32.93883383,1071.488921,Jordan,48.3030641,3946.855039,29.66242608,7480424,3.515007973,NA,542.2567302,32994.17463,Jordan,4.034182921,7
JOR,2011,Occupational risks,Jordan,36.8599838,1681.195641,Jordan,48.3030641,3946.855039,29.66242608,7480424,3.515007973,NA,542.2567302,32994.17463,Jordan,2.075187749,7
JOR,2012,Occupational asthmagens,Jordan,3.40346042,592.7571337,Jordan,48.33971432,4169.504701,29.02445731,7587127,3.583095183,NA,564.4940464,33987.71717,Jordan,11.43246815,7
JOR,2012,Occupational carcinogens,Jordan,0.508340004,19.45556816,Jordan,48.33971432,4169.504701,29.02445731,7587127,3.583095183,NA,564.4940464,33987.71717,Jordan,0.821382088,7
JOR,2012,"Occupational particulate matter, gases, and fumes",Jordan,34.22983659,1121.197821,Jordan,48.33971432,4169.504701,29.02445731,7587127,3.583095183,NA,564.4940464,33987.71717,Jordan,4.054176271,7
JOR,2012,Occupational risks,Jordan,38.14163701,1733.410522,Jordan,48.33971432,4169.504701,29.02445731,7587127,3.583095183,NA,564.4940464,33987.71717,Jordan,2.05001401,7
JOR,2013,Occupational asthmagens,Jordan,3.362002297,595.612562,Jordan,48.28427456,4311.219167,32.67791912,7991809,3.522118709,NA,582.4844224,34924.03703,Jordan,11.329265060000001,7
JOR,2013,Occupational carcinogens,Jordan,0.537945413,20.43134325,Jordan,48.28427456,4311.219167,32.67791912,7991809,3.522118709,NA,582.4844224,34924.03703,Jordan,0.81295164,7
JOR,2013,"Occupational particulate matter, gases, and fumes",Jordan,35.10286284,1166.471543,Jordan,48.28427456,4311.219167,32.67791912,7991809,3.522118709,NA,582.4844224,34924.03703,Jordan,4.067230235,7
JOR,2013,Occupational risks,Jordan,39.00281055,1782.515448,Jordan,48.28427456,4311.219167,32.67791912,7991809,3.522118709,NA,582.4844224,34924.03703,Jordan,2.035600201,7
JOR,2014,Occupational asthmagens,Jordan,3.331039773,603.1973031,Jordan,48.15641688,4191.180501,30.20224554,8791710,3.350115998,NA,606.1708256,36292.57771,Jordan,11.12915234,7
JOR,2014,Occupational carcinogens,Jordan,0.573079918,21.70034493,Jordan,48.15641688,4191.180501,30.20224554,8791710,3.350115998,NA,606.1708256,36292.57771,Jordan,0.796951951,7
JOR,2014,"Occupational particulate matter, gases, and fumes",Jordan,36.27145733,1222.445176,Jordan,48.15641688,4191.180501,30.20224554,8791710,3.350115998,NA,606.1708256,36292.57771,Jordan,4.062181713,7
JOR,2014,Occupational risks,Jordan,40.17557702,1847.342824,Jordan,48.15641688,4191.180501,30.20224554,8791710,3.350115998,NA,606.1708256,36292.57771,Jordan,2.004463907,7
JOR,2015,Occupational asthmagens,Jordan,3.316816324,618.5542443,Jordan,48.11860033,4042.756781,32.11423751,9544729,3.318580339,33.7,617.4062809,37500.96196,Jordan,11.06255317,7
JOR,2015,Occupational carcinogens,Jordan,0.62570017,23.49301315,Jordan,48.11860033,4042.756781,32.11423751,9544729,3.318580339,33.7,617.4062809,37500.96196,Jordan,0.792546033,7
JOR,2015,"Occupational particulate matter, gases, and fumes",Jordan,37.10879405,1272.130577,Jordan,48.11860033,4042.756781,32.11423751,9544729,3.318580339,33.7,617.4062809,37500.96196,Jordan,4.06244486,7
JOR,2015,Occupational risks,Jordan,41.05131054,1914.177834,Jordan,48.11860033,4042.756781,32.11423751,9544729,3.318580339,33.7,617.4062809,37500.96196,Jordan,1.995480681,7
JOR,2016,Occupational asthmagens,Jordan,3.445520151,638.6685536,Jordan,48.15293103,3986.71677,28.37548045,10006367,3.412847211,NA,643.7704358,38923.22683,Jordan,11.01561231,7
JOR,2016,Occupational carcinogens,Jordan,0.661426472,24.67148043,Jordan,48.15293103,3986.71677,28.37548045,10006367,3.412847211,NA,643.7704358,38923.22683,Jordan,0.790793808,7
JOR,2016,"Occupational particulate matter, gases, and fumes",Jordan,38.51009754,1331.820296,Jordan,48.15293103,3986.71677,28.37548045,10006367,3.412847211,NA,643.7704358,38923.22683,Jordan,4.072214764,7
JOR,2016,Occupational risks,Jordan,42.61704416,1995.16033,Jordan,48.15293103,3986.71677,28.37548045,10006367,3.412847211,NA,643.7704358,38923.22683,Jordan,1.991292421,7
JOR,2017,Occupational asthmagens,Jordan,3.51922317,653.7076409,Jordan,48.18772341,4065.616287,28.38316836,10234226,3.525005213,NA,666.1266892,40261.13938,Jordan,10.89824081,7
JOR,2017,Occupational carcinogens,Jordan,0.693439535,25.73400389,Jordan,48.18772341,4065.616287,28.38316836,10234226,3.525005213,NA,666.1266892,40261.13938,Jordan,0.783633371,7
JOR,2017,"Occupational particulate matter, gases, and fumes",Jordan,39.70443069,1387.305908,Jordan,48.18772341,4065.616287,28.38316836,10234226,3.525005213,NA,666.1266892,40261.13938,Jordan,4.081653079,7
JOR,2017,Occupational risks,Jordan,43.9170934,2066.747553,Jordan,48.18772341,4065.616287,28.38316836,10234226,3.525005213,NA,666.1266892,40261.13938,Jordan,1.97622613,7
JOR,2018,Occupational asthmagens,Jordan,3.602277266,671.2941956,Jordan,48.22177826,4145.439897,30.89112137,10462306,3.648574224,34.6,686.5737131,41501.59967,Jordan,10.78992798,7
JOR,2018,Occupational carcinogens,Jordan,0.726484163,26.8884329,Jordan,48.22177826,4145.439897,30.89112137,10462306,3.648574224,34.6,686.5737131,41501.59967,Jordan,0.777524586,7
JOR,2018,"Occupational particulate matter, gases, and fumes",Jordan,41.24067291,1450.233508,Jordan,48.22177826,4145.439897,30.89112137,10462306,3.648574224,34.6,686.5737131,41501.59967,Jordan,4.090368532,7
JOR,2018,Occupational risks,Jordan,45.56943434,2148.416137,Jordan,48.22177826,4145.439897,30.89112137,10462306,3.648574224,34.6,686.5737131,41501.59967,Jordan,1.962597015,7
JOR,2019,Occupational asthmagens,Jordan,3.818580219,698.8007955,Jordan,48.25514991,4170.1144,31.25973135,10671891,3.777015537,34.6,734.653878,43522.94351,Jordan,10.73439249,7
JOR,2019,Occupational carcinogens,Jordan,0.787924567,28.83612262,Jordan,48.25514991,4170.1144,31.25973135,10671891,3.777015537,34.6,734.653878,43522.94351,Jordan,0.775475517,7
JOR,2019,"Occupational particulate matter, gases, and fumes",Jordan,44.18510043,1549.847263,Jordan,48.25514991,4170.1144,31.25973135,10671891,3.777015537,34.6,734.653878,43522.94351,Jordan,4.099847057,7
JOR,2019,Occupational risks,Jordan,48.79160521,2277.484182,Jordan,48.25514991,4170.1144,31.25973135,10671891,3.777015537,34.6,734.653878,43522.94351,Jordan,1.9570536,7
JOR,2020,Occupational asthmagens,Jordan,4.035019307,726.3915184,Jordan,48.29107574,4022.040136,28.77376392,10865228,3.899085408,34.8,794.2912443,45564.06859,Jordan,10.67878995,7
JOR,2020,Occupational carcinogens,Jordan,0.866742399,31.03405872,Jordan,48.29107574,4022.040136,28.77376392,10865228,3.899085408,34.8,794.2912443,45564.06859,Jordan,0.772796497,7
JOR,2020,"Occupational particulate matter, gases, and fumes",Jordan,47.36368076,1664.119497,Jordan,48.29107574,4022.040136,28.77376392,10865228,3.899085408,34.8,794.2912443,45564.06859,Jordan,4.10944727,7
JOR,2020,Occupational risks,Jordan,52.265442470000004,2421.545074,Jordan,48.29107574,4022.040136,28.77376392,10865228,3.899085408,34.8,794.2912443,45564.06859,Jordan,1.950983894,7
JOR,2021,Occupational asthmagens,Jordan,4.265979643,764.0674359,Jordan,48.32938684,4183.499983,NA,11066356,4.006553738,NA,844.8485348,47863.69836,Jordan,10.65242601,7
JOR,2021,Occupational carcinogens,Jordan,0.936808695,33.38461581,Jordan,48.32938684,4183.499983,NA,11066356,4.006553738,NA,844.8485348,47863.69836,Jordan,0.77110118,7
JOR,2021,"Occupational particulate matter, gases, and fumes",Jordan,50.25881839,1767.071579,Jordan,48.32938684,4183.499983,NA,11066356,4.006553738,NA,844.8485348,47863.69836,Jordan,4.115201756,7
JOR,2021,Occupational risks,Jordan,55.46160673,2564.523631,Jordan,48.32938684,4183.499983,NA,11066356,4.006553738,NA,844.8485348,47863.69836,Jordan,1.948590426,7
KWT,1990,Occupational asthmagens,Kuwait,1.979864447,267.7923034,Kuwait,43.4361792,10937.54153,54.80304004,1684819,1.807642782,NA,76.70817631,6186.345958,Kuwait,16.76008204,8
KWT,1990,Occupational carcinogens,Kuwait,0.065361148,6.203339632,Kuwait,43.4361792,10937.54153,54.80304004,1684819,1.807642782,NA,76.70817631,6186.345958,Kuwait,1.388828147,8
KWT,1990,"Occupational particulate matter, gases, and fumes",Kuwait,2.603734022,130.9592524,Kuwait,43.4361792,10937.54153,54.80304004,1684819,1.807642782,NA,76.70817631,6186.345958,Kuwait,6.100196786,8
KWT,1990,Occupational risks,Kuwait,4.648959617,404.9548954,Kuwait,43.4361792,10937.54153,54.80304004,1684819,1.807642782,NA,76.70817631,6186.345958,Kuwait,3.13740137,8
KWT,1991,Occupational asthmagens,Kuwait,1.778508217,258.4310678,Kuwait,43.74910741,8147.108073,52.21513327,1351399,2.043179713,NA,74.95584931,6014.57717,Kuwait,16.74748574,8
KWT,1991,Occupational carcinogens,Kuwait,0.061070745,6.10686797,Kuwait,43.74910741,8147.108073,52.21513327,1351399,2.043179713,NA,74.95584931,6014.57717,Kuwait,1.384145232,8
KWT,1991,"Occupational particulate matter, gases, and fumes",Kuwait,2.454579266,130.6709889,Kuwait,43.74910741,8147.108073,52.21513327,1351399,2.043179713,NA,74.95584931,6014.57717,Kuwait,6.13073038,8
KWT,1991,Occupational risks,Kuwait,4.294158227,395.2089247,Kuwait,43.74910741,8147.108073,52.21513327,1351399,2.043179713,NA,74.95584931,6014.57717,Kuwait,3.133460968,8
KWT,1992,Occupational asthmagens,Kuwait,1.696275741,259.4845896,Kuwait,43.86364943,12146.19506,50.37869322,1634961,2.168032703,NA,73.23063032,5884.026217,Kuwait,17.33680181,8
KWT,1992,Occupational carcinogens,Kuwait,0.057520218,6.025367199,Kuwait,43.86364943,12146.19506,50.37869322,1634961,2.168032703,NA,73.23063032,5884.026217,Kuwait,1.428585736,8
KWT,1992,"Occupational particulate matter, gases, and fumes",Kuwait,2.380486536,130.2262328,Kuwait,43.86364943,12146.19506,50.37869322,1634961,2.168032703,NA,73.23063032,5884.026217,Kuwait,6.151597622,8
KWT,1992,Occupational risks,Kuwait,4.134282494,395.7361896,Kuwait,43.86364943,12146.19506,50.37869322,1634961,2.168032703,NA,73.23063032,5884.026217,Kuwait,3.223811409,8
KWT,1993,Occupational asthmagens,Kuwait,1.970141856,272.9724763,Kuwait,43.60596405,14317.72094,49.19239732,1672151,2.08734077,NA,79.8536701,5932.715236,Kuwait,18.01668835,8
KWT,1993,Occupational carcinogens,Kuwait,0.065424859,6.248057898,Kuwait,43.60596405,14317.72094,49.19239732,1672151,2.08734077,NA,79.8536701,5932.715236,Kuwait,1.491109428,8
KWT,1993,"Occupational particulate matter, gases, and fumes",Kuwait,2.814287749,142.0794946,Kuwait,43.60596405,14317.72094,49.19239732,1672151,2.08734077,NA,79.8536701,5932.715236,Kuwait,6.195116207,8
KWT,1993,Occupational risks,Kuwait,4.849854465,421.3000288,Kuwait,43.60596405,14317.72094,49.19239732,1672151,2.08734077,NA,79.8536701,5932.715236,Kuwait,3.33787065,8
KWT,1994,Occupational asthmagens,Kuwait,2.018998599,274.637878,Kuwait,42.97042529,14929.74411,48.554923,1664361,1.682928163,NA,81.80853778,5940.745174,Kuwait,18.42433097,8
KWT,1994,Occupational carcinogens,Kuwait,0.066979295,6.275462559,Kuwait,42.97042529,14929.74411,48.554923,1664361,1.682928163,NA,81.80853778,5940.745174,Kuwait,1.518829197,8
KWT,1994,"Occupational particulate matter, gases, and fumes",Kuwait,2.962086697,146.0286144,Kuwait,42.97042529,14929.74411,48.554923,1664361,1.682928163,NA,81.80853778,5940.745174,Kuwait,6.236411186,8
KWT,1994,Occupational risks,Kuwait,5.04806459,426.941955,Kuwait,42.97042529,14929.74411,48.554923,1664361,1.682928163,NA,81.80853778,5940.745174,Kuwait,3.398737652,8
KWT,1995,Occupational asthmagens,Kuwait,1.91745661,271.8484809,Kuwait,42.49024539,16168.1656,48.36494769,1681513,1.356932715,NA,78.90116982,5807.333048,Kuwait,18.8411117,8
KWT,1995,Occupational carcinogens,Kuwait,0.063273468,6.182661826,Kuwait,42.49024539,16168.1656,48.36494769,1681513,1.356932715,NA,78.90116982,5807.333048,Kuwait,1.554248267,8
KWT,1995,"Occupational particulate matter, gases, and fumes",Kuwait,2.711067483,142.1879462,Kuwait,42.49024539,16168.1656,48.36494769,1681513,1.356932715,NA,78.90116982,5807.333048,Kuwait,6.275178132,8
KWT,1995,Occupational risks,Kuwait,4.691797561,420.2190889,Kuwait,42.49024539,16168.1656,48.36494769,1681513,1.356932715,NA,78.90116982,5807.333048,Kuwait,3.465876628,8
KWT,1996,Occupational asthmagens,Kuwait,1.86910495,273.1087641,Kuwait,42.23029558,18201.09586,49.25593735,1730246,1.305392035,NA,75.45133336,5665.290265,Kuwait,19.21807556,8
KWT,1996,Occupational carcinogens,Kuwait,0.054526438000000003,5.954040909,Kuwait,42.23029558,18201.09586,49.25593735,1730246,1.305392035,NA,75.45133336,5665.290265,Kuwait,1.579403877,8
KWT,1996,"Occupational particulate matter, gases, and fumes",Kuwait,2.703498951,143.9916182,Kuwait,42.23029558,18201.09586,49.25593735,1730246,1.305392035,NA,75.45133336,5665.290265,Kuwait,6.324434451,8
KWT,1996,Occupational risks,Kuwait,4.627130339,423.0544232,Kuwait,42.23029558,18201.09586,49.25593735,1730246,1.305392035,NA,75.45133336,5665.290265,Kuwait,3.522763865,8
KWT,1997,Occupational asthmagens,Kuwait,2.406128289,297.8533505,Kuwait,42.04173782,16977.38956,51.46445558,1787683,1.359301397,NA,79.8925919,5804.82792,Kuwait,19.46758932,8
KWT,1997,Occupational carcinogens,Kuwait,0.049698393,5.99065128,Kuwait,42.04173782,16977.38956,51.46445558,1787683,1.359301397,NA,79.8925919,5804.82792,Kuwait,1.594161644,8
KWT,1997,"Occupational particulate matter, gases, and fumes",Kuwait,3.275217734,159.3042103,Kuwait,42.04173782,16977.38956,51.46445558,1787683,1.359301397,NA,79.8925919,5804.82792,Kuwait,6.325220658,8
KWT,1997,Occupational risks,Kuwait,5.731044416,463.148212,Kuwait,42.04173782,16977.38956,51.46445558,1787683,1.359301397,NA,79.8925919,5804.82792,Kuwait,3.553098992,8
KWT,1998,Occupational asthmagens,Kuwait,2.287532912,309.1903228,Kuwait,41.86136544,14066.95096,54.29382626,1844302,1.419751212,NA,88.5110096,6185.790524,Kuwait,19.5841437,8
KWT,1998,Occupational carcinogens,Kuwait,0.040107454,6.047231677,Kuwait,41.86136544,14066.95096,54.29382626,1844302,1.419751212,NA,88.5110096,6185.790524,Kuwait,1.604816723,8
KWT,1998,"Occupational particulate matter, gases, and fumes",Kuwait,3.901303219,178.255631,Kuwait,41.86136544,14066.95096,54.29382626,1844302,1.419751212,NA,88.5110096,6185.790524,Kuwait,6.288288245,8
KWT,1998,Occupational risks,Kuwait,6.228943586,493.4931854,Kuwait,41.86136544,14066.95096,54.29382626,1844302,1.419751212,NA,88.5110096,6185.790524,Kuwait,3.564219361,8
KWT,1999,Occupational asthmagens,Kuwait,2.33077553,322.8486444,Kuwait,41.6876795,15853.62644,57.04737326,1900030,1.482819083,NA,89.08339589,6285.936321,Kuwait,20.02518191,8
KWT,1999,Occupational carcinogens,Kuwait,0.043564871,6.389157022,Kuwait,41.6876795,15853.62644,57.04737326,1900030,1.482819083,NA,89.08339589,6285.936321,Kuwait,1.621321195,8
KWT,1999,"Occupational particulate matter, gases, and fumes",Kuwait,4.063582724,183.9734564,Kuwait,41.6876795,15853.62644,57.04737326,1900030,1.482819083,NA,89.08339589,6285.936321,Kuwait,6.255837883,8
KWT,1999,Occupational risks,Kuwait,6.437923125,513.2112578,Kuwait,41.6876795,15853.62644,57.04737326,1900030,1.482819083,NA,89.08339589,6285.936321,Kuwait,3.611185215,8
KWT,2000,Occupational asthmagens,Kuwait,2.460569634,337.7964473,Kuwait,41.51917242,19296.34717,59.02842044,1954709,1.543068559,20,91.63797898,6379.573561,Kuwait,20.51662291,8
KWT,2000,Occupational carcinogens,Kuwait,0.040179913,6.419751784,Kuwait,41.51917242,19296.34717,59.02842044,1954709,1.543068559,20,91.63797898,6379.573561,Kuwait,1.643624772,8
KWT,2000,"Occupational particulate matter, gases, and fumes",Kuwait,4.20385828,188.8702649,Kuwait,41.51917242,19296.34717,59.02842044,1954709,1.543068559,20,91.63797898,6379.573561,Kuwait,6.240419245,8
KWT,2000,Occupational risks,Kuwait,6.704607826,533.086464,Kuwait,41.51917242,19296.34717,59.02842044,1954709,1.543068559,20,91.63797898,6379.573561,Kuwait,3.669622557,8
KWT,2001,Occupational asthmagens,Kuwait,2.713378157,358.7726994,Kuwait,41.35396156,17374.23187,60.42273055,2008121,1.595147505,NA,88.43083269,6424.238835,Kuwait,20.73205556,8
KWT,2001,Occupational carcinogens,Kuwait,0.03027212,6.283425572,Kuwait,41.35396156,17374.23187,60.42273055,2008121,1.595147505,NA,88.43083269,6424.238835,Kuwait,1.649215699,8
KWT,2001,"Occupational particulate matter, gases, and fumes",Kuwait,3.207696908,173.0820539,Kuwait,41.35396156,17374.23187,60.42273055,2008121,1.595147505,NA,88.43083269,6424.238835,Kuwait,6.224182526,8
KWT,2001,Occupational risks,Kuwait,5.951347185,538.1381789,Kuwait,41.35396156,17374.23187,60.42273055,2008121,1.595147505,NA,88.43083269,6424.238835,Kuwait,3.690069901,8
KWT,2002,Occupational asthmagens,Kuwait,3.106953261,385.7239078,Kuwait,41.18993735,18512.7523,61.77713529,2059974,1.635118122,NA,99.23246523,6803.925295,Kuwait,21.13763784,8
KWT,2002,Occupational carcinogens,Kuwait,0.027657388,6.387205377,Kuwait,41.18993735,18512.7523,61.77713529,2059974,1.635118122,NA,99.23246523,6803.925295,Kuwait,1.672192265,8
KWT,2002,"Occupational particulate matter, gases, and fumes",Kuwait,3.581507139,185.1836754,Kuwait,41.18993735,18512.7523,61.77713529,2059974,1.635118122,NA,99.23246523,6803.925295,Kuwait,6.200818671,8
KWT,2002,Occupational risks,Kuwait,6.716117788,577.2947885,Kuwait,41.18993735,18512.7523,61.77713529,2059974,1.635118122,NA,99.23246523,6803.925295,Kuwait,3.742123373,8
KWT,2003,Occupational asthmagens,Kuwait,3.118231951,404.0610541,Kuwait,41.02496776,22690.65518,62.93656198,2109881,1.661562903,NA,99.02713418,6976.007745,Kuwait,21.63908198,8
KWT,2003,Occupational carcinogens,Kuwait,0.025741325,6.525652449,Kuwait,41.02496776,22690.65518,62.93656198,2109881,1.661562903,NA,99.02713418,6976.007745,Kuwait,1.7079305869999999,8
KWT,2003,"Occupational particulate matter, gases, and fumes",Kuwait,3.628742741,192.2725011,Kuwait,41.02496776,22690.65518,62.93656198,2109881,1.661562903,NA,99.02713418,6976.007745,Kuwait,6.191826476,8
KWT,2003,Occupational risks,Kuwait,6.772716016,602.8592077,Kuwait,41.02496776,22690.65518,62.93656198,2109881,1.661562903,NA,99.02713418,6976.007745,Kuwait,3.814552765,8
KWT,2004,Occupational asthmagens,Kuwait,3.235690479,427.3409952,Kuwait,40.85712829,27552.28274,63.74593795,2157320,1.675967943,NA,105.4787023,7313.408803,Kuwait,22.22213242,8
KWT,2004,Occupational carcinogens,Kuwait,0.037711678,7.066251679,Kuwait,40.85712829,27552.28274,63.74593795,2157320,1.675967943,NA,105.4787023,7313.408803,Kuwait,1.754633841,8
KWT,2004,"Occupational particulate matter, gases, and fumes",Kuwait,4.219588302,209.1073988,Kuwait,40.85712829,27552.28274,63.74593795,2157320,1.675967943,NA,105.4787023,7313.408803,Kuwait,6.188825294,8
KWT,2004,Occupational risks,Kuwait,7.492990458,643.5146456,Kuwait,40.85712829,27552.28274,63.74593795,2157320,1.675967943,NA,105.4787023,7313.408803,Kuwait,3.901734775,8
KWT,2005,Occupational asthmagens,Kuwait,3.675338663,463.253902,Kuwait,40.95621,36122.61427,64.05019054,2236788,1.687196104,19.5,117.8554295,7785.077586,Kuwait,22.85173615,8
KWT,2005,Occupational carcinogens,Kuwait,0.056180608,7.844123333,Kuwait,40.95621,36122.61427,64.05019054,2236788,1.687196104,19.5,117.8554295,7785.077586,Kuwait,1.812552927,8
KWT,2005,"Occupational particulate matter, gases, and fumes",Kuwait,5.061778895,231.1368846,Kuwait,40.95621,36122.61427,64.05019054,2236788,1.687196104,19.5,117.8554295,7785.077586,Kuwait,6.190160578,8
KWT,2005,Occupational risks,Kuwait,8.793298166,702.2349099,Kuwait,40.95621,36122.61427,64.05019054,2236788,1.687196104,19.5,117.8554295,7785.077586,Kuwait,4.000509513,8
KWT,2006,Occupational asthmagens,Kuwait,3.754231797,491.5310926,Kuwait,41.40114702,42946.63741,63.76965572,2364733,1.705921619,NA,122.9028123,8180.601575,Kuwait,23.1840192,8
KWT,2006,Occupational carcinogens,Kuwait,0.081993633,8.943063626,Kuwait,41.40114702,42946.63741,63.76965572,2364733,1.705921619,NA,122.9028123,8180.601575,Kuwait,1.850861181,8
KWT,2006,"Occupational particulate matter, gases, and fumes",Kuwait,5.733652555,251.6367319,Kuwait,41.40114702,42946.63741,63.76965572,2364733,1.705921619,NA,122.9028123,8180.601575,Kuwait,6.193283011,8
KWT,2006,Occupational risks,Kuwait,9.569877986,752.1108881,Kuwait,41.40114702,42946.63741,63.76965572,2364733,1.705921619,NA,122.9028123,8180.601575,Kuwait,4.057880303,8
KWT,2007,Occupational asthmagens,Kuwait,3.601508305,517.0524977,Kuwait,41.89648174,45709.41329,63.10068807,2507887,1.731876622,NA,122.7785983,8523.518727,Kuwait,23.52652138,8
KWT,2007,Occupational carcinogens,Kuwait,0.099244233,9.926352247,Kuwait,41.89648174,45709.41329,63.10068807,2507887,1.731876622,NA,122.7785983,8523.518727,Kuwait,1.889741711,8
KWT,2007,"Occupational particulate matter, gases, and fumes",Kuwait,5.746857814,259.6701768,Kuwait,41.89648174,45709.41329,63.10068807,2507887,1.731876622,NA,122.7785983,8523.518727,Kuwait,6.196705139,8
KWT,2007,Occupational risks,Kuwait,9.447610351,786.6490267,Kuwait,41.89648174,45709.41329,63.10068807,2507887,1.731876622,NA,122.7785983,8523.518727,Kuwait,4.115793671,8
KWT,2008,Occupational asthmagens,Kuwait,3.970524012,557.4401007,Kuwait,42.33744849,55585.18893,62.30224281,2651421,1.758943932,NA,136.1052926,9256.580387,Kuwait,23.54080506,8
KWT,2008,Occupational carcinogens,Kuwait,0.129325028,11.37534511,Kuwait,42.33744849,55585.18893,62.30224281,2651421,1.758943932,NA,136.1052926,9256.580387,Kuwait,1.894344398,8
KWT,2008,"Occupational particulate matter, gases, and fumes",Kuwait,6.547999737,286.8988199,Kuwait,42.33744849,55585.18893,62.30224281,2651421,1.758943932,NA,136.1052926,9256.580387,Kuwait,6.195111236,8
KWT,2008,Occupational risks,Kuwait,10.64784878,855.7142657,Kuwait,42.33744849,55585.18893,62.30224281,2651421,1.758943932,NA,136.1052926,9256.580387,Kuwait,4.116776843,8
KWT,2009,Occupational asthmagens,Kuwait,3.530259768,572.4196865,Kuwait,42.72891564,37907.10013,61.63327516,2795484,1.784878754,NA,128.3856761,9474.765184,Kuwait,23.64669272,8
KWT,2009,Occupational carcinogens,Kuwait,0.145313956,12.37752709,Kuwait,42.72891564,37907.10013,61.63327516,2795484,1.784878754,NA,128.3856761,9474.765184,Kuwait,1.910567088,8
KWT,2009,"Occupational particulate matter, gases, and fumes",Kuwait,5.999370773,282.1632876,Kuwait,42.72891564,37907.10013,61.63327516,2795484,1.784878754,NA,128.3856761,9474.765184,Kuwait,6.190349607,8
KWT,2009,Occupational risks,Kuwait,9.674944496,866.9605012,Kuwait,42.72891564,37907.10013,61.63327516,2795484,1.784878754,NA,128.3856761,9474.765184,Kuwait,4.136333843,8
KWT,2010,Occupational asthmagens,Kuwait,2.816446759,572.2185075,Kuwait,43.06648973,39212.27267,61.35274034,2943372,1.814347934,18.9,118.8741777,9508.204852,Kuwait,23.71034962,8
KWT,2010,Occupational carcinogens,Kuwait,0.143170719,12.72148383,Kuwait,43.06648973,39212.27267,61.35274034,2943372,1.814347934,18.9,118.8741777,9508.204852,Kuwait,1.917416916,8
KWT,2010,"Occupational particulate matter, gases, and fumes",Kuwait,5.656530815,279.6660112,Kuwait,43.06648973,39212.27267,61.35274034,2943372,1.814347934,18.9,118.8741777,9508.204852,Kuwait,6.193858561,8
KWT,2010,Occupational risks,Kuwait,8.616148293,864.6060025,Kuwait,43.06648973,39212.27267,61.35274034,2943372,1.814347934,18.9,118.8741777,9508.204852,Kuwait,4.145809332,8
KWT,2011,Occupational asthmagens,Kuwait,2.61165033,587.1907064,Kuwait,43.01345595,49169.6064,65.11153441,3132814,1.865973871,NA,116.9280123,9800.888842,Kuwait,23.82155504,8
KWT,2011,Occupational carcinogens,Kuwait,0.153743587,13.43195185,Kuwait,43.01345595,49169.6064,65.11153441,3132814,1.865973871,NA,116.9280123,9800.888842,Kuwait,1.94110394,8
KWT,2011,"Occupational particulate matter, gases, and fumes",Kuwait,5.448888768,290.1262457,Kuwait,43.01345595,49169.6064,65.11153441,3132814,1.865973871,NA,116.9280123,9800.888842,Kuwait,6.205814666,8
KWT,2011,Occupational risks,Kuwait,8.214282686,890.7489039,Kuwait,43.01345595,49169.6064,65.11153441,3132814,1.865973871,NA,116.9280123,9800.888842,Kuwait,4.173573365,8
KWT,2012,Occupational asthmagens,Kuwait,2.49161493,594.4398708,Kuwait,42.69482548,52155.22255,65.13855841,3337109,1.953656326,NA,120.4782997,10112.72155,Kuwait,23.88204018,8
KWT,2012,Occupational carcinogens,Kuwait,0.166632932,14.11828175,Kuwait,42.69482548,52155.22255,65.13855841,3337109,1.953656326,NA,120.4782997,10112.72155,Kuwait,1.950057643,8
KWT,2012,"Occupational particulate matter, gases, and fumes",Kuwait,5.655632303,306.1881629,Kuwait,42.69482548,52155.22255,65.13855841,3337109,1.953656326,NA,120.4782997,10112.72155,Kuwait,6.223660276,8
KWT,2012,Occupational risks,Kuwait,8.313880165,914.7463155,Kuwait,42.69482548,52155.22255,65.13855841,3337109,1.953656326,NA,120.4782997,10112.72155,Kuwait,4.185044978,8
KWT,2013,Occupational asthmagens,Kuwait,2.063574754,584.394499,Kuwait,42.42760382,49651.04397,66.14124619,3507844,2.071729253,NA,121.2626064,10314.33405,Kuwait,23.95929685,8
KWT,2013,Occupational carcinogens,Kuwait,0.166525082,14.33083765,Kuwait,42.42760382,49651.04397,66.14124619,3507844,2.071729253,NA,121.2626064,10314.33405,Kuwait,1.961777166,8
KWT,2013,"Occupational particulate matter, gases, and fumes",Kuwait,5.440097949,315.0355908,Kuwait,42.42760382,49651.04397,66.14124619,3507844,2.071729253,NA,121.2626064,10314.33405,Kuwait,6.250533455,8
KWT,2013,Occupational risks,Kuwait,7.670197785,913.7609275,Kuwait,42.42760382,49651.04397,66.14124619,3507844,2.071729253,NA,121.2626064,10314.33405,Kuwait,4.200470823,8
KWT,2014,Occupational asthmagens,Kuwait,1.797627496,576.7906897,Kuwait,41.95087739,44368.78137,50.02893187,3665876,2.217694746,NA,122.9332008,10506.43464,Kuwait,23.9507119,8
KWT,2014,Occupational carcinogens,Kuwait,0.149635509,14.12463339,Kuwait,41.95087739,44368.78137,50.02893187,3665876,2.217694746,NA,122.9332008,10506.43464,Kuwait,1.951675718,8
KWT,2014,"Occupational particulate matter, gases, and fumes",Kuwait,5.488822685,327.0381255,Kuwait,41.95087739,44368.78137,50.02893187,3665876,2.217694746,NA,122.9332008,10506.43464,Kuwait,6.279838621,8
KWT,2014,Occupational risks,Kuwait,7.4360856890000004,917.9534486,Kuwait,41.95087739,44368.78137,50.02893187,3665876,2.217694746,NA,122.9332008,10506.43464,Kuwait,4.190407386,8
KWT,2015,Occupational asthmagens,Kuwait,1.815091384,585.027656,Kuwait,41.25134895,29882.21269,64.54796443,3834574,2.408869685,18.3,125.7942237,10825.02433,Kuwait,23.87430364,8
KWT,2015,Occupational carcinogens,Kuwait,0.136640334,14.12270682,Kuwait,41.25134895,29882.21269,64.54796443,3834574,2.408869685,18.3,125.7942237,10825.02433,Kuwait,1.925194337,8
KWT,2015,"Occupational particulate matter, gases, and fumes",Kuwait,5.558607628,341.4067469,Kuwait,41.25134895,29882.21269,64.54796443,3834574,2.408869685,18.3,125.7942237,10825.02433,Kuwait,6.308786838,8
KWT,2015,Occupational risks,Kuwait,7.510339346,940.5571097,Kuwait,41.25134895,29882.21269,64.54796443,3834574,2.408869685,18.3,125.7942237,10825.02433,Kuwait,4.161280471,8
KWT,2016,Occupational asthmagens,Kuwait,1.57958074,591.9783121,Kuwait,40.3654522,27323.68906,59.23195606,4004096,2.638443186,NA,115.3432363,10955.10062,Kuwait,23.93676352,8
KWT,2016,Occupational carcinogens,Kuwait,0.117519652,14.01108539,Kuwait,40.3654522,27323.68906,59.23195606,4004096,2.638443186,NA,115.3432363,10955.10062,Kuwait,1.914291881,8
KWT,2016,"Occupational particulate matter, gases, and fumes",Kuwait,4.939739099,348.8129016,Kuwait,40.3654522,27323.68906,59.23195606,4004096,2.638443186,NA,115.3432363,10955.10062,Kuwait,6.337957704,8
KWT,2016,Occupational risks,Kuwait,6.636839491,954.8022991,Kuwait,40.3654522,27323.68906,59.23195606,4004096,2.638443186,NA,115.3432363,10955.10062,Kuwait,4.156904687,8
KWT,2017,Occupational asthmagens,Kuwait,1.49466818,604.7976801,Kuwait,39.30907862,29047.65358,58.12917197,4154812,2.917116811,NA,114.6048184,11236.41337,Kuwait,23.95160269,8
KWT,2017,Occupational carcinogens,Kuwait,0.11489545600000001,14.28464914,Kuwait,39.30907862,29047.65358,58.12917197,4154812,2.917116811,NA,114.6048184,11236.41337,Kuwait,1.901013888,8
KWT,2017,"Occupational particulate matter, gases, and fumes",Kuwait,4.981586503,365.6429254,Kuwait,39.30907862,29047.65358,58.12917197,4154812,2.917116811,NA,114.6048184,11236.41337,Kuwait,6.369563301,8
KWT,2017,Occupational risks,Kuwait,6.591150139,984.7252547,Kuwait,39.30907862,29047.65358,58.12917197,4154812,2.917116811,NA,114.6048184,11236.41337,Kuwait,4.147966078,8
KWT,2018,Occupational asthmagens,Kuwait,1.519488775,620.3928509,Kuwait,38.42633102,32067.96237,63.45835545,4323515,3.243209173,17.9,118.5548243,11664.08153,Kuwait,23.88525576,8
KWT,2018,Occupational carcinogens,Kuwait,0.119557291,14.76229298,Kuwait,38.42633102,32067.96237,63.45835545,4323515,3.243209173,17.9,118.5548243,11664.08153,Kuwait,1.892820777,8
KWT,2018,"Occupational particulate matter, gases, and fumes",Kuwait,5.153326877,388.1761914,Kuwait,38.42633102,32067.96237,63.45835545,4323515,3.243209173,17.9,118.5548243,11664.08153,Kuwait,6.403525998,8
KWT,2018,Occupational risks,Kuwait,6.792372943,1023.331335,Kuwait,38.42633102,32067.96237,63.45835545,4323515,3.243209173,17.9,118.5548243,11664.08153,Kuwait,4.137263265,8
KWT,2019,Occupational asthmagens,Kuwait,1.612120089,637.026998,Kuwait,38.31848369,31707.87375,52.7825055,4442316,3.603613845,17.9,126.7542843,12179.12813,Kuwait,23.71955951,8
KWT,2019,Occupational carcinogens,Kuwait,0.12934464,15.35878206,Kuwait,38.31848369,31707.87375,52.7825055,4442316,3.603613845,17.9,126.7542843,12179.12813,Kuwait,1.872833889,8
KWT,2019,"Occupational particulate matter, gases, and fumes",Kuwait,5.546502543,412.8989935,Kuwait,38.31848369,31707.87375,52.7825055,4442316,3.603613845,17.9,126.7542843,12179.12813,Kuwait,6.432773831,8
KWT,2019,Occupational risks,Kuwait,7.287967272,1065.284774,Kuwait,38.31848369,31707.87375,52.7825055,4442316,3.603613845,17.9,126.7542843,12179.12813,Kuwait,4.108580419,8
KWT,2020,Occupational asthmagens,Kuwait,1.793550697,661.55517,Kuwait,39.05949442,25236.07555,53.71514344,4400267,3.99581241,17.9,139.0340466,12790.615,Kuwait,23.595529,8
KWT,2020,Occupational carcinogens,Kuwait,0.143392808,15.9494712,Kuwait,39.05949442,25236.07555,53.71514344,4400267,3.99581241,17.9,139.0340466,12790.615,Kuwait,1.863923451,8
KWT,2020,"Occupational particulate matter, gases, and fumes",Kuwait,6.266382085,444.41496,Kuwait,39.05949442,25236.07555,53.71514344,4400267,3.99581241,17.9,139.0340466,12790.615,Kuwait,6.455948898,8
KWT,2020,Occupational risks,Kuwait,8.20332559,1121.919601,Kuwait,39.05949442,25236.07555,53.71514344,4400267,3.99581241,17.9,139.0340466,12790.615,Kuwait,4.092394258,8
KWT,2021,Occupational asthmagens,Kuwait,1.816573722,681.4229238,Kuwait,39.33829136,34043.54215,NA,4360865,3.423305417,NA,140.6886963,13198.529270000001,Kuwait,23.47103622,8
KWT,2021,Occupational carcinogens,Kuwait,0.147735513,16.40350641,Kuwait,39.33829136,34043.54215,NA,4360865,3.423305417,NA,140.6886963,13198.529270000001,Kuwait,1.857195531,8
KWT,2021,"Occupational particulate matter, gases, and fumes",Kuwait,6.164511472,462.5678152,Kuwait,39.33829136,34043.54215,NA,4360865,3.423305417,NA,140.6886963,13198.529270000001,Kuwait,6.476361429,8
KWT,2021,Occupational risks,Kuwait,8.128820707,1160.394245,Kuwait,39.33829136,34043.54215,NA,4360865,3.423305417,NA,140.6886963,13198.529270000001,Kuwait,4.078053798,8
LBN,1990,Occupational asthmagens,Lebanon,4.967946906,435.963462,Lebanon,50.6096506,789.5263385,16.4011832,3595175,4.079120499,NA,723.3951547,26173.07374,Lebanon,10.40815137,9
LBN,1990,Occupational carcinogens,Lebanon,0.26587686,7.750150265,Lebanon,50.6096506,789.5263385,16.4011832,3595175,4.079120499,NA,723.3951547,26173.07374,Lebanon,0.822382336,9
LBN,1990,"Occupational particulate matter, gases, and fumes",Lebanon,70.05954801,1769.562987,Lebanon,50.6096506,789.5263385,16.4011832,3595175,4.079120499,NA,723.3951547,26173.07374,Lebanon,6.154725009,9
LBN,1990,Occupational risks,Lebanon,75.29337177,2213.276599,Lebanon,50.6096506,789.5263385,16.4011832,3595175,4.079120499,NA,723.3951547,26173.07374,Lebanon,2.215914117,9
LBN,1991,Occupational asthmagens,Lebanon,4.724950044,430.5625137,Lebanon,50.61003082,1278.421257,17.04126097,3668912,4.162336932,NA,707.7953729,25920.81797,Lebanon,10.47102327,9
LBN,1991,Occupational carcinogens,Lebanon,0.271472682,7.920564489,Lebanon,50.61003082,1278.421257,17.04126097,3668912,4.162336932,NA,707.7953729,25920.81797,Lebanon,0.831202123,9
LBN,1991,"Occupational particulate matter, gases, and fumes",Lebanon,67.70014466,1720.733035,Lebanon,50.61003082,1278.421257,17.04126097,3668912,4.162336932,NA,707.7953729,25920.81797,Lebanon,6.167100716,9
LBN,1991,Occupational risks,Lebanon,72.69656738,2159.216113,Lebanon,50.61003082,1278.421257,17.04126097,3668912,4.162336932,NA,707.7953729,25920.81797,Lebanon,2.229018077,9
LBN,1992,Occupational asthmagens,Lebanon,4.678258985,431.1929138,Lebanon,50.56761127,1559.381006,17.60509767,3747371,4.259786394,NA,716.2806147,26256.26157,Lebanon,10.46449947,9
LBN,1992,Occupational carcinogens,Lebanon,0.281183446,8.176560896,Lebanon,50.56761127,1559.381006,17.60509767,3747371,4.259786394,NA,716.2806147,26256.26157,Lebanon,0.836327702,9
LBN,1992,"Occupational particulate matter, gases, and fumes",Lebanon,68.25155613,1741.005815,Lebanon,50.56761127,1559.381006,17.60509767,3747371,4.259786394,NA,716.2806147,26256.26157,Lebanon,6.177699354,9
LBN,1992,Occupational risks,Lebanon,73.21099856,2180.37529,Lebanon,50.56761127,1559.381006,17.60509767,3747371,4.259786394,NA,716.2806147,26256.26157,Lebanon,2.231908942,9
LBN,1993,Occupational asthmagens,Lebanon,4.75257485,438.8637249,Lebanon,50.53000186,2078.638642,18.05483448,3820647,4.36738856,NA,729.0350355,26677.71115,Lebanon,10.62084481,9
LBN,1993,Occupational carcinogens,Lebanon,0.292204927,8.448342005,Lebanon,50.53000186,2078.638642,18.05483448,3820647,4.36738856,NA,729.0350355,26677.71115,Lebanon,0.854245555,9
LBN,1993,"Occupational particulate matter, gases, and fumes",Lebanon,69.35066454,1772.37512,Lebanon,50.53000186,2078.638642,18.05483448,3820647,4.36738856,NA,729.0350355,26677.71115,Lebanon,6.195019529,9
LBN,1993,Occupational risks,Lebanon,74.39544432,2219.687187,Lebanon,50.53000186,2078.638642,18.05483448,3820647,4.36738856,NA,729.0350355,26677.71115,Lebanon,2.262259394,9
LBN,1994,Occupational asthmagens,Lebanon,4.384411552,421.0866376,Lebanon,50.49723649,2467.769427,18.35261256,3889799,4.480655684,NA,722.5282351,26619.86173,Lebanon,10.33467608,9
LBN,1994,Occupational carcinogens,Lebanon,0.30200261,8.699137649,Lebanon,50.49723649,2467.769427,18.35261256,3889799,4.480655684,NA,722.5282351,26619.86173,Lebanon,0.840113255,9
LBN,1994,"Occupational particulate matter, gases, and fumes",Lebanon,68.45524235,1756.253189,Lebanon,50.49723649,2467.769427,18.35261256,3889799,4.480655684,NA,722.5282351,26619.86173,Lebanon,6.211230335,9
LBN,1994,Occupational risks,Lebanon,73.14165651,2186.038965,Lebanon,50.49723649,2467.769427,18.35261256,3889799,4.480655684,NA,722.5282351,26619.86173,Lebanon,2.220876168,9
LBN,1995,Occupational asthmagens,Lebanon,4.263263573,423.1800908,Lebanon,50.46820855,2958.74264,18.46057307,3960735,4.595359195,NA,719.9310488,26657.58033,Lebanon,10.51100729,9
LBN,1995,Occupational carcinogens,Lebanon,0.32906894799999997,9.39516007,Lebanon,50.46820855,2958.74264,18.46057307,3960735,4.595359195,NA,719.9310488,26657.58033,Lebanon,0.859900314,9
LBN,1995,"Occupational particulate matter, gases, and fumes",Lebanon,67.39339502,1735.561509,Lebanon,50.46820855,2958.74264,18.46057307,3960735,4.595359195,NA,719.9310488,26657.58033,Lebanon,6.2235536400000004,9
LBN,1995,Occupational risks,Lebanon,71.98572754,2168.13676,Lebanon,50.46820855,2958.74264,18.46057307,3960735,4.595359195,NA,719.9310488,26657.58033,Lebanon,2.254062034,9
LBN,1996,Occupational asthmagens,Lebanon,4.074281741,415.7143327,Lebanon,50.44224209,3393.050907,18.4111216,4034781,4.708198537,NA,730.0167034,26976.46813,Lebanon,10.3246322,9
LBN,1996,Occupational carcinogens,Lebanon,0.343592423,9.734785973,Lebanon,50.44224209,3393.050907,18.4111216,4034781,4.708198537,NA,730.0167034,26976.46813,Lebanon,0.854066088,9
LBN,1996,"Occupational particulate matter, gases, and fumes",Lebanon,68.3603351,1760.210791,Lebanon,50.44224209,3393.050907,18.4111216,4034781,4.708198537,NA,730.0167034,26976.46813,Lebanon,6.221965956,9
LBN,1996,Occupational risks,Lebanon,72.77820926,2185.65991,Lebanon,50.44224209,3393.050907,18.4111216,4034781,4.708198537,NA,730.0167034,26976.46813,Lebanon,2.228091841,9
LBN,1997,Occupational asthmagens,Lebanon,4.044402268,417.652778,Lebanon,50.41881217,3834.059079,18.29259542,4108405,4.817246596,NA,749.2645302,27492.99388,Lebanon,10.32304242,9
LBN,1997,Occupational carcinogens,Lebanon,0.360562707,10.12781355,Lebanon,50.41881217,3834.059079,18.29259542,4108405,4.817246596,NA,749.2645302,27492.99388,Lebanon,0.86177957,9
LBN,1997,"Occupational particulate matter, gases, and fumes",Lebanon,70.3260295,1806.586688,Lebanon,50.41881217,3834.059079,18.29259542,4108405,4.817246596,NA,749.2645302,27492.99388,Lebanon,6.219243442,9
LBN,1997,Occupational risks,Lebanon,74.73099448,2234.36728,Lebanon,50.41881217,3834.059079,18.29259542,4108405,4.817246596,NA,749.2645302,27492.99388,Lebanon,2.231302893,9
LBN,1998,Occupational asthmagens,Lebanon,3.9505906,419.4332621,Lebanon,50.39752172,4124.855279,18.15103325,4181281,4.921422406,NA,761.7538686,27860.48259,Lebanon,10.38452155,9
LBN,1998,Occupational carcinogens,Lebanon,0.376653332,10.4923201,Lebanon,50.39752172,4124.855279,18.15103325,4181281,4.921422406,NA,761.7538686,27860.48259,Lebanon,0.874651477,9
LBN,1998,"Occupational particulate matter, gases, and fumes",Lebanon,70.97097024,1823.196798,Lebanon,50.39752172,4124.855279,18.15103325,4181281,4.921422406,NA,761.7538686,27860.48259,Lebanon,6.213278728,9
LBN,1998,Occupational risks,Lebanon,75.29821417,2253.12238,Lebanon,50.39752172,4124.855279,18.15103325,4181281,4.921422406,NA,761.7538686,27860.48259,Lebanon,2.244451358,9
LBN,1999,Occupational asthmagens,Lebanon,3.864439208,419.2672382,Lebanon,50.3784595,4086.938728,18.03247382,4255277,5.019978723,NA,772.8603054,28135.93605,Lebanon,10.36814395,9
LBN,1999,Occupational carcinogens,Lebanon,0.3933717,10.82621879,Lebanon,50.3784595,4086.938728,18.03247382,4255277,5.019978723,NA,772.8603054,28135.93605,Lebanon,0.880371233,9
LBN,1999,"Occupational particulate matter, gases, and fumes",Lebanon,72.42168881,1853.539147,Lebanon,50.3784595,4086.938728,18.03247382,4255277,5.019978723,NA,772.8603054,28135.93605,Lebanon,6.203194616,9
LBN,1999,Occupational risks,Lebanon,76.67949972,2283.632604,Lebanon,50.3784595,4086.938728,18.03247382,4255277,5.019978723,NA,772.8603054,28135.93605,Lebanon,2.243583642,9
LBN,2000,Occupational asthmagens,Lebanon,3.735225894,415.9523807,Lebanon,50.3610712,3986.835139,17.98295583,4329340,5.1133666,40.2,795.2772362,28649.09133,Lebanon,10.27965144,9
LBN,2000,Occupational carcinogens,Lebanon,0.431931936,11.71998637,Lebanon,50.3610712,3986.835139,17.98295583,4329340,5.1133666,40.2,795.2772362,28649.09133,Lebanon,0.882916929,9
LBN,2000,"Occupational particulate matter, gases, and fumes",Lebanon,74.04077673,1888.87014,Lebanon,50.3610712,3986.835139,17.98295583,4329340,5.1133666,40.2,795.2772362,28649.09133,Lebanon,6.188694569,9
LBN,2000,Occupational risks,Lebanon,78.20793456,2316.542507,Lebanon,50.3610712,3986.835139,17.98295583,4329340,5.1133666,40.2,795.2772362,28649.09133,Lebanon,2.232278547,9
LBN,2001,Occupational asthmagens,Lebanon,3.798836022,421.8165235,Lebanon,50.34491783,4009.559298,18.01627136,4401918,5.20422007,NA,831.3320806,29421.27334,Lebanon,10.34777266,9
LBN,2001,Occupational carcinogens,Lebanon,0.45590252,12.17676788,Lebanon,50.34491783,4009.559298,18.01627136,4401918,5.20422007,NA,831.3320806,29421.27334,Lebanon,0.894938928,9
LBN,2001,"Occupational particulate matter, gases, and fumes",Lebanon,77.71895036,1963.323973,Lebanon,50.34491783,4009.559298,18.01627136,4401918,5.20422007,NA,831.3320806,29421.27334,Lebanon,6.181160231,9
LBN,2001,Occupational risks,Lebanon,81.9736889,2397.317265,Lebanon,50.34491783,4009.559298,18.01627136,4401918,5.20422007,NA,831.3320806,29421.27334,Lebanon,2.245321572,9
LBN,2002,Occupational asthmagens,Lebanon,3.90551563,427.3053013,Lebanon,50.33027863,4290.852838,18.10862327,4463504,5.295704899,NA,887.5681709,30508.31216,Lebanon,10.39268944,9
LBN,2002,Occupational carcinogens,Lebanon,0.49111633,12.83884705,Lebanon,50.33027863,4290.852838,18.10862327,4463504,5.295704899,NA,887.5681709,30508.31216,Lebanon,0.906092518,9
LBN,2002,"Occupational particulate matter, gases, and fumes",Lebanon,83.63855006,2078.578445,Lebanon,50.33027863,4290.852838,18.10862327,4463504,5.295704899,NA,887.5681709,30508.31216,Lebanon,6.178158062,9
LBN,2002,Occupational risks,Lebanon,88.03518202,2518.722593,Lebanon,50.33027863,4290.852838,18.10862327,4463504,5.295704899,NA,887.5681709,30508.31216,Lebanon,2.255535168,9
LBN,2003,Occupational asthmagens,Lebanon,3.936131773,428.3133034,Lebanon,50.31669373,4437.715885,18.24966652,4525508,5.386344982,NA,940.115595,31483.57148,Lebanon,10.40414409,9
LBN,2003,Occupational carcinogens,Lebanon,0.526671838,13.49304123,Lebanon,50.31669373,4437.715885,18.24966652,4525508,5.386344982,NA,940.115595,31483.57148,Lebanon,0.915887108,9
LBN,2003,"Occupational particulate matter, gases, and fumes",Lebanon,88.7537873,2175.546753,Lebanon,50.31669373,4437.715885,18.24966652,4525508,5.386344982,NA,940.115595,31483.57148,Lebanon,6.171973993,9
LBN,2003,Occupational risks,Lebanon,93.21659091,2617.353098,Lebanon,50.31669373,4437.715885,18.24966652,4525508,5.386344982,NA,940.115595,31483.57148,Lebanon,2.260910827,9
LBN,2004,Occupational asthmagens,Lebanon,4.059997931,435.8382801,Lebanon,50.30410201,4600.683714,18.42905604,4599279,5.470998824,NA,993.2188154,32467.24867,Lebanon,10.46703827,9
LBN,2004,Occupational carcinogens,Lebanon,0.562093293,14.09742099,Lebanon,50.30410201,4600.683714,18.42905604,4599279,5.470998824,NA,993.2188154,32467.24867,Lebanon,0.927436303,9
LBN,2004,"Occupational particulate matter, gases, and fumes",Lebanon,95.31052603,2298.933397,Lebanon,50.30410201,4600.683714,18.42905604,4599279,5.470998824,NA,993.2188154,32467.24867,Lebanon,6.160200485,9
LBN,2004,Occupational risks,Lebanon,99.93261726,2748.869098,Lebanon,50.30410201,4600.683714,18.42905604,4599279,5.470998824,NA,993.2188154,32467.24867,Lebanon,2.272148237,9
LBN,2005,Occupational asthmagens,Lebanon,4.174281893,446.2649929,Lebanon,50.29319628,4602.198046,18.63644677,4671102,5.550371197,39.7,1052.848734,33627.49518,Lebanon,10.57004237,9
LBN,2005,Occupational carcinogens,Lebanon,0.593292178,14.60842387,Lebanon,50.29319628,4602.198046,18.63644677,4671102,5.550371197,39.7,1052.848734,33627.49518,Lebanon,0.941321343,9
LBN,2005,"Occupational particulate matter, gases, and fumes",Lebanon,101.7354576,2419.359998,Lebanon,50.29319628,4602.198046,18.63644677,4671102,5.550371197,39.7,1052.848734,33627.49518,Lebanon,6.14781426,9
LBN,2005,Occupational risks,Lebanon,106.5030317,2880.233415,Lebanon,50.29319628,4602.198046,18.63644677,4671102,5.550371197,39.7,1052.848734,33627.49518,Lebanon,2.288898247,9
LBN,2006,Occupational asthmagens,Lebanon,4.18569463,452.865394,Lebanon,50.29009904,4635.251412,19.12891925,4751136,5.626937892,NA,1106.899172,34669.17358,Lebanon,10.56273703,9
LBN,2006,Occupational carcinogens,Lebanon,0.623948222,15.10081309,Lebanon,50.29009904,4635.251412,19.12891925,4751136,5.626937892,NA,1106.899172,34669.17358,Lebanon,0.947276626,9
LBN,2006,"Occupational particulate matter, gases, and fumes",Lebanon,107.5629367,2527.301739,Lebanon,50.29009904,4635.251412,19.12891925,4751136,5.626937892,NA,1106.899172,34669.17358,Lebanon,6.138081511,9
LBN,2006,Occupational risks,Lebanon,112.3725796,2995.267946,Lebanon,50.29009904,4635.251412,19.12891925,4751136,5.626937892,NA,1106.899172,34669.17358,Lebanon,2.288682997,9
LBN,2007,Occupational asthmagens,Lebanon,4.229816778,464.6544777,Lebanon,50.28782323,5125.2581,19.9880976,4844118,5.702121036,NA,1157.396676,35707.02957,Lebanon,10.66674377,9
LBN,2007,Occupational carcinogens,Lebanon,0.655621686,15.60352469,Lebanon,50.28782323,5125.2581,19.9880976,4844118,5.702121036,NA,1157.396676,35707.02957,Lebanon,0.961582583,9
LBN,2007,"Occupational particulate matter, gases, and fumes",Lebanon,112.7786503,2621.555932,Lebanon,50.28782323,5125.2581,19.9880976,4844118,5.702121036,NA,1157.396676,35707.02957,Lebanon,6.124611918,9
LBN,2007,Occupational risks,Lebanon,117.6640887,3101.813934,Lebanon,50.28782323,5125.2581,19.9880976,4844118,5.702121036,NA,1157.396676,35707.02957,Lebanon,2.305424664,9
LBN,2008,Occupational asthmagens,Lebanon,4.241352568,476.503416,Lebanon,50.28052806,5912.045328,20.94045219,4925354,5.778346671,NA,1203.453794,36639.12362,Lebanon,10.79277083,9
LBN,2008,Occupational carcinogens,Lebanon,0.689527946,16.14452951,Lebanon,50.28052806,5912.045328,20.94045219,4925354,5.778346671,NA,1203.453794,36639.12362,Lebanon,0.975526779,9
LBN,2008,"Occupational particulate matter, gases, and fumes",Lebanon,117.3413711,2701.341255,Lebanon,50.28052806,5912.045328,20.94045219,4925354,5.778346671,NA,1203.453794,36639.12362,Lebanon,6.109121651,9
LBN,2008,Occupational risks,Lebanon,122.2722516,3193.989201,Lebanon,50.28052806,5912.045328,20.94045219,4925354,5.778346671,NA,1203.453794,36639.12362,Lebanon,2.323614667,9
LBN,2009,Occupational asthmagens,Lebanon,4.218364926,487.1483894,Lebanon,50.27181936,7090.854939,21.71245335,4992287,5.858047209,NA,1240.915776,37383.38801,Lebanon,10.93912253,9
LBN,2009,Occupational carcinogens,Lebanon,0.722462441,16.64894229,Lebanon,50.27181936,7090.854939,21.71245335,4992287,5.858047209,NA,1240.915776,37383.38801,Lebanon,0.990141182,9
LBN,2009,"Occupational particulate matter, gases, and fumes",Lebanon,120.9085844,2760.440021,Lebanon,50.27181936,7090.854939,21.71245335,4992287,5.858047209,NA,1240.915776,37383.38801,Lebanon,6.101604133,9
LBN,2009,Occupational risks,Lebanon,125.8494118,3264.237352,Lebanon,50.27181936,7090.854939,21.71245335,4992287,5.858047209,NA,1240.915776,37383.38801,Lebanon,2.34468178,9
LBN,2010,Occupational asthmagens,Lebanon,4.148847315,494.0911145,Lebanon,50.2594575,7625.810516,22.03057144,5041288,5.944324149,39.1,1272.214441,37905.40025,Lebanon,11.07353983,9
LBN,2010,Occupational carcinogens,Lebanon,0.73709591,16.7143447,Lebanon,50.2594575,7625.810516,22.03057144,5041288,5.944324149,39.1,1272.214441,37905.40025,Lebanon,1.005906333,9
LBN,2010,"Occupational particulate matter, gases, and fumes",Lebanon,123.3893958,2797.359182,Lebanon,50.2594575,7625.810516,22.03057144,5041288,5.944324149,39.1,1272.214441,37905.40025,Lebanon,6.10703815,9
LBN,2010,Occupational risks,Lebanon,128.2753391,3308.164641,Lebanon,50.2594575,7625.810516,22.03057144,5041288,5.944324149,39.1,1272.214441,37905.40025,Lebanon,2.366837892,9
LBN,2011,Occupational asthmagens,Lebanon,4.177551053,499.9638522,Lebanon,50.24357239,7834.962571,19.34509354,5096020,6.040978446,NA,1337.369293,39044.15345,Lebanon,11.14039819,9
LBN,2011,Occupational carcinogens,Lebanon,0.779347767,17.37069175,Lebanon,50.24357239,7834.962571,19.34509354,5096020,6.040978446,NA,1337.369293,39044.15345,Lebanon,1.017859422,9
LBN,2011,"Occupational particulate matter, gases, and fumes",Lebanon,129.4444182,2908.52683,Lebanon,50.24357239,7834.962571,19.34509354,5096020,6.040978446,NA,1337.369293,39044.15345,Lebanon,6.124511235,9
LBN,2011,Occupational risks,Lebanon,134.4013171,3425.861374,Lebanon,50.24357239,7834.962571,19.34509354,5096020,6.040978446,NA,1337.369293,39044.15345,Lebanon,2.38062509,9
LBN,2012,Occupational asthmagens,Lebanon,4.10033735,502.3986692,Lebanon,50.22541218,8406.984056,18.78419579,5235742,6.151773712,NA,1378.852561,39778.17514,Lebanon,11.19112752,9
LBN,2012,Occupational carcinogens,Lebanon,0.829150211,18.11684175,Lebanon,50.22541218,8406.984056,18.78419579,5235742,6.151773712,NA,1378.852561,39778.17514,Lebanon,1.028435237,9
LBN,2012,"Occupational particulate matter, gases, and fumes",Lebanon,132.7915264,2972.107834,Lebanon,50.22541218,8406.984056,18.78419579,5235742,6.151773712,NA,1378.852561,39778.17514,Lebanon,6.127794768,9
LBN,2012,Occupational risks,Lebanon,137.7210139,3492.623345,Lebanon,50.22541218,8406.984056,18.78419579,5235742,6.151773712,NA,1378.852561,39778.17514,Lebanon,2.390283329,9
LBN,2013,Occupational asthmagens,Lebanon,4.117912066,526.1778476,Lebanon,50.20654009,8162.379294,20.25074642,5743436,6.284913222,NA,1420.827226,40997.51288,Lebanon,11.39255053,9
LBN,2013,Occupational carcinogens,Lebanon,0.872822327,18.93894656,Lebanon,50.20654009,8162.379294,20.25074642,5743436,6.284913222,NA,1420.827226,40997.51288,Lebanon,1.050645979,9
LBN,2013,"Occupational particulate matter, gases, and fumes",Lebanon,136.0458475,3045.071227,Lebanon,50.20654009,8162.379294,20.25074642,5743436,6.284913222,NA,1420.827226,40997.51288,Lebanon,6.059436144,9
LBN,2013,Occupational risks,Lebanon,141.0365819,3590.188021,Lebanon,50.20654009,8162.379294,20.25074642,5743436,6.284913222,NA,1420.827226,40997.51288,Lebanon,2.416823794,9
LBN,2014,Occupational asthmagens,Lebanon,4.166175563,570.6662262,Lebanon,50.18743527,7577.64133,20.36311985,6346990,6.438980805,NA,1462.012095,42750.97034,Lebanon,11.69796337,9
LBN,2014,Occupational carcinogens,Lebanon,0.91910462,20.00664703,Lebanon,50.18743527,7577.64133,20.36311985,6346990,6.438980805,NA,1462.012095,42750.97034,Lebanon,1.083959627,9
LBN,2014,"Occupational particulate matter, gases, and fumes",Lebanon,138.4241148,3111.546761,Lebanon,50.18743527,7577.64133,20.36311985,6346990,6.438980805,NA,1462.012095,42750.97034,Lebanon,5.935656724,9
LBN,2014,Occupational risks,Lebanon,143.509395,3702.219634,Lebanon,50.18743527,7577.64133,20.36311985,6346990,6.438980805,NA,1462.012095,42750.97034,Lebanon,2.45658747,9
LBN,2015,Occupational asthmagens,Lebanon,4.143753199,608.8697586,Lebanon,50.28155407,7714.11,20.68614677,6472469,6.789580607,38.7,1487.256566,43992.3425,Lebanon,12.03538126,9
LBN,2015,Occupational carcinogens,Lebanon,0.928840343,20.21910726,Lebanon,50.28155407,7714.11,20.68614677,6472469,6.789580607,38.7,1487.256566,43992.3425,Lebanon,1.119875636,9
LBN,2015,"Occupational particulate matter, gases, and fumes",Lebanon,138.9008949,3134.915465,Lebanon,50.28155407,7714.11,20.68614677,6472469,6.789580607,38.7,1487.256566,43992.3425,Lebanon,5.883713883,9
LBN,2015,Occupational risks,Lebanon,143.9734884,3764.004331,Lebanon,50.28155407,7714.11,20.68614677,6472469,6.789580607,38.7,1487.256566,43992.3425,Lebanon,2.507957033,9
LBN,2016,Occupational asthmagens,Lebanon,3.972962939,611.8039372,Lebanon,50.50130008,8089.012088,19.36023611,6323060,7.327868732,NA,1493.311377,44128.86602,Lebanon,12.22835028,9
LBN,2016,Occupational carcinogens,Lebanon,0.962628102,20.5845226,Lebanon,50.50130008,8089.012088,19.36023611,6323060,7.327868732,NA,1493.311377,44128.86602,Lebanon,1.142648069,9
LBN,2016,"Occupational particulate matter, gases, and fumes",Lebanon,137.6396799,3113.172739,Lebanon,50.50130008,8089.012088,19.36023611,6323060,7.327868732,NA,1493.311377,44128.86602,Lebanon,5.9445572,9
LBN,2016,Occupational risks,Lebanon,142.575271,3745.561199,Lebanon,50.50130008,8089.012088,19.36023611,6323060,7.327868732,NA,1493.311377,44128.86602,Lebanon,2.545823978,9
LBN,2017,Occupational asthmagens,Lebanon,3.794231084,602.8349537,Lebanon,50.74071513,8608.21085,18.89146139,6160128,7.847150254,NA,1496.432256,43973.1064,Lebanon,12.34976695,9
LBN,2017,Occupational carcinogens,Lebanon,1.003444381,20.99429141,Lebanon,50.74071513,8608.21085,18.89146139,6160128,7.847150254,NA,1496.432256,43973.1064,Lebanon,1.157116567,9
LBN,2017,"Occupational particulate matter, gases, and fumes",Lebanon,136.0827065,3083.00073,Lebanon,50.74071513,8608.21085,18.89146139,6160128,7.847150254,NA,1496.432256,43973.1064,Lebanon,6.028760607,9
LBN,2017,Occupational risks,Lebanon,140.880382,3706.829975,Lebanon,50.74071513,8608.21085,18.89146139,6160128,7.847150254,NA,1496.432256,43973.1064,Lebanon,2.57310032,9
LBN,2018,Occupational asthmagens,Lebanon,3.702632688,600.3163068,Lebanon,51.00010545,9174.536662,19.98088996,5984119,8.330080975,38.4,1529.161514,44345.08479,Lebanon,12.46495875,9
LBN,2018,Occupational carcinogens,Lebanon,1.042785338,21.31053113,Lebanon,51.00010545,9174.536662,19.98088996,5984119,8.330080975,38.4,1529.161514,44345.08479,Lebanon,1.171251734,9
LBN,2018,"Occupational particulate matter, gases, and fumes",Lebanon,137.4066516,3101.366794,Lebanon,51.00010545,9174.536662,19.98088996,5984119,8.330080975,38.4,1529.161514,44345.08479,Lebanon,6.09717436,9
LBN,2018,Occupational risks,Lebanon,142.1520697,3722.993632,Lebanon,51.00010545,9174.536662,19.98088996,5984119,8.330080975,38.4,1529.161514,44345.08479,Lebanon,2.598737342,9
LBN,2019,Occupational asthmagens,Lebanon,3.743774888,605.9346579,Lebanon,51.27998614,8905.880055,20.59700906,5794594,8.779709157,38.4,1582.011993,45137.53686,Lebanon,12.56744694,9
LBN,2019,Occupational carcinogens,Lebanon,1.098364559,22.22984966,Lebanon,51.27998614,8905.880055,20.59700906,5794594,8.779709157,38.4,1582.011993,45137.53686,Lebanon,1.182608088,9
LBN,2019,"Occupational particulate matter, gases, and fumes",Lebanon,140.8552124,3162.623582,Lebanon,51.27998614,8905.880055,20.59700906,5794594,8.779709157,38.4,1582.011993,45137.53686,Lebanon,6.15848226,9
LBN,2019,Occupational risks,Lebanon,145.6973519,3790.78809,Lebanon,51.27998614,8905.880055,20.59700906,5794594,8.779709157,38.4,1582.011993,45137.53686,Lebanon,2.620855732,9
LBN,2020,Occupational asthmagens,Lebanon,3.783564513,618.2352315,Lebanon,51.42359407,5561.19167,19.23101729,5702398,9.123706301,38.2,1618.950716,45903.87151,Lebanon,12.62355958,9
LBN,2020,Occupational carcinogens,Lebanon,1.138745984,22.82555625,Lebanon,51.42359407,5561.19167,19.23101729,5702398,9.123706301,38.2,1618.950716,45903.87151,Lebanon,1.186607379,9
LBN,2020,"Occupational particulate matter, gases, and fumes",Lebanon,143.2018547,3220.507966,Lebanon,51.42359407,5561.19167,19.23101729,5702398,9.123706301,38.2,1618.950716,45903.87151,Lebanon,6.209266678,9
LBN,2020,Occupational risks,Lebanon,148.1241652,3861.568754,Lebanon,51.42359407,5561.19167,19.23101729,5702398,9.123706301,38.2,1618.950716,45903.87151,Lebanon,2.632408291,9
LBN,2021,Occupational asthmagens,Lebanon,3.813511774,616.2438157,Lebanon,51.42259994,4045.373911,NA,5718122,9.304471757,NA,1621.953885,45967.31815,Lebanon,12.67505403,9
LBN,2021,Occupational carcinogens,Lebanon,1.160432592,23.32538222,Lebanon,51.42259994,4045.373911,NA,5718122,9.304471757,NA,1621.953885,45967.31815,Lebanon,1.186581994,9
LBN,2021,"Occupational particulate matter, gases, and fumes",Lebanon,142.6048277,3210.988831,Lebanon,51.42259994,4045.373911,NA,5718122,9.304471757,NA,1621.953885,45967.31815,Lebanon,6.244278728,9
LBN,2021,Occupational risks,Lebanon,147.5787721,3850.558029,Lebanon,51.42259994,4045.373911,NA,5718122,9.304471757,NA,1621.953885,45967.31815,Lebanon,2.640083728,9
LBY,1990,Occupational asthmagens,Libya,8.84143429,567.7874893,Libya,45.54339023,6502.278866,32.81504928,4445239,2.791469391,NA,591.3318806,24238.70469,Libya,10.09420351,10
LBY,1990,Occupational carcinogens,Libya,0.1367933,7.781135739,Libya,45.54339023,6502.278866,32.81504928,4445239,2.791469391,NA,591.3318806,24238.70469,Libya,0.763997398,10
LBY,1990,"Occupational particulate matter, gases, and fumes",Libya,36.82416542,982.397184,Libya,45.54339023,6502.278866,32.81504928,4445239,2.791469391,NA,591.3318806,24238.70469,Libya,5.32912297,10
LBY,1990,Occupational risks,Libya,45.80239301,1557.965809,Libya,45.54339023,6502.278866,32.81504928,4445239,2.791469391,NA,591.3318806,24238.70469,Libya,2.061699299,10
LBY,1991,Occupational asthmagens,Libya,8.649305899,562.8032757,Libya,45.64258112,7039.83392,33.77157843,4544400,2.870247213,NA,586.7276323,24241.99116,Libya,10.03978744,10
LBY,1991,Occupational carcinogens,Libya,0.139579844,7.927331991,Libya,45.64258112,7039.83392,33.77157843,4544400,2.870247213,NA,586.7276323,24241.99116,Libya,0.769990149,10
LBY,1991,"Occupational particulate matter, gases, and fumes",Libya,36.91926634,993.7706495,Libya,45.64258112,7039.83392,33.77157843,4544400,2.870247213,NA,586.7276323,24241.99116,Libya,5.254942957,10
LBY,1991,Occupational risks,Libya,45.70815208,1564.501257,Libya,45.64258112,7039.83392,33.77157843,4544400,2.870247213,NA,586.7276323,24241.99116,Libya,2.049925241,10
LBY,1992,Occupational asthmagens,Libya,8.448741013,557.9410249,Libya,45.73398742,7302.689087,34.63959485,4640352,2.95354749,NA,569.5859365,24063.80743,Libya,9.981275486,10
LBY,1992,Occupational carcinogens,Libya,0.140922294,8.068034863,Libya,45.73398742,7302.689087,34.63959485,4640352,2.95354749,NA,569.5859365,24063.80743,Libya,0.775446723,10
LBY,1992,"Occupational particulate matter, gases, and fumes",Libya,36.40522352,1000.280598,Libya,45.73398742,7302.689087,34.63959485,4640352,2.95354749,NA,569.5859365,24063.80743,Libya,5.183675745,10
LBY,1992,Occupational risks,Libya,44.99488682,1566.289658,Libya,45.73398742,7302.689087,34.63959485,4640352,2.95354749,NA,569.5859365,24063.80743,Libya,2.037980186,10
LBY,1993,Occupational asthmagens,Libya,8.245953749,553.2301744,Libya,45.81771354,6477.870358,35.35277733,4733045,3.040421124,NA,569.1178455,24159.93784,Libya,9.882278499,10
LBY,1993,Occupational carcinogens,Libya,0.144724304,8.241744668,Libya,45.81771354,6477.870358,35.35277733,4733045,3.040421124,NA,569.1178455,24159.93784,Libya,0.776625324,10
LBY,1993,"Occupational particulate matter, gases, and fumes",Libya,36.6490555,1012.875203,Libya,45.81771354,6477.870358,35.35277733,4733045,3.040421124,NA,569.1178455,24159.93784,Libya,5.11650397,10
LBY,1993,Occupational risks,Libya,45.03973356,1574.347122,Libya,45.81771354,6477.870358,35.35277733,4733045,3.040421124,NA,569.1178455,24159.93784,Libya,2.019208036,10
LBY,1994,Occupational asthmagens,Libya,8.194310407,556.3098474,Libya,45.89777015,5933.291214,35.84480466,4822037,3.128076371,NA,569.3318457,24301.80003,Libya,9.885245473,10
LBY,1994,Occupational carcinogens,Libya,0.148012673,8.411978022,Libya,45.89777015,5933.291214,35.84480466,4822037,3.128076371,NA,569.3318457,24301.80003,Libya,0.784826561,10
LBY,1994,"Occupational particulate matter, gases, and fumes",Libya,36.74686856,1022.945012,Libya,45.89777015,5933.291214,35.84480466,4822037,3.128076371,NA,569.3318457,24301.80003,Libya,5.061104593,10
LBY,1994,Occupational risks,Libya,45.08919164,1587.666837,Libya,45.89777015,5933.291214,35.84480466,4822037,3.128076371,NA,569.3318457,24301.80003,Libya,2.017449647,10
LBY,1995,Occupational asthmagens,Libya,8.22002162,562.8455152,Libya,45.98039921,5205.257064,36.04935563,4906843,3.217282477,NA,567.4803307,24405.33193,Libya,9.91979516,10
LBY,1995,Occupational carcinogens,Libya,0.151422138,8.604959952,Libya,45.98039921,5205.257064,36.04935563,4906843,3.217282477,NA,567.4803307,24405.33193,Libya,0.798692131,10
LBY,1995,"Occupational particulate matter, gases, and fumes",Libya,36.58388128,1026.881753,Libya,45.98039921,5205.257064,36.04935563,4906843,3.217282477,NA,567.4803307,24405.33193,Libya,5.003098512,10
LBY,1995,Occupational risks,Libya,44.95532503,1598.332228,Libya,45.98039921,5205.257064,36.04935563,4906843,3.217282477,NA,567.4803307,24405.33193,Libya,2.023041858,10
LBY,1996,Occupational asthmagens,Libya,8.088127736,563.2589681,Libya,46.0680961,5591.020275,36.05874136,4987393,3.311970803,NA,566.7525869,24429.77745,Libya,9.905429302,10
LBY,1996,Occupational carcinogens,Libya,0.153988632,8.772206159,Libya,46.0680961,5591.020275,36.05874136,4987393,3.311970803,NA,566.7525869,24429.77745,Libya,0.809432292,10
LBY,1996,"Occupational particulate matter, gases, and fumes",Libya,36.38351489,1026.359773,Libya,46.0680961,5591.020275,36.05874136,4987393,3.311970803,NA,566.7525869,24429.77745,Libya,4.943745356,10
LBY,1996,Occupational risks,Libya,44.62563126,1598.390947,Libya,46.0680961,5591.020275,36.05874136,4987393,3.311970803,NA,566.7525869,24429.77745,Libya,2.021228989,10
LBY,1997,Occupational asthmagens,Libya,8.488397618,583.1646407,Libya,46.1604166,6061.81366,36.02771132,5064639,3.412049704,NA,601.5888902,25432.92491,Libya,9.892172184,10
LBY,1997,Occupational carcinogens,Libya,0.165890199,9.210485654,Libya,46.1604166,6061.81366,36.02771132,5064639,3.412049704,NA,601.5888902,25432.92491,Libya,0.819625792,10
LBY,1997,"Occupational particulate matter, gases, and fumes",Libya,38.98680884,1089.133209,Libya,46.1604166,6061.81366,36.02771132,5064639,3.412049704,NA,601.5888902,25432.92491,Libya,4.885399267,10
LBY,1997,Occupational risks,Libya,47.64109665,1681.508336,Libya,46.1604166,6061.81366,36.02771132,5064639,3.412049704,NA,601.5888902,25432.92491,Libya,2.019491739,10
LBY,1998,Occupational asthmagens,Libya,8.898200243,603.6124347,Libya,46.25495919,5301.083548,35.98360186,5140704,3.512300697,NA,645.9247537,26496.82579,Libya,9.94741345,10
LBY,1998,Occupational carcinogens,Libya,0.180532647,9.688264193,Libya,46.25495919,5301.083548,35.98360186,5140704,3.512300697,NA,645.9247537,26496.82579,Libya,0.833375919,10
LBY,1998,"Occupational particulate matter, gases, and fumes",Libya,42.53272077,1169.793236,Libya,46.25495919,5301.083548,35.98360186,5140704,3.512300697,NA,645.9247537,26496.82579,Libya,4.82799809,10
LBY,1998,Occupational risks,Libya,51.61145366,1783.093934,Libya,46.25495919,5301.083548,35.98360186,5140704,3.512300697,NA,645.9247537,26496.82579,Libya,2.028034383,10
LBY,1999,Occupational asthmagens,Libya,9.309669942,628.1330585,Libya,46.34802321,6894.518755,35.95374936,5218038,3.60636542,NA,672.1355832,27334.95636,Libya,10.10776378,10
LBY,1999,Occupational carcinogens,Libya,0.193300661,10.16993323,Libya,46.34802321,6894.518755,35.95374936,5218038,3.60636542,NA,672.1355832,27334.95636,Libya,0.853527529,10
LBY,1999,"Occupational particulate matter, gases, and fumes",Libya,44.95438639,1235.3842,Libya,46.34802321,6894.518755,35.95374936,5218038,3.60636542,NA,672.1355832,27334.95636,Libya,4.776363523,10
LBY,1999,Occupational risks,Libya,54.457357,1873.687192,Libya,46.34802321,6894.518755,35.95374936,5218038,3.60636542,NA,672.1355832,27334.95636,Libya,2.052832226,10
LBY,2000,Occupational asthmagens,Libya,9.49572121,646.8478408,Libya,46.60970303,7214.100404,35.96549017,5305021,3.689004842,NA,695.7722629,28088.32125,Libya,10.19119313,10
LBY,2000,Occupational carcinogens,Libya,0.208829022,10.73988207,Libya,46.60970303,7214.100404,35.96549017,5305021,3.689004842,NA,695.7722629,28088.32125,Libya,0.868423228,10
LBY,2000,"Occupational particulate matter, gases, and fumes",Libya,47.04968929,1287.309367,Libya,46.60970303,7214.100404,35.96549017,5305021,3.689004842,NA,695.7722629,28088.32125,Libya,4.719237612,10
LBY,2000,Occupational risks,Libya,56.75423952,1944.89709,Libya,46.60970303,7214.100404,35.96549017,5305021,3.689004842,NA,695.7722629,28088.32125,Libya,2.065528261,10
LBY,2001,Occupational asthmagens,Libya,9.543570434,657.0853071,Libya,47.03256454,6312.800305,36.44872242,5403639,3.764148567,NA,738.3332411,29168.97999,Libya,10.08752693,10
LBY,2001,Occupational carcinogens,Libya,0.229224983,11.39897386,Libya,47.03256454,6312.800305,36.44872242,5403639,3.764148567,NA,738.3332411,29168.97999,Libya,0.86949628,10
LBY,2001,"Occupational particulate matter, gases, and fumes",Libya,51.09047763,1370.546469,Libya,47.03256454,6312.800305,36.44872242,5403639,3.764148567,NA,738.3332411,29168.97999,Libya,4.664749906,10
LBY,2001,Occupational risks,Libya,60.86327305,2039.03075,Libya,47.03256454,6312.800305,36.44872242,5403639,3.764148567,NA,738.3332411,29168.97999,Libya,2.049508596,10
LBY,2002,Occupational asthmagens,Libya,9.630669087,673.7426625,Libya,47.44374511,3718.294347,37.62707294,5508410,3.823435091,NA,781.8738389,30322.63863,Libya,10.13401078,10
LBY,2002,Occupational carcinogens,Libya,0.264363013,12.45196624,Libya,47.44374511,3718.294347,37.62707294,5508410,3.823435091,NA,781.8738389,30322.63863,Libya,0.880577196,10
LBY,2002,"Occupational particulate matter, gases, and fumes",Libya,55.66727746,1467.905143,Libya,47.44374511,3718.294347,37.62707294,5508410,3.823435091,NA,781.8738389,30322.63863,Libya,4.624396449,10
LBY,2002,Occupational risks,Libya,65.56230956,2154.099772,Libya,47.44374511,3718.294347,37.62707294,5508410,3.823435091,NA,781.8738389,30322.63863,Libya,2.057620079,10
LBY,2003,Occupational asthmagens,Libya,9.692951818,692.9110777,Libya,47.84290912,4674.099432,39.21847106,5619398,3.857557683,NA,799.3902197,31082.67941,Libya,10.27103466,10
LBY,2003,Occupational carcinogens,Libya,0.292259848,13.36712777,Libya,47.84290912,4674.099432,39.21847106,5619398,3.857557683,NA,799.3902197,31082.67941,Libya,0.896769259,10
LBY,2003,"Occupational particulate matter, gases, and fumes",Libya,57.58989827,1521.893749,Libya,47.84290912,4674.099432,39.21847106,5619398,3.857557683,NA,799.3902197,31082.67941,Libya,4.596628051,10
LBY,2003,Occupational risks,Libya,67.57510994,2228.171955,Libya,47.84290912,4674.099432,39.21847106,5619398,3.857557683,NA,799.3902197,31082.67941,Libya,2.079455933,10
LBY,2004,Occupational asthmagens,Libya,9.545879271,706.2528681,Libya,48.22868301,5773.763332,40.94084614,5736693,3.890970276,NA,794.8644625,31180.05195,Libya,10.46300339,10
LBY,2004,Occupational carcinogens,Libya,0.308569591,13.94734779,Libya,48.22868301,5773.763332,40.94084614,5736693,3.890970276,NA,794.8644625,31180.05195,Libya,0.913748519,10
LBY,2004,"Occupational particulate matter, gases, and fumes",Libya,55.85912741,1497.287377,Libya,48.22868301,5773.763332,40.94084614,5736693,3.890970276,NA,794.8644625,31180.05195,Libya,4.581909426,10
LBY,2004,Occupational risks,Libya,65.71357627,2217.487593,Libya,48.22868301,5773.763332,40.94084614,5736693,3.890970276,NA,794.8644625,31180.05195,Libya,2.108136996,10
LBY,2005,Occupational asthmagens,Libya,9.76263971,738.9799683,Libya,48.59792937,8079.249573,42.51212754,5858798,3.933008102,NA,803.3269206,31553.49654,Libya,10.90061921,10
LBY,2005,Occupational carcinogens,Libya,0.324908734,14.54983824,Libya,48.59792937,8079.249573,42.51212754,5858798,3.933008102,NA,803.3269206,31553.49654,Libya,0.949884952,10
LBY,2005,"Occupational particulate matter, gases, and fumes",Libya,55.7447925,1499.990328,Libya,48.59792937,8079.249573,42.51212754,5858798,3.933008102,NA,803.3269206,31553.49654,Libya,4.578217063,10
LBY,2005,Occupational risks,Libya,65.83234094,2253.520135,Libya,48.59792937,8079.249573,42.51212754,5858798,3.933008102,NA,803.3269206,31553.49654,Libya,2.176440925,10
LBY,2006,Occupational asthmagens,Libya,9.532492098,745.1210713,Libya,48.78030223,10048.84804,44.19915562,5980211,3.946089862,NA,777.0746293,31287.80589,Libya,11.03370148,10
LBY,2006,Occupational carcinogens,Libya,0.3291912,14.86197163,Libya,48.78030223,10048.84804,44.19915562,5980211,3.946089862,NA,777.0746293,31287.80589,Libya,0.961160415,10
LBY,2006,"Occupational particulate matter, gases, and fumes",Libya,53.07365476,1461.187903,Libya,48.78030223,10048.84804,44.19915562,5980211,3.946089862,NA,777.0746293,31287.80589,Libya,4.5856673,10
LBY,2006,Occupational risks,Libya,62.93533806,2221.170946,Libya,48.78030223,10048.84804,44.19915562,5980211,3.946089862,NA,777.0746293,31287.80589,Libya,2.196650204,10
LBY,2007,Occupational asthmagens,Libya,9.816418387,770.9588813,Libya,48.78024448,11144.94484,46.19497899,6104380,3.96384268,NA,819.98064,32559.94832,Libya,11.14158141,10
LBY,2007,Occupational carcinogens,Libya,0.360381444,15.93429742,Libya,48.78024448,11144.94484,46.19497899,6104380,3.96384268,NA,819.98064,32559.94832,Libya,0.969908638,10
LBY,2007,"Occupational particulate matter, gases, and fumes",Libya,56.26125296,1540.253707,Libya,48.78024448,11144.94484,46.19497899,6104380,3.96384268,NA,819.98064,32559.94832,Libya,4.605156843,10
LBY,2007,Occupational risks,Libya,66.43805279,2327.146886,Libya,48.78024448,11144.94484,46.19497899,6104380,3.96384268,NA,819.98064,32559.94832,Libya,2.213764488,10
LBY,2008,Occupational asthmagens,Libya,9.92340672,785.1535074,Libya,48.77140791,13906.14078,48.10683932,6235430,3.990005501,NA,879.3949839,34213.01384,Libya,11.00892024,10
LBY,2008,Occupational carcinogens,Libya,0.401056658,17.32111055,Libya,48.77140791,13906.14078,48.10683932,6235430,3.990005501,NA,879.3949839,34213.01384,Libya,0.958451466,10
LBY,2008,"Occupational particulate matter, gases, and fumes",Libya,61.18522457,1649.429332,Libya,48.77140791,13906.14078,48.10683932,6235430,3.990005501,NA,879.3949839,34213.01384,Libya,4.623059567,10
LBY,2008,Occupational risks,Libya,71.50968795,2451.90395,Libya,48.77140791,13906.14078,48.10683932,6235430,3.990005501,NA,879.3949839,34213.01384,Libya,2.192088929,10
LBY,2009,Occupational asthmagens,Libya,9.615036256,775.582497,Libya,48.76775767,9551.054039,49.54197828,6366686,4.007115789,NA,921.4210231,35447.87308,Libya,10.66400424,10
LBY,2009,Occupational carcinogens,Libya,0.432395169,18.41202326,Libya,48.76775767,9551.054039,49.54197828,6366686,4.007115789,NA,921.4210231,35447.87308,Libya,0.930119214,10
LBY,2009,"Occupational particulate matter, gases, and fumes",Libya,63.63370157,1705.530895,Libya,48.76775767,9551.054039,49.54197828,6366686,4.007115789,NA,921.4210231,35447.87308,Libya,4.632019587,10
LBY,2009,Occupational risks,Libya,73.681133,2499.525416,Libya,48.76775767,9551.054039,49.54197828,6366686,4.007115789,NA,921.4210231,35447.87308,Libya,2.136356883,10
LBY,2010,Occupational asthmagens,Libya,9.996488556,814.4815325,Libya,48.77250729,11600.90686,50.10763757,6497839,4.027700594,NA,939.7893166,36256.49332,Libya,11.10271507,10
LBY,2010,Occupational carcinogens,Libya,0.455540375,19.34418496,Libya,48.77250729,11600.90686,50.10763757,6497839,4.027700594,NA,939.7893166,36256.49332,Libya,0.963626272,10
LBY,2010,"Occupational particulate matter, gases, and fumes",Libya,64.41483926,1733.471738,Libya,48.77250729,11600.90686,50.10763757,6497839,4.027700594,NA,939.7893166,36256.49332,Libya,4.642914907,10
LBY,2010,Occupational risks,Libya,74.86686819,2567.297456,Libya,48.77250729,11600.90686,50.10763757,6497839,4.027700594,NA,939.7893166,36256.49332,Libya,2.204835308,10
LBY,2011,Occupational asthmagens,Libya,10.5408153,848.3597849,Libya,48.74728114,7593.839153,36.57342759,6343203,4.21015219,NA,980.4774919,37366.78016,Libya,11.27619068,10
LBY,2011,Occupational carcinogens,Libya,0.496286136,20.65921037,Libya,48.74728114,7593.839153,36.57342759,6343203,4.21015219,NA,980.4774919,37366.78016,Libya,0.96621969,10
LBY,2011,"Occupational particulate matter, gases, and fumes",Libya,67.13682971,1807.251933,Libya,48.74728114,7593.839153,36.57342759,6343203,4.21015219,NA,980.4774919,37366.78016,Libya,4.658873382,10
LBY,2011,Occupational risks,Libya,78.17393114,2676.270929,Libya,48.74728114,7593.839153,36.57342759,6343203,4.21015219,NA,980.4774919,37366.78016,Libya,2.224287501,10
LBY,2012,Occupational asthmagens,Libya,10.96782378,875.1159522,Libya,48.73514543,14975.89028,33.03925847,6179328,4.395340755,NA,982.2938184,37560.64414,Libya,11.65528377,10
LBY,2012,Occupational carcinogens,Libya,0.524720765,21.42378179,Libya,48.73514543,14975.89028,33.03925847,6179328,4.395340755,NA,982.2938184,37560.64414,Libya,0.994254975,10
LBY,2012,"Occupational particulate matter, gases, and fumes",Libya,67.94477864,1845.078285,Libya,48.73514543,14975.89028,33.03925847,6179328,4.395340755,NA,982.2938184,37560.64414,Libya,4.684030494,10
LBY,2012,Occupational risks,Libya,79.43732319,2741.618019,Libya,48.73514543,14975.89028,33.03925847,6179328,4.395340755,NA,982.2938184,37560.64414,Libya,2.284217855,10
LBY,2013,Occupational asthmagens,Libya,10.68613676,845.7833253,Libya,48.77385311,11951.71341,41.82876213,6304628,4.393216825,NA,1009.897859,38310.6443,Libya,11.0232174,10
LBY,2013,Occupational carcinogens,Libya,0.565954732,22.54677206,Libya,48.77385311,11951.71341,41.82876213,6304628,4.393216825,NA,1009.897859,38310.6443,Libya,0.928455428,10
LBY,2013,"Occupational particulate matter, gases, and fumes",Libya,69.97404732,1906.27969,Libya,48.77385311,11951.71341,41.82876213,6304628,4.393216825,NA,1009.897859,38310.6443,Libya,4.694931271,10
LBY,2013,Occupational risks,Libya,81.22613881,2774.609787,Libya,48.77385311,11951.71341,41.82876213,6304628,4.393216825,NA,1009.897859,38310.6443,Libya,2.172054187,10
LBY,2014,Occupational asthmagens,Libya,10.31440714,805.933102,Libya,48.82162703,8926.420746,36.29436523,6427252,4.417354759,NA,1056.593566,39604.21528,Libya,10.11951138,10
LBY,2014,Occupational carcinogens,Libya,0.621011687,24.10588606,Libya,48.82162703,8926.420746,36.29436523,6427252,4.417354759,NA,1056.593566,39604.21528,Libya,0.840505852,10
LBY,2014,"Occupational particulate matter, gases, and fumes",Libya,73.20699394,1996.269151,Libya,48.82162703,8926.420746,36.29436523,6427252,4.417354759,NA,1056.593566,39604.21528,Libya,4.687796559,10
LBY,2014,Occupational risks,Libya,84.14241276,2826.308139,Libya,48.82162703,8926.420746,36.29436523,6427252,4.417354759,NA,1056.593566,39604.21528,Libya,2.015455314,10
LBY,2015,Occupational asthmagens,Libya,11.0533845,840.4408836,Libya,48.88191176,7458.489178,36.08680012,6531819,4.478139667,NA,1089.333948,40681.48231,Libya,10.24551866,10
LBY,2015,Occupational carcinogens,Libya,0.673586879,25.59606175,Libya,48.88191176,7458.489178,36.08680012,6531819,4.478139667,NA,1089.333948,40681.48231,Libya,0.835227919,10
LBY,2015,"Occupational particulate matter, gases, and fumes",Libya,76.02524954,2081.02674,Libya,48.88191176,7458.489178,36.08680012,6531819,4.478139667,NA,1089.333948,40681.48231,Libya,4.677497484,10
LBY,2015,Occupational risks,Libya,87.75222091,2947.063686,Libya,48.88191176,7458.489178,36.08680012,6531819,4.478139667,NA,1089.333948,40681.48231,Libya,2.023401981,10
LBY,2016,Occupational asthmagens,Libya,11.92973123,884.1029566,Libya,48.94374745,7525.802993,38.1668033,6632126,4.541500308,NA,1144.876108,42318.38975,Libya,10.41158644,10
LBY,2016,Occupational carcinogens,Libya,0.740711196,27.66026471,Libya,48.94374745,7525.802993,38.1668033,6632126,4.541500308,NA,1144.876108,42318.38975,Libya,0.835289636,10
LBY,2016,"Occupational particulate matter, gases, and fumes",Libya,79.84181568,2180.373828,Libya,48.94374745,7525.802993,38.1668033,6632126,4.541500308,NA,1144.876108,42318.38975,Libya,4.670629007,10
LBY,2016,Occupational risks,Libya,92.51225811,3092.137049,Libya,48.94374745,7525.802993,38.1668033,6632126,4.541500308,NA,1144.876108,42318.38975,Libya,2.039659622,10
LBY,2017,Occupational asthmagens,Libya,13.82761879,997.557831,Libya,48.9816094,9965.832367,33.68592205,6738770,4.587217295,NA,1191.579814,43721.546,Libya,11.54370977,10
LBY,2017,Occupational carcinogens,Libya,0.796242146,29.4225679,Libya,48.9816094,9965.832367,33.68592205,6738770,4.587217295,NA,1191.579814,43721.546,Libya,0.918035892,10
LBY,2017,"Occupational particulate matter, gases, and fumes",Libya,83.1595639,2274.033819,Libya,48.9816094,9965.832367,33.68592205,6738770,4.587217295,NA,1191.579814,43721.546,Libya,4.68614192,10
LBY,2017,Occupational risks,Libya,97.78342483,3301.014218,Libya,48.9816094,9965.832367,33.68592205,6738770,4.587217295,NA,1191.579814,43721.546,Libya,2.216436303,10
LBY,2018,Occupational asthmagens,Libya,14.43233654,1034.836167,Libya,49.00084756,11196.58548,41.42097409,6849055,4.609388055,NA,1221.579867,44593.14203,Libya,11.80628006,10
LBY,2018,Occupational carcinogens,Libya,0.837417203,30.74899808,Libya,49.00084756,11196.58548,41.42097409,6849055,4.609388055,NA,1221.579867,44593.14203,Libya,0.932381834,10
LBY,2018,"Occupational particulate matter, gases, and fumes",Libya,85.45146646,2347.189854,Libya,49.00084756,11196.58548,41.42097409,6849055,4.609388055,NA,1221.579867,44593.14203,Libya,4.710459977,10
LBY,2018,Occupational risks,Libya,100.7212202,3412.77502,Libya,49.00084756,11196.58548,41.42097409,6849055,4.609388055,NA,1221.579867,44593.14203,Libya,2.254897461,10
LBY,2019,Occupational asthmagens,Libya,14.04237645,1010.020707,Libya,49.03189915,9963.194891,36.48447322,6951033,4.625025131,NA,1252.985478,45568.02555,Libya,11.31897939,10
LBY,2019,Occupational carcinogens,Libya,0.876981472,31.99830803,Libya,49.03189915,9963.194891,36.48447322,6951033,4.625025131,NA,1252.985478,45568.02555,Libya,0.890219942,10
LBY,2019,"Occupational particulate matter, gases, and fumes",Libya,87.64592094,2420.161313,Libya,49.03189915,9963.194891,36.48447322,6951033,4.625025131,NA,1252.985478,45568.02555,Libya,4.73134182,10
LBY,2019,Occupational risks,Libya,102.5652789,3462.180327,Libya,49.03189915,9963.194891,36.48447322,6951033,4.625025131,NA,1252.985478,45568.02555,Libya,2.176204737,10
LBY,2020,Occupational asthmagens,Libya,14.77913409,1040.475318,Libya,49.07337398,6650.338106,32.9707065,7045399,4.646472116,NA,1283.922582,46473.74406,Libya,11.4544449,10
LBY,2020,Occupational carcinogens,Libya,0.906593037,32.94065495,Libya,49.07337398,6650.338106,32.9707065,7045399,4.646472116,NA,1283.922582,46473.74406,Libya,0.898708861,10
LBY,2020,"Occupational particulate matter, gases, and fumes",Libya,89.49086618,2489.016399,Libya,49.07337398,6650.338106,32.9707065,7045399,4.646472116,NA,1283.922582,46473.74406,Libya,4.751867718,10
LBY,2020,Occupational risks,Libya,105.1765933,3562.432372,Libya,49.07337398,6650.338106,32.9707065,7045399,4.646472116,NA,1283.922582,46473.74406,Libya,2.198344848,10
LBY,2021,Occupational asthmagens,Libya,15.4645417,1067.093111,Libya,49.11204,4935.827873,NA,7135175,4.672197949,NA,1300.784661,46956.41816,Libya,11.59496741,10
LBY,2021,Occupational carcinogens,Libya,0.922519391,33.70042296,Libya,49.11204,4935.827873,NA,7135175,4.672197949,NA,1300.784661,46956.41816,Libya,0.906368043,10
LBY,2021,"Occupational particulate matter, gases, and fumes",Libya,90.07727155,2523.981182,Libya,49.11204,4935.827873,NA,7135175,4.672197949,NA,1300.784661,46956.41816,Libya,4.772594356,10
LBY,2021,Occupational risks,Libya,106.4643326,3624.774716,Libya,49.11204,4935.827873,NA,7135175,4.672197949,NA,1300.784661,46956.41816,Libya,2.221302781,10
MAR,1990,Occupational asthmagens,Morocco,99.10696931,4200.789997,Morocco,49.93437892,1229.071045,20.51348992,24375551,3.05252792,NA,5189.919047,178555.3081,Morocco,10.14453163,11
MAR,1990,Occupational carcinogens,Morocco,0.959912171,48.39912254,Morocco,49.93437892,1229.071045,20.51348992,24375551,3.05252792,NA,5189.919047,178555.3081,Morocco,0.778486586,11
MAR,1990,"Occupational particulate matter, gases, and fumes",Morocco,334.3232423,8604.525866,Morocco,49.93437892,1229.071045,20.51348992,24375551,3.05252792,NA,5189.919047,178555.3081,Morocco,6.461017104,11
MAR,1990,Occupational risks,Morocco,434.3901237,12853.71499,Morocco,49.93437892,1229.071045,20.51348992,24375551,3.05252792,NA,5189.919047,178555.3081,Morocco,2.198142017,11
MAR,1991,Occupational asthmagens,Morocco,100.9738712,4295.115773,Morocco,49.94159848,1292.233765,20.58957291,24799014,3.178878402,NA,5285.463829,180792.3815,Morocco,10.24851041,11
MAR,1991,Occupational carcinogens,Morocco,0.993359659,49.847982880000004,Morocco,49.94159848,1292.233765,20.58957291,24799014,3.178878402,NA,5285.463829,180792.3815,Morocco,0.786372022,11
MAR,1991,"Occupational particulate matter, gases, and fumes",Morocco,343.3740462,8851.306185,Morocco,49.94159848,1292.233765,20.58957291,24799014,3.178878402,NA,5285.463829,180792.3815,Morocco,6.462260786,11
MAR,1991,Occupational risks,Morocco,445.3412772,13196.26994,Morocco,49.94159848,1292.233765,20.58957291,24799014,3.178878402,NA,5285.463829,180792.3815,Morocco,2.214390837,11
MAR,1992,Occupational asthmagens,Morocco,102.7340543,4393.072414,Morocco,49.9499097,1327.029541,20.78790116,25212468,3.318471176,NA,5377.960644,183039.4982,Morocco,10.3840456,11
MAR,1992,Occupational carcinogens,Morocco,1.025660964,51.21402366,Morocco,49.9499097,1327.029541,20.78790116,25212468,3.318471176,NA,5377.960644,183039.4982,Morocco,0.789682187,11
MAR,1992,"Occupational particulate matter, gases, and fumes",Morocco,350.906699,9072.951282,Morocco,49.9499097,1327.029541,20.78790116,25212468,3.318471176,NA,5377.960644,183039.4982,Morocco,6.46252678,11
MAR,1992,Occupational risks,Morocco,454.6664142,13517.23772,Morocco,49.9499097,1327.029541,20.78790116,25212468,3.318471176,NA,5377.960644,183039.4982,Morocco,2.232972249,11
MAR,1993,Occupational asthmagens,Morocco,106.4915137,4568.308745,Morocco,49.95963042,1226.430542,21.08028631,25614586,3.46572652,NA,5497.028923,185980.9793,Morocco,10.61607784,11
MAR,1993,Occupational carcinogens,Morocco,1.064779668,52.77155434,Morocco,49.95963042,1226.430542,21.08028631,25614586,3.46572652,NA,5497.028923,185980.9793,Morocco,0.792817977,11
MAR,1993,"Occupational particulate matter, gases, and fumes",Morocco,361.6428743,9358.495438,Morocco,49.95963042,1226.430542,21.08028631,25614586,3.46572652,NA,5497.028923,185980.9793,Morocco,6.461552338,11
MAR,1993,Occupational risks,Morocco,469.1991677,13979.57574,Morocco,49.95963042,1226.430542,21.08028631,25614586,3.46572652,NA,5497.028923,185980.9793,Morocco,2.264399913,11
MAR,1994,Occupational asthmagens,Morocco,107.5109443,4655.693719,Morocco,49.9709413,1358.794434,21.43854002,26000822,3.613264542,NA,5509.905473,186365.5936,Morocco,10.89767964,11
MAR,1994,Occupational carcinogens,Morocco,1.081888678,53.67118933,Morocco,49.9709413,1358.794434,21.43854002,26000822,3.613264542,NA,5509.905473,186365.5936,Morocco,0.798954399,11
MAR,1994,"Occupational particulate matter, gases, and fumes",Morocco,362.5232773,9413.655754,Morocco,49.9709413,1358.794434,21.43854002,26000822,3.613264542,NA,5509.905473,186365.5936,Morocco,6.461569958,11
MAR,1994,Occupational risks,Morocco,471.1161102,14123.02066,Morocco,49.9709413,1358.794434,21.43854002,26000822,3.613264542,NA,5509.905473,186365.5936,Morocco,2.304003468,11
MAR,1995,Occupational asthmagens,Morocco,112.0107889,4887.371089,Morocco,49.96990655,1466.788208,21.83447396,26399429,3.754238468,NA,5552.354991,187548.7677,Morocco,11.47002803,11
MAR,1995,Occupational carcinogens,Morocco,1.109810558,54.8343532,Morocco,49.96990655,1466.788208,21.83447396,26399429,3.754238468,NA,5552.354991,187548.7677,Morocco,0.805342895,11
MAR,1995,"Occupational particulate matter, gases, and fumes",Morocco,366.3248433,9529.613263,Morocco,49.96990655,1466.788208,21.83447396,26399429,3.754238468,NA,5552.354991,187548.7677,Morocco,6.460687978,11
MAR,1995,Occupational risks,Morocco,479.4454428,14471.8187,Morocco,49.96990655,1466.788208,21.83447396,26399429,3.754238468,NA,5552.354991,187548.7677,Morocco,2.380817485,11
MAR,1996,Occupational asthmagens,Morocco,117.7148444,5167.503054,Morocco,49.95459583,1596.832397,22.54478394,26808107,3.888215533,NA,5594.784088,188906.0622,Morocco,12.16994483,11
MAR,1996,Occupational carcinogens,Morocco,1.136688964,55.90604174,Morocco,49.95459583,1596.832397,22.54478394,26808107,3.888215533,NA,5594.784088,188906.0622,Morocco,0.81521729,11
MAR,1996,"Occupational particulate matter, gases, and fumes",Morocco,370.5637037,9664.411854,Morocco,49.95459583,1596.832397,22.54478394,26808107,3.888215533,NA,5594.784088,188906.0622,Morocco,6.463685468,11
MAR,1996,Occupational risks,Morocco,489.415237,14887.82095,Morocco,49.95459583,1596.832397,22.54478394,26808107,3.888215533,NA,5594.784088,188906.0622,Morocco,2.475922899,11
MAR,1997,Occupational asthmagens,Morocco,123.9918466,5474.007166,Morocco,49.93487568,1426.301147,23.65674764,27213337,4.01391237,NA,5679.830321,191537.5617,Morocco,12.86928901,11
MAR,1997,Occupational carcinogens,Morocco,1.171762462,57.12590888,Morocco,49.93487568,1426.301147,23.65674764,27213337,4.01391237,NA,5679.830321,191537.5617,Morocco,0.819500869,11
MAR,1997,"Occupational particulate matter, gases, and fumes",Morocco,376.4862923,9841.202926,Morocco,49.93487568,1426.301147,23.65674764,27213337,4.01391237,NA,5679.830321,191537.5617,Morocco,6.467839797,11
MAR,1997,Occupational risks,Morocco,501.6499013,15372.336,Morocco,49.93487568,1426.301147,23.65674764,27213337,4.01391237,NA,5679.830321,191537.5617,Morocco,2.568342903,11
MAR,1998,Occupational asthmagens,Morocco,129.9802855,5768.564044,Morocco,49.9130356,1668.497559,24.8580494,27621648,4.128486468,NA,5732.778384,192913.3386,Morocco,13.63556045,11
MAR,1998,Occupational carcinogens,Morocco,1.207412738,58.25182115,Morocco,49.9130356,1668.497559,24.8580494,27621648,4.128486468,NA,5732.778384,192913.3386,Morocco,0.825749924,11
MAR,1998,"Occupational particulate matter, gases, and fumes",Morocco,382.7272346,10011.35143,Morocco,49.9130356,1668.497559,24.8580494,27621648,4.128486468,NA,5732.778384,192913.3386,Morocco,6.474465274,11
MAR,1998,Occupational risks,Morocco,513.9149329,15838.1673,Morocco,49.9130356,1668.497559,24.8580494,27621648,4.128486468,NA,5732.778384,192913.3386,Morocco,2.671027756,11
MAR,1999,Occupational asthmagens,Morocco,137.2689266,6119.658335,Morocco,49.88945195,1635.656738,25.83637358,28027179,4.231637008,NA,5821.629482,195486.1389,Morocco,14.49164576,11
MAR,1999,Occupational carcinogens,Morocco,1.253132394,59.63615437,Morocco,49.88945195,1635.656738,25.83637358,28027179,4.231637008,NA,5821.629482,195486.1389,Morocco,0.834939696,11
MAR,1999,"Occupational particulate matter, gases, and fumes",Morocco,389.9260807,10221.28521,Morocco,49.88945195,1635.656738,25.83637358,28027179,4.231637008,NA,5821.629482,195486.1389,Morocco,6.485653893,11
MAR,1999,Occupational risks,Morocco,528.4481397,16400.5797,Morocco,49.88945195,1635.656738,25.83637358,28027179,4.231637008,NA,5821.629482,195486.1389,Morocco,2.786879636,11
MAR,2000,Occupational asthmagens,Morocco,142.9484727,6434.313318,Morocco,49.86277697,1499.107422,26.27940453,28423435,4.32319661,22.5,5875.212824,197053.3604,Morocco,15.34656171,11
MAR,2000,Occupational carcinogens,Morocco,1.311966504,61.3005759,Morocco,49.86277697,1499.107422,26.27940453,28423435,4.32319661,22.5,5875.212824,197053.3604,Morocco,0.844774698,11
MAR,2000,"Occupational particulate matter, gases, and fumes",Morocco,395.5912714,10385.26003,Morocco,49.86277697,1499.107422,26.27940453,28423435,4.32319661,22.5,5875.212824,197053.3604,Morocco,6.498997576,11
MAR,2000,Occupational risks,Morocco,539.8517106,16880.87393,Morocco,49.86277697,1499.107422,26.27940453,28423435,4.32319661,22.5,5875.212824,197053.3604,Morocco,2.903457646,11
MAR,2001,Occupational asthmagens,Morocco,149.9319096,6781.547502,Morocco,49.83393512,1506.245239,26.33670857,28814643,4.408416658,NA,5984.44763,200141.8907,Morocco,16.16530246,11
MAR,2001,Occupational carcinogens,Morocco,1.378229832,63.08712777,Morocco,49.83393512,1506.245239,26.33670857,28814643,4.408416658,NA,5984.44763,200141.8907,Morocco,0.85345777,11
MAR,2001,"Occupational particulate matter, gases, and fumes",Morocco,405.4010655,10665.47631,Morocco,49.83393512,1506.245239,26.33670857,28814643,4.408416658,NA,5984.44763,200141.8907,Morocco,6.517614903,11
MAR,2001,Occupational risks,Morocco,556.7112049,17510.11094,Morocco,49.83393512,1506.245239,26.33670857,28814643,4.408416658,NA,5984.44763,200141.8907,Morocco,3.015303056,11
MAR,2002,Occupational asthmagens,Morocco,152.1906054,6983.458325,Morocco,49.8062274,1596.02063,26.37323323,29198142,4.497558518,NA,6069.280958,203088.6249,Morocco,16.87124149,11
MAR,2002,Occupational carcinogens,Morocco,1.510058331,66.31068715,Morocco,49.8062274,1596.02063,26.37323323,29198142,4.497558518,NA,6069.280958,203088.6249,Morocco,0.858715854,11
MAR,2002,"Occupational particulate matter, gases, and fumes",Morocco,415.1184532,10957.66122,Morocco,49.8062274,1596.02063,26.37323323,29198142,4.497558518,NA,6069.280958,203088.6249,Morocco,6.541744744,11
MAR,2002,Occupational risks,Morocco,568.819117,18007.43023,Morocco,49.8062274,1596.02063,26.37323323,29198142,4.497558518,NA,6069.280958,203088.6249,Morocco,3.111520739,11
MAR,2003,Occupational asthmagens,Morocco,158.4838258,7307.934824,Morocco,49.78390957,1941.872559,26.39973473,29571415,4.587849371,NA,6248.969126,208113.3857,Morocco,17.63716133,11
MAR,2003,Occupational carcinogens,Morocco,1.662161291,70.00180473,Morocco,49.78390957,1941.872559,26.39973473,29571415,4.587849371,NA,6248.969126,208113.3857,Morocco,0.870585324,11
MAR,2003,"Occupational particulate matter, gases, and fumes",Morocco,436.0872443,11507.762,Morocco,49.78390957,1941.872559,26.39973473,29571415,4.587849371,NA,6248.969126,208113.3857,Morocco,6.572416109,11
MAR,2003,Occupational risks,Morocco,596.23323130000006,18885.69863,Morocco,49.78390957,1941.872559,26.39973473,29571415,4.587849371,NA,6248.969126,208113.3857,Morocco,3.217805169,11
MAR,2004,Occupational asthmagens,Morocco,163.2602077,7552.428185,Morocco,49.77786879,2183.55542,26.42696929,29953018,4.665252686,NA,6429.467476,212898.2617,Morocco,18.19595646,11
MAR,2004,Occupational carcinogens,Morocco,1.797295137,73.21977989,Morocco,49.77786879,2183.55542,26.42696929,29953018,4.665252686,NA,6429.467476,212898.2617,Morocco,0.874980523,11
MAR,2004,"Occupational particulate matter, gases, and fumes",Morocco,455.2279552,12010.54913,Morocco,49.77786879,2183.55542,26.42696929,29953018,4.665252686,NA,6429.467476,212898.2617,Morocco,6.607948984,11
MAR,2004,Occupational risks,Morocco,620.2854581,19636.1971,Morocco,49.77786879,2183.55542,26.42696929,29953018,4.665252686,NA,6429.467476,212898.2617,Morocco,3.29420085,11
MAR,2005,Occupational asthmagens,Morocco,165.1428224,7674.268564,Morocco,49.77156706,2242.988281,26.46569312,30358144,4.733230727,20.1,6614.999981,217649.7166,Morocco,18.39901255,11
MAR,2005,Occupational carcinogens,Morocco,1.933781636,76.70086257,Morocco,49.77156706,2242.988281,26.46569312,30358144,4.733230727,20.1,6614.999981,217649.7166,Morocco,0.871662715,11
MAR,2005,"Occupational particulate matter, gases, and fumes",Morocco,473.9649217,12486.55424,Morocco,49.77156706,2242.988281,26.46569312,30358144,4.733230727,20.1,6614.999981,217649.7166,Morocco,6.645256707,11
MAR,2005,Occupational risks,Morocco,641.0415257,20237.52366,Morocco,49.77156706,2242.988281,26.46569312,30358144,4.733230727,20.1,6614.999981,217649.7166,Morocco,3.320740456,11
MAR,2006,Occupational asthmagens,Morocco,167.9256074,7817.157581,Morocco,49.75000469,2438.126465,26.5559544,30771178,4.81319085,NA,6804.263305,222458.7885,Morocco,18.6048661,11
MAR,2006,Occupational carcinogens,Morocco,2.049792487,79.86922396,Morocco,49.75000469,2438.126465,26.5559544,30771178,4.81319085,NA,6804.263305,222458.7885,Morocco,0.875932505,11
MAR,2006,"Occupational particulate matter, gases, and fumes",Morocco,492.6405195,12956.44441,Morocco,49.75000469,2438.126465,26.5559544,30771178,4.81319085,NA,6804.263305,222458.7885,Morocco,6.689920568,11
MAR,2006,Occupational risks,Morocco,662.6159193,20853.47121,Morocco,49.75000469,2438.126465,26.5559544,30771178,4.81319085,NA,6804.263305,222458.7885,Morocco,3.353162068,11
MAR,2007,Occupational asthmagens,Morocco,169.332613,7894.424493,Morocco,49.72561497,2755.585938,26.70157107,31186468,4.907614097,NA,7028.19473,228033.5709,Morocco,18.55651908,11
MAR,2007,Occupational carcinogens,Morocco,2.171959898,83.32923493,Morocco,49.72561497,2755.585938,26.70157107,31186468,4.907614097,NA,7028.19473,228033.5709,Morocco,0.874648096,11
MAR,2007,"Occupational particulate matter, gases, and fumes",Morocco,513.5869112,13473.90495,Morocco,49.72561497,2755.585938,26.70157107,31186468,4.907614097,NA,7028.19473,228033.5709,Morocco,6.738516991,11
MAR,2007,Occupational risks,Morocco,685.0914841,21451.65868,Morocco,49.72561497,2755.585938,26.70157107,31186468,4.907614097,NA,7028.19473,228033.5709,Morocco,3.350633014,11
MAR,2008,Occupational asthmagens,Morocco,167.5681766,7850.075054,Morocco,49.69958807,3183.200439,26.85895401,31606767,4.997002778,NA,7184.91835,232210.5286,Morocco,18.28979152,11
MAR,2008,Occupational carcinogens,Morocco,2.274867122,86.47058646,Morocco,49.69958807,3183.200439,26.85895401,31606767,4.997002778,NA,7184.91835,232210.5286,Morocco,0.868711669,11
MAR,2008,"Occupational particulate matter, gases, and fumes",Morocco,530.4571638,13921.29087,Morocco,49.69958807,3183.200439,26.85895401,31606767,4.997002778,NA,7184.91835,232210.5286,Morocco,6.786863834,11
MAR,2008,Occupational risks,Morocco,700.3002076,21857.83651,Morocco,49.69958807,3183.200439,26.85895401,31606767,4.997002778,NA,7184.91835,232210.5286,Morocco,3.317622438,11
MAR,2009,Occupational asthmagens,Morocco,165.3533734,7761.693332,Morocco,49.6716096,3119.588623,26.98451409,32030778,5.077410233,NA,7357.615443,236865.1071,Morocco,17.92843676,11
MAR,2009,Occupational carcinogens,Morocco,2.380663934,89.53331812,Morocco,49.6716096,3119.588623,26.98451409,32030778,5.077410233,NA,7357.615443,236865.1071,Morocco,0.864063626,11
MAR,2009,"Occupational particulate matter, gases, and fumes",Morocco,548.3491706,14390.85809,Morocco,49.6716096,3119.588623,26.98451409,32030778,5.077410233,NA,7357.615443,236865.1071,Morocco,6.833669776,11
MAR,2009,Occupational risks,Morocco,716.0832079,22242.08474,Morocco,49.6716096,3119.588623,26.98451409,32030778,5.077410233,NA,7357.615443,236865.1071,Morocco,3.273207174,11
MAR,2010,Occupational asthmagens,Morocco,163.4854663,7671.960454,Morocco,49.64546941,3067.985352,27.03466219,32467016,5.162106754,18.1,7551.152223,241262.728,Morocco,17.55568673,11
MAR,2010,Occupational carcinogens,Morocco,2.44598567,91.29690212,Morocco,49.64546941,3067.985352,27.03466219,32467016,5.162106754,18.1,7551.152223,241262.728,Morocco,0.858781801,11
MAR,2010,"Occupational particulate matter, gases, and fumes",Morocco,567.9484011,14876.47572,Morocco,49.64546941,3067.985352,27.03466219,32467016,5.162106754,18.1,7551.152223,241262.728,Morocco,6.878430501,11
MAR,2010,Occupational risks,Morocco,733.8798531,22639.73308,Morocco,49.64546941,3067.985352,27.03466219,32467016,5.162106754,18.1,7551.152223,241262.728,Morocco,3.226108019,11
MAR,2011,Occupational asthmagens,Morocco,161.5325913,7543.220217,Morocco,49.62380198,3301.98877,25.10259658,32912588,5.260974999,NA,7790.690476,246131.938,Morocco,17.1162194,11
MAR,2011,Occupational carcinogens,Morocco,2.570141797,94.19786774,Morocco,49.62380198,3301.98877,25.10259658,32912588,5.260974999,NA,7790.690476,246131.938,Morocco,0.851423847,11
MAR,2011,"Occupational particulate matter, gases, and fumes",Morocco,591.9048834,15464.22982,Morocco,49.62380198,3301.98877,25.10259658,32912588,5.260974999,NA,7790.690476,246131.938,Morocco,6.919625547,11
MAR,2011,Occupational risks,Morocco,756.0076165,23101.64791,Morocco,49.62380198,3301.98877,25.10259658,32912588,5.260974999,NA,7790.690476,246131.938,Morocco,3.168654488,11
MAR,2012,Occupational asthmagens,Morocco,159.9936736,7408.660434,Morocco,49.60577859,3164.177246,23.51702778,33355241,5.373920018,NA,8029.147787,250726.1476,Morocco,16.67680573,11
MAR,2012,Occupational carcinogens,Morocco,2.693091739,96.87392602,Morocco,49.60577859,3164.177246,23.51702778,33355241,5.373920018,NA,8029.147787,250726.1476,Morocco,0.844495885,11
MAR,2012,"Occupational particulate matter, gases, and fumes",Morocco,615.8741994,16063.7529,Morocco,49.60577859,3164.177246,23.51702778,33355241,5.373920018,NA,8029.147787,250726.1476,Morocco,6.955239501,11
MAR,2012,Occupational risks,Morocco,778.5609647,23569.28726,Morocco,49.60577859,3164.177246,23.51702778,33355241,5.373920018,NA,8029.147787,250726.1476,Morocco,3.111012104,11
MAR,2013,Occupational asthmagens,Morocco,159.8417052,7300.890388,Morocco,49.58947478,3379.743164,22.62626166,33787571,5.496109797,NA,8319.793492,256013.5546,Morocco,16.30534874,11
MAR,2013,Occupational carcinogens,Morocco,2.821046069,99.60901229,Morocco,49.58947478,3379.743164,22.62626166,33787571,5.496109797,NA,8319.793492,256013.5546,Morocco,0.842014324,11
MAR,2013,"Occupational particulate matter, gases, and fumes",Morocco,646.2419019,16763.50354,Morocco,49.58947478,3379.743164,22.62626166,33787571,5.496109797,NA,8319.793492,256013.5546,Morocco,6.984771878,11
MAR,2013,Occupational risks,Morocco,808.9046531,24164.00295,Morocco,49.58947478,3379.743164,22.62626166,33787571,5.496109797,NA,8319.793492,256013.5546,Morocco,3.064441128,11
MAR,2014,Occupational asthmagens,Morocco,159.2028111,7182.158879,Morocco,49.57246911,3435.406982,22.57564637,34204780,5.635436041,NA,8619.898148,262448.7954,Morocco,15.91192397,11
MAR,2014,Occupational carcinogens,Morocco,2.973606472,102.6576534,Morocco,49.57246911,3435.406982,22.57564637,34204780,5.635436041,NA,8619.898148,262448.7954,Morocco,0.837425691,11
MAR,2014,"Occupational particulate matter, gases, and fumes",Morocco,675.3345821,17464.10867,Morocco,49.57246911,3435.406982,22.57564637,34204780,5.635436041,NA,8619.898148,262448.7954,Morocco,7.005709078,11
MAR,2014,Occupational risks,Morocco,837.5109997,24748.92521,Morocco,49.57246911,3435.406982,22.57564637,34204780,5.635436041,NA,8619.898148,262448.7954,Morocco,3.012651559,11
MAR,2015,Occupational asthmagens,Morocco,159.5227636,7117.992736,Morocco,49.55316158,3146.247803,25.65354879,34607588,5.802137875,16.2,8894.702571,267844.5193,Morocco,15.64544768,11
MAR,2015,Occupational carcinogens,Morocco,3.105771652,105.2508544,Morocco,49.55316158,3146.247803,25.65354879,34607588,5.802137875,16.2,8894.702571,267844.5193,Morocco,0.839050112,11
MAR,2015,"Occupational particulate matter, gases, and fumes",Morocco,703.3747181,18129.98621,Morocco,49.55316158,3146.247803,25.65354879,34607588,5.802137875,16.2,8894.702571,267844.5193,Morocco,7.020867243,11
MAR,2015,Occupational risks,Morocco,866.0032534,25353.2298,Morocco,49.55316158,3146.247803,25.65354879,34607588,5.802137875,16.2,8894.702571,267844.5193,Morocco,2.978926732,11
MAR,2016,Occupational asthmagens,Morocco,159.5879428,7057.103014,Morocco,49.54108328,3140.855469,24.75459437,35023457,5.995544558,NA,9201.627392,274268.6522,Morocco,15.37930055,11
MAR,2016,Occupational carcinogens,Morocco,3.275222588,108.922873,Morocco,49.54108328,3140.855469,24.75459437,35023457,5.995544558,NA,9201.627392,274268.6522,Morocco,0.839754527,11
MAR,2016,"Occupational particulate matter, gases, and fumes",Morocco,734.2008933,18864.91341,Morocco,49.54108328,3140.855469,24.75459437,35023457,5.995544558,NA,9201.627392,274268.6522,Morocco,7.029789486,11
MAR,2016,Occupational risks,Morocco,897.0640587,26030.9393,Morocco,49.54108328,3140.855469,24.75459437,35023457,5.995544558,NA,9201.627392,274268.6522,Morocco,2.944382884,11
MAR,2017,Occupational asthmagens,Morocco,160.0109125,7028.50372,Morocco,49.5348638,3296.526611,28.01615651,35446392,6.215429486,NA,9470.920539,280208.8482,Morocco,15.20843332,11
MAR,2017,Occupational carcinogens,Morocco,3.430369392,112.2724832,Morocco,49.5348638,3296.526611,28.01615651,35446392,6.215429486,NA,9470.920539,280208.8482,Morocco,0.84423538,11
MAR,2017,"Occupational particulate matter, gases, and fumes",Morocco,761.5875439,19551.00244,Morocco,49.5348638,3296.526611,28.01615651,35446392,6.215429486,NA,9470.920539,280208.8482,Morocco,7.036241087,11
MAR,2017,Occupational risks,Morocco,925.0288258,26691.77864,Morocco,49.5348638,3296.526611,28.01615651,35446392,6.215429486,NA,9470.920539,280208.8482,Morocco,2.923028491,11
MAR,2018,Occupational asthmagens,Morocco,160.6332683,7024.212244,Morocco,49.52178668,3501.697998,23.18562838,35839760,6.458479354,14.9,9746.172633,286641.4187,Morocco,15.05877104,11
MAR,2018,Occupational carcinogens,Morocco,3.593517163,116.0025552,Morocco,49.52178668,3501.697998,23.18562838,35839760,6.458479354,14.9,9746.172633,286641.4187,Morocco,0.849176799,11
MAR,2018,"Occupational particulate matter, gases, and fumes",Morocco,787.9611027,20232.32985,Morocco,49.52178668,3501.697998,23.18562838,35839760,6.458479354,14.9,9746.172633,286641.4187,Morocco,7.040782285,11
MAR,2018,Occupational risks,Morocco,952.1878881,27372.54465,Morocco,49.52178668,3501.697998,23.18562838,35839760,6.458479354,14.9,9746.172633,286641.4187,Morocco,2.904372772,11
MAR,2019,Occupational asthmagens,Morocco,160.4806422,7009.157017,Morocco,49.50547345,3508.097656,20.92990599,36210898,6.720202023,14.9,9960.598016,291839.9129,Morocco,14.93442405,11
MAR,2019,Occupational carcinogens,Morocco,3.742492049,119.5421539,Morocco,49.50547345,3508.097656,20.92990599,36210898,6.720202023,14.9,9960.598016,291839.9129,Morocco,0.854220829,11
MAR,2019,"Occupational particulate matter, gases, and fumes",Morocco,810.9830219,20855.06068,Morocco,49.50547345,3508.097656,20.92990599,36210898,6.720202023,14.9,9960.598016,291839.9129,Morocco,7.042806641,11
MAR,2019,Occupational risks,Morocco,975.2061562,27983.75985,Morocco,49.50547345,3508.097656,20.92990599,36210898,6.720202023,14.9,9960.598016,291839.9129,Morocco,2.888520851,11
MAR,2020,Occupational asthmagens,Morocco,159.8264421,7045.573697,Morocco,49.50890286,3268.030273,21.32126421,36584208,6.97052127,14.5,10079.16405,296747.4678,Morocco,14.836722,11
MAR,2020,Occupational carcinogens,Morocco,3.861669675,122.9452673,Morocco,49.50890286,3268.030273,21.32126421,36584208,6.97052127,14.5,10079.16405,296747.4678,Morocco,0.859779699,11
MAR,2020,"Occupational particulate matter, gases, and fumes",Morocco,825.1651406,21367.22669,Morocco,49.50890286,3268.030273,21.32126421,36584208,6.97052127,14.5,10079.16405,296747.4678,Morocco,7.039193197,11
MAR,2020,Occupational risks,Morocco,988.8532523,28535.74565,Morocco,49.50890286,3268.030273,21.32126421,36584208,6.97052127,14.5,10079.16405,296747.4678,Morocco,2.87604973,11
MAR,2021,Occupational asthmagens,Morocco,159.6192858,7097.551137,Morocco,49.52326164,3785.936279,NA,36954442,7.218416297,NA,10116.93869,299465.0933,Morocco,14.88109904,11
MAR,2021,Occupational carcinogens,Morocco,3.934931002,125.7084077,Morocco,49.52326164,3785.936279,NA,36954442,7.218416297,NA,10116.93869,299465.0933,Morocco,0.866358188,11
MAR,2021,"Occupational particulate matter, gases, and fumes",Morocco,830.3604657,21642.0571,Morocco,49.52326164,3785.936279,NA,36954442,7.218416297,NA,10116.93869,299465.0933,Morocco,7.031617823,11
MAR,2021,Occupational risks,Morocco,993.9146825,28865.31664,Morocco,49.52326164,3785.936279,NA,36954442,7.218416297,NA,10116.93869,299465.0933,Morocco,2.882075478,11
OMN,1990,Occupational asthmagens,Oman,4.872442364,323.1343573,Oman,42.47117555,7545.703052,47.65770822,1763954,2.453040159,NA,190.5855412,9557.646938,Oman,19.22851816,12
OMN,1990,Occupational carcinogens,Oman,0.00899585,2.428148333,Oman,42.47117555,7545.703052,47.65770822,1763954,2.453040159,NA,190.5855412,9557.646938,Oman,1.089826949,12
OMN,1990,"Occupational particulate matter, gases, and fumes",Oman,9.27152694,285.5561274,Oman,42.47117555,7545.703052,47.65770822,1763954,2.453040159,NA,190.5855412,9557.646938,Oman,4.210611781,12
OMN,1990,Occupational risks,Oman,14.15296515,611.118633,Oman,42.47117555,7545.703052,47.65770822,1763954,2.453040159,NA,190.5855412,9557.646938,Oman,3.059265202,12
OMN,1991,Occupational asthmagens,Oman,4.800075329,321.752576,Oman,41.69069708,6977.328592,45.29504694,1851473,2.432549651,NA,190.0937026,9595.133603,Oman,19.06513761,12
OMN,1991,Occupational carcinogens,Oman,0.008983423,2.492976923,Oman,41.69069708,6977.328592,45.29504694,1851473,2.432549651,NA,190.0937026,9595.133603,Oman,1.084302578,12
OMN,1991,"Occupational particulate matter, gases, and fumes",Oman,9.382767983,288.6044844,Oman,41.69069708,6977.328592,45.29504694,1851473,2.432549651,NA,190.0937026,9595.133603,Oman,4.129783702,12
OMN,1991,Occupational risks,Oman,14.19182673,612.8500372,Oman,41.69069708,6977.328592,45.29504694,1851473,2.432549651,NA,190.0937026,9595.133603,Oman,3.026225327,12
OMN,1992,Occupational asthmagens,Oman,4.729877789,320.3139958,Oman,40.97915685,7317.788158,43.423942,1938238,2.418897365,NA,189.9286319,9632.120426,Oman,18.8108773,12
OMN,1992,Occupational carcinogens,Oman,0.009332107,2.570915998,Oman,40.97915685,7317.788158,43.423942,1938238,2.418897365,NA,189.9286319,9632.120426,Oman,1.077683403,12
OMN,1992,"Occupational particulate matter, gases, and fumes",Oman,9.486206644,291.3401944,Oman,40.97915685,7317.788158,43.423942,1938238,2.418897365,NA,189.9286319,9632.120426,Oman,4.033914267,12
OMN,1992,Occupational risks,Oman,14.22541654,614.2251062,Oman,40.97915685,7317.788158,43.423942,1938238,2.418897365,NA,189.9286319,9632.120426,Oman,2.98209308,12
OMN,1993,Occupational asthmagens,Oman,4.640827591,318.4520445,Oman,40.35982062,7038.930159,42.06362631,2021675,2.413815277,NA,189.1288358,9652.53252,Oman,18.53196841,12
OMN,1993,Occupational carcinogens,Oman,0.009536329,2.633138658,Oman,40.35982062,7038.930159,42.06362631,2021675,2.413815277,NA,189.1288358,9652.53252,Oman,1.070760347,12
OMN,1993,"Occupational particulate matter, gases, and fumes",Oman,9.538359695,292.5130117,Oman,40.35982062,7038.930159,42.06362631,2021675,2.413815277,NA,189.1288358,9652.53252,Oman,3.924236108,12
OMN,1993,Occupational risks,Oman,14.18872362,613.5981949,Oman,40.35982062,7038.930159,42.06362631,2021675,2.413815277,NA,189.1288358,9652.53252,Oman,2.934653709,12
OMN,1994,Occupational asthmagens,Oman,4.574890713,316.1419322,Oman,40.2416618,7068.38997,41.23333276,2081834,2.419740858,NA,189.3261385,9715.594249,Oman,18.16835645,12
OMN,1994,Occupational carcinogens,Oman,0.009930266,2.698859493,Oman,40.2416618,7068.38997,41.23333276,2081834,2.419740858,NA,189.3261385,9715.594249,Oman,1.0550757,12
OMN,1994,"Occupational particulate matter, gases, and fumes",Oman,9.578704365,293.3859162,Oman,40.2416618,7068.38997,41.23333276,2081834,2.419740858,NA,189.3261385,9715.594249,Oman,3.803004888,12
OMN,1994,Occupational risks,Oman,14.16352534,612.2267079,Oman,40.2416618,7068.38997,41.23333276,2081834,2.419740858,NA,189.3261385,9715.594249,Oman,2.876478683,12
OMN,1995,Occupational asthmagens,Oman,4.511323938,314.3750742,Oman,40.53780027,7414.302792,40.95229427,2120528,2.433616164,NA,188.2742662,9712.386102,Oman,17.81015778,12
OMN,1995,Occupational carcinogens,Oman,0.010825669,2.76818821,Oman,40.53780027,7414.302792,40.95229427,2120528,2.433616164,NA,188.2742662,9712.386102,Oman,1.03564054,12
OMN,1995,"Occupational particulate matter, gases, and fumes",Oman,9.559581003,292.9277215,Oman,40.53780027,7414.302792,40.95229427,2120528,2.433616164,NA,188.2742662,9712.386102,Oman,3.679408074,12
OMN,1995,Occupational risks,Oman,14.08173061,610.0709839,Oman,40.53780027,7414.302792,40.95229427,2120528,2.433616164,NA,188.2742662,9712.386102,Oman,2.816225359,12
OMN,1996,Occupational asthmagens,Oman,4.484489701,314.2222196,Oman,40.80645326,8068.000768,41.55633613,2156926,2.45140538,NA,186.8081504,9665.912633,Oman,17.53033998,12
OMN,1996,Occupational carcinogens,Oman,0.010884879,2.80353153,Oman,40.80645326,8068.000768,41.55633613,2156926,2.45140538,NA,186.8081504,9665.912633,Oman,1.02399101,12
OMN,1996,"Occupational particulate matter, gases, and fumes",Oman,9.517392728,291.9189236,Oman,40.80645326,8068.000768,41.55633613,2156926,2.45140538,NA,186.8081504,9665.912633,Oman,3.557978866,12
OMN,1996,Occupational risks,Oman,14.01276731,608.9446747,Oman,40.80645326,8068.000768,41.55633613,2156926,2.45140538,NA,186.8081504,9665.912633,Oman,2.769544743,12
OMN,1997,Occupational asthmagens,Oman,4.342181115,308.3651924,Oman,41.04951797,8234.640638,43.00058158,2190720,2.472862239,NA,184.9984549,9592.717371,Oman,16.9217267,12
OMN,1997,Occupational carcinogens,Oman,0.011011194,2.838364971,Oman,41.04951797,8234.640638,43.00058158,2190720,2.472862239,NA,184.9984549,9592.717371,Oman,1.004518091,12
OMN,1997,"Occupational particulate matter, gases, and fumes",Oman,9.470872184,290.8058555,Oman,41.04951797,8234.640638,43.00058158,2190720,2.472862239,NA,184.9984549,9592.717371,Oman,3.439196498,12
OMN,1997,Occupational risks,Oman,13.82406449,602.0094129,Oman,41.04951797,8234.640638,43.00058158,2190720,2.472862239,NA,184.9984549,9592.717371,Oman,2.682168959,12
OMN,1998,Occupational asthmagens,Oman,4.127100371,299.3694509,Oman,41.27215028,7219.029324,44.733210390000004,2222489,2.496412806,NA,183.3142863,9507.936272,Oman,16.17872961,12
OMN,1998,Occupational carcinogens,Oman,0.011237603,2.876419766,Oman,41.27215028,7219.029324,44.733210390000004,2222489,2.496412806,NA,183.3142863,9507.936272,Oman,0.977562718,12
OMN,1998,"Occupational particulate matter, gases, and fumes",Oman,9.440049991,289.8606814,Oman,41.27215028,7219.029324,44.733210390000004,2222489,2.496412806,NA,183.3142863,9507.936272,Oman,3.324954732,12
OMN,1998,Occupational risks,Oman,13.57838797,592.106552,Oman,41.27215028,7219.029324,44.733210390000004,2222489,2.496412806,NA,183.3142863,9507.936272,Oman,2.576831773,12
OMN,1999,Occupational asthmagens,Oman,3.985896278,294.7511589,Oman,41.48116946,7915.441694,46.20240235,2252909,2.517922943,NA,181.80777,9442.069551,Oman,15.70140174,12
OMN,1999,Occupational carcinogens,Oman,0.011543173,2.919314492,Oman,41.48116946,7915.441694,46.20240235,2252909,2.517922943,NA,181.80777,9442.069551,Oman,0.968246079,12
OMN,1999,"Occupational particulate matter, gases, and fumes",Oman,9.423047002,289.3413964,Oman,41.48116946,7915.441694,46.20240235,2252909,2.517922943,NA,181.80777,9442.069551,Oman,3.218953759,12
OMN,1999,Occupational risks,Oman,13.42048645,587.0118698,Oman,41.48116946,7915.441694,46.20240235,2252909,2.517922943,NA,181.80777,9442.069551,Oman,2.511635074,12
OMN,2000,Occupational asthmagens,Oman,3.8657644,291.351683,Oman,41.68474917,9753.847552,46.85633724,2282131,2.533421058,7.6,180.4398554,9403.456218,Oman,15.31453116,12
OMN,2000,Occupational carcinogens,Oman,0.012854464,2.99992608,Oman,41.68474917,9753.847552,46.85633724,2282131,2.533421058,7.6,180.4398554,9403.456218,Oman,0.965574012,12
OMN,2000,"Occupational particulate matter, gases, and fumes",Oman,9.41743535,289.8158141,Oman,41.68474917,9753.847552,46.85633724,2282131,2.533421058,7.6,180.4398554,9403.456218,Oman,3.129325031,12
OMN,2000,Occupational risks,Oman,13.29605421,584.1674232,Oman,41.68474917,9753.847552,46.85633724,2282131,2.533421058,7.6,180.4398554,9403.456218,Oman,2.461967614,12
OMN,2001,Occupational asthmagens,Oman,3.831288698,297.1441126,Oman,41.88632496,9611.963602,46.90931106,2310217,2.539696487,NA,176.15684,9375.865288,Oman,15.53109864,12
OMN,2001,Occupational carcinogens,Oman,0.013114327,3.046436286,Oman,41.88632496,9611.963602,46.90931106,2310217,2.539696487,NA,176.15684,9375.865288,Oman,0.993529923,12
OMN,2001,"Occupational particulate matter, gases, and fumes",Oman,9.230224678,288.6796395,Oman,41.88632496,9611.963602,46.90931106,2310217,2.539696487,NA,176.15684,9375.865288,Oman,3.064132676,12
OMN,2001,Occupational risks,Oman,13.0746277,588.8701883,Oman,41.88632496,9611.963602,46.90931106,2310217,2.539696487,NA,176.15684,9375.865288,Oman,2.499282125,12
OMN,2002,Occupational asthmagens,Oman,3.778556273,303.8207365,Oman,42.08301599,9869.130502,46.94291273,2337140,2.530057564,NA,174.816593,9411.23403,Oman,15.76777487,12
OMN,2002,Occupational carcinogens,Oman,0.013426166,3.094014244,Oman,42.08301599,9869.130502,46.94291273,2337140,2.530057564,NA,174.816593,9411.23403,Oman,1.027252703,12
OMN,2002,"Occupational particulate matter, gases, and fumes",Oman,9.228015667,290.2984071,Oman,42.08301599,9869.130502,46.94291273,2337140,2.530057564,NA,174.816593,9411.23403,Oman,3.023290767,12
OMN,2002,Occupational risks,Oman,13.01999811,597.2131579,Oman,42.08301599,9869.130502,46.94291273,2337140,2.530057564,NA,174.816593,9411.23403,Oman,2.545123079,12
OMN,2003,Occupational asthmagens,Oman,3.722838604,310.8234618,Oman,42.26426477,10463.54258,46.95626142,2363796,2.511553982,NA,174.1549922,9476.55163,Oman,15.99708851,12
OMN,2003,Occupational carcinogens,Oman,0.013850639,3.15278187,Oman,42.26426477,10463.54258,46.95626142,2363796,2.511553982,NA,174.1549922,9476.55163,Oman,1.064216582,12
OMN,2003,"Occupational particulate matter, gases, and fumes",Oman,9.210812905,290.9614846,Oman,42.26426477,10463.54258,46.95626142,2363796,2.511553982,NA,174.1549922,9476.55163,Oman,3.010815136,12
OMN,2003,Occupational risks,Oman,12.94750215,604.9377283,Oman,42.26426477,10463.54258,46.95626142,2363796,2.511553982,NA,174.1549922,9476.55163,Oman,2.595583751,12
OMN,2004,Occupational asthmagens,Oman,3.685510553,319.1091764,Oman,42.30447921,11800.85074,46.94847629,2404821,2.522724145,NA,171.7581298,9541.994926,Oman,16.16317608,12
OMN,2004,Occupational carcinogens,Oman,0.014370244,3.232202988,Oman,42.30447921,11800.85074,46.94847629,2404821,2.522724145,NA,171.7581298,9541.994926,Oman,1.098667549,12
OMN,2004,"Occupational particulate matter, gases, and fumes",Oman,9.106740203,291.2722089,Oman,42.30447921,11800.85074,46.94847629,2404821,2.522724145,NA,171.7581298,9541.994926,Oman,3.02638015,12
OMN,2004,Occupational risks,Oman,12.806621,613.6135882,Oman,42.30447921,11800.85074,46.94847629,2404821,2.522724145,NA,171.7581298,9541.994926,Oman,2.640976279,12
OMN,2005,Occupational asthmagens,Oman,3.720676505,331.2087036,Oman,42.22041359,14434.85779,46.91867651,2459802,2.55721802,7.7,173.3340754,9683.598671,Oman,16.40104984,12
OMN,2005,Occupational carcinogens,Oman,0.014809806,3.340526562,Oman,42.22041359,14434.85779,46.91867651,2459802,2.55721802,7.7,173.3340754,9683.598671,Oman,1.137148552,12
OMN,2005,"Occupational particulate matter, gases, and fumes",Oman,9.164017879,294.4605578,Oman,42.22041359,14434.85779,46.91867651,2459802,2.55721802,7.7,173.3340754,9683.598671,Oman,3.076674932,12
OMN,2005,Occupational risks,Oman,12.89950419,629.009788,Oman,42.22041359,14434.85779,46.91867651,2459802,2.55721802,7.7,173.3340754,9683.598671,Oman,2.700233664,12
OMN,2006,Occupational asthmagens,Oman,3.738383396,343.3137245,Oman,42.14186757,16930.85651,46.43754738,2514795,2.58331196,NA,175.8337423,9900.936722,Oman,16.5017121,12
OMN,2006,Occupational carcinogens,Oman,0.014068874,3.45586955,Oman,42.14186757,16930.85651,46.43754738,2514795,2.58331196,NA,175.8337423,9900.936722,Oman,1.172253511,12
OMN,2006,"Occupational particulate matter, gases, and fumes",Oman,9.228819367,297.4314346,Oman,42.14186757,16930.85651,46.43754738,2514795,2.58331196,NA,175.8337423,9900.936722,Oman,3.157990204,12
OMN,2006,Occupational risks,Oman,12.98127164,644.2010287,Oman,42.14186757,16930.85651,46.43754738,2514795,2.58331196,NA,175.8337423,9900.936722,Oman,2.746142478,12
OMN,2007,Occupational asthmagens,Oman,3.738632598,356.1369862,Oman,42.068786,18792.65377,45.3496774,2570174,2.602022276,NA,182.875908,10262.30599,Oman,16.57042874,12
OMN,2007,Occupational carcinogens,Oman,0.014103254,3.625700744,Oman,42.068786,18792.65377,45.3496774,2570174,2.602022276,NA,182.875908,10262.30599,Oman,1.204886446,12
OMN,2007,"Occupational particulate matter, gases, and fumes",Oman,9.516774454,304.5200435,Oman,42.068786,18792.65377,45.3496774,2570174,2.602022276,NA,182.875908,10262.30599,Oman,3.265648407,12
OMN,2007,Occupational risks,Oman,13.26951031,664.2827304,Oman,42.068786,18792.65377,45.3496774,2570174,2.602022276,NA,182.875908,10262.30599,Oman,2.788636435,12
OMN,2008,Occupational asthmagens,Oman,3.827663182,373.8897462,Oman,42.00121148,26576.77924,44.06504057,2626529,2.618798422,NA,196.9368185,10794.08597,Oman,16.77661432,12
OMN,2008,Occupational carcinogens,Oman,0.015457637,3.864468249,Oman,42.00121148,26576.77924,44.06504057,2626529,2.618798422,NA,196.9368185,10794.08597,Oman,1.251139911,12
OMN,2008,"Occupational particulate matter, gases, and fumes",Oman,10.38835841,323.8807227,Oman,42.00121148,26576.77924,44.06504057,2626529,2.618798422,NA,196.9368185,10794.08597,Oman,3.400699581,12
OMN,2008,Occupational risks,Oman,14.23147923,701.6349371,Oman,42.00121148,26576.77924,44.06504057,2626529,2.618798422,NA,196.9368185,10794.08597,Oman,2.856847725,12
OMN,2009,Occupational asthmagens,Oman,3.75312269,380.2438487,Oman,41.93973983,20655.91802,42.99361087,2684659,2.637560301,NA,215.2431971,11377.05923,Oman,16.56688401,12
OMN,2009,Occupational carcinogens,Oman,0.01669339,4.127721462,Oman,41.93973983,20655.91802,42.99361087,2684659,2.637560301,NA,215.2431971,11377.05923,Oman,1.265792833,12
OMN,2009,"Occupational particulate matter, gases, and fumes",Oman,11.46859529,346.448936,Oman,41.93973983,20655.91802,42.99361087,2684659,2.637560301,NA,215.2431971,11377.05923,Oman,3.552231844,12
OMN,2009,Occupational risks,Oman,15.23841137,730.8205062,Oman,41.93973983,20655.91802,42.99361087,2684659,2.637560301,NA,215.2431971,11377.05923,Oman,2.864309109,12
OMN,2010,Occupational asthmagens,Oman,3.670501634,390.2625093,Oman,41.75370977,23570.17981,42.54536231,2757446,2.653542445,7.7,220.3154595,11772.68846,Oman,16.60935387,12
OMN,2010,Occupational carcinogens,Oman,0.016580342,4.352218914,Oman,41.75370977,23570.17981,42.54536231,2757446,2.653542445,7.7,220.3154595,11772.68846,Oman,1.304147224,12
OMN,2010,"Occupational particulate matter, gases, and fumes",Oman,11.71882661,359.9452373,Oman,41.75370977,23570.17981,42.54536231,2757446,2.653542445,7.7,220.3154595,11772.68846,Oman,3.722822195,12
OMN,2010,Occupational risks,Oman,15.40590859,754.5599656,Oman,41.75370977,23570.17981,42.54536231,2757446,2.653542445,7.7,220.3154595,11772.68846,Oman,2.916081833,12
OMN,2011,Occupational asthmagens,Oman,3.529560816,400.1308744,Oman,39.25752487,25188.00742,49.24816226,3076763,2.649034066,NA,224.8809955,12112.4909,Oman,16.74235016,12
OMN,2011,Occupational carcinogens,Oman,0.018001303,4.609845275,Oman,39.25752487,25188.00742,49.24816226,3076763,2.649034066,NA,224.8809955,12112.4909,Oman,1.331429204,12
OMN,2011,"Occupational particulate matter, gases, and fumes",Oman,11.87030665,368.8606634,Oman,39.25752487,25188.00742,49.24816226,3076763,2.649034066,NA,224.8809955,12112.4909,Oman,3.899578088,12
OMN,2011,Occupational risks,Oman,15.41786877,773.6013831,Oman,39.25752487,25188.00742,49.24816226,3076763,2.649034066,NA,224.8809955,12112.4909,Oman,2.964726357,12
OMN,2012,Occupational asthmagens,Oman,3.398525535,409.8551334,Oman,36.27329893,24642.29788,52.31078211,3547106,2.627353486,NA,232.0661942,12457.65326,Oman,16.89414619,12
OMN,2012,Occupational carcinogens,Oman,0.020642957,4.8879482,Oman,36.27329893,24642.29788,52.31078211,3547106,2.627353486,NA,232.0661942,12457.65326,Oman,1.359646737,12
OMN,2012,"Occupational particulate matter, gases, and fumes",Oman,12.01228568,377.7898282,Oman,36.27329893,24642.29788,52.31078211,3547106,2.627353486,NA,232.0661942,12457.65326,Oman,4.081196102,12
OMN,2012,Occupational risks,Oman,15.43145417,792.5329098,Oman,36.27329893,24642.29788,52.31078211,3547106,2.627353486,NA,232.0661942,12457.65326,Oman,3.015861379,12
OMN,2013,Occupational asthmagens,Oman,3.340910231,423.242034,Oman,35.30250564,23458.02338,47.64907837,3833913,2.577405904,NA,234.9955187,12839.3825,Oman,17.15277183,12
OMN,2013,Occupational carcinogens,Oman,0.020508734,5.159557243,Oman,35.30250564,23458.02338,47.64907837,3833913,2.577405904,NA,234.9955187,12839.3825,Oman,1.394345902,12
OMN,2013,"Occupational particulate matter, gases, and fumes",Oman,12.35360674,392.7599556,Oman,35.30250564,23458.02338,47.64907837,3833913,2.577405904,NA,234.9955187,12839.3825,Oman,4.268066942,12
OMN,2013,Occupational risks,Oman,15.7150257,821.1615468,Oman,35.30250564,23458.02338,47.64907837,3833913,2.577405904,NA,234.9955187,12839.3825,Oman,3.083030892,12
OMN,2014,Occupational asthmagens,Oman,3.347137614,439.5188479,Oman,35.34125067,23160.65023,41.25635267,4002439,2.563836701,NA,245.6467751,13387.00096,Oman,17.42035727,12
OMN,2014,Occupational carcinogens,Oman,0.020992111,5.44779577,Oman,35.34125067,23160.65023,41.25635267,4002439,2.563836701,NA,245.6467751,13387.00096,Oman,1.42619858,12
OMN,2014,"Occupational particulate matter, gases, and fumes",Oman,13.03729514,414.9760714,Oman,35.34125067,23160.65023,41.25635267,4002439,2.563836701,NA,245.6467751,13387.00096,Oman,4.457813766,12
OMN,2014,Occupational risks,Oman,16.40542487,859.942715,Oman,35.34125067,23160.65023,41.25635267,4002439,2.563836701,NA,245.6467751,13387.00096,Oman,3.149561341,12
OMN,2015,Occupational asthmagens,Oman,3.380367599,458.4889429,Oman,35.22475474,18808.30779,47.91899505,4184895,2.574915261,7.8,266.5373056,14172.23774,Oman,17.68467626,12
OMN,2015,Occupational carcinogens,Oman,0.020192984,5.706589907,Oman,35.22475474,18808.30779,47.91899505,4184895,2.574915261,7.8,266.5373056,14172.23774,Oman,1.454958143,12
OMN,2015,"Occupational particulate matter, gases, and fumes",Oman,14.32958435,449.1223649,Oman,35.22475474,18808.30779,47.91899505,4184895,2.574915261,7.8,266.5373056,14172.23774,Oman,4.64789815,12
OMN,2015,Occupational risks,Oman,17.73014493,913.3178977,Oman,35.22475474,18808.30779,47.91899505,4184895,2.574915261,7.8,266.5373056,14172.23774,Oman,3.213118155,12
OMN,2016,Occupational asthmagens,Oman,3.432636091,481.0190142,Oman,34.80864984,17110.18975,45.48033855,4390877,2.550139465,NA,287.4860303,15013.73407,Oman,18.01267174,12
OMN,2016,Occupational carcinogens,Oman,0.021320418,6.032007632,Oman,34.80864984,17110.18975,45.48033855,4390877,2.550139465,NA,287.4860303,15013.73407,Oman,1.488754477,12
OMN,2016,"Occupational particulate matter, gases, and fumes",Oman,15.64944665,485.1920556,Oman,34.80864984,17110.18975,45.48033855,4390877,2.550139465,NA,287.4860303,15013.73407,Oman,4.838036643,12
OMN,2016,Occupational risks,Oman,19.10340315,972.2430774,Oman,34.80864984,17110.18975,45.48033855,4390877,2.550139465,NA,287.4860303,15013.73407,Oman,3.285688346,12
OMN,2017,Occupational asthmagens,Oman,3.481065514,505.9708915,Oman,34.69718431,17820.06618,48.70468521,4537396,2.550184891,NA,285.388382,15463.92672,Oman,18.33425059,12
OMN,2017,Occupational carcinogens,Oman,0.021857919,6.336173075,Oman,34.69718431,17820.06618,48.70468521,4537396,2.550184891,NA,285.388382,15463.92672,Oman,1.522004415,12
OMN,2017,"Occupational particulate matter, gases, and fumes",Oman,15.41316162,496.2803614,Oman,34.69718431,17820.06618,48.70468521,4537396,2.550184891,NA,285.388382,15463.92672,Oman,5.026168399,12
OMN,2017,Occupational risks,Oman,18.91608505,1008.587426,Oman,34.69718431,17820.06618,48.70468521,4537396,2.550184891,NA,285.388382,15463.92672,Oman,3.356908178,12
OMN,2018,Occupational asthmagens,Oman,3.498578673,529.9893796,Oman,35.21407049,19901.76156,49.6250529,4597877,2.583561654,7.9,273.3768556,15789.24594,Oman,18.54818636,12
OMN,2018,Occupational carcinogens,Oman,0.021986719,6.638093818,Oman,35.21407049,19901.76156,49.6250529,4597877,2.583561654,7.9,273.3768556,15789.24594,Oman,1.545212869,12
OMN,2018,"Occupational particulate matter, gases, and fumes",Oman,14.66353873,502.5118087,Oman,35.21407049,19901.76156,49.6250529,4597877,2.583561654,7.9,273.3768556,15789.24594,Oman,5.206666719,12
OMN,2018,Occupational risks,Oman,18.18410412,1039.139282,Oman,35.21407049,19901.76156,49.6250529,4597877,2.583561654,7.9,273.3768556,15789.24594,Oman,3.409089296,12
OMN,2019,Occupational asthmagens,Oman,3.660027008,559.551819,Oman,36.34657819,19180.186420000002,44.89776437,4591241,2.610742934,7.9,280.307102,16461.14945,Oman,18.76410532,12
OMN,2019,Occupational carcinogens,Oman,0.023608705,7.012164008,Oman,36.34657819,19180.186420000002,44.89776437,4591241,2.610742934,7.9,280.307102,16461.14945,Oman,1.562515417,12
OMN,2019,"Occupational particulate matter, gases, and fumes",Oman,15.01799217,529.4482491,Oman,36.34657819,19180.186420000002,44.89776437,4591241,2.610742934,7.9,280.307102,16461.14945,Oman,5.379788969,12
OMN,2019,Occupational risks,Oman,18.70162788,1096.012232,Oman,36.34657819,19180.186420000002,44.89776437,4591241,2.610742934,7.9,280.307102,16461.14945,Oman,3.456542462,12
OMN,2020,Occupational asthmagens,Oman,3.094437372,566.3651154,Oman,37.8940302,16784.86306,39.58357689,4522497,2.607022471,8,285.0734812,16674.11693,Oman,18.92769261,12
OMN,2020,Occupational carcinogens,Oman,0.020994254,7.263184796,Oman,37.8940302,16784.86306,39.58357689,4522497,2.607022471,8,285.0734812,16674.11693,Oman,1.569956743,12
OMN,2020,"Occupational particulate matter, gases, and fumes",Oman,15.05835445,528.787088,Oman,37.8940302,16784.86306,39.58357689,4522497,2.607022471,8,285.0734812,16674.11693,Oman,5.541889873,12
OMN,2020,Occupational risks,Oman,18.17378608,1102.415388,Oman,37.8940302,16784.86306,39.58357689,4522497,2.607022471,8,285.0734812,16674.11693,Oman,3.490428731,12
OMN,2021,Occupational asthmagens,Oman,3.504286297,612.9163735,Oman,38.87322617,19403.46002,NA,4500424,2.615964629,NA,276.0246068,17147.11703,Oman,19.10424185,12
OMN,2021,Occupational carcinogens,Oman,0.025694412,7.811280696,Oman,38.87322617,19403.46002,NA,4500424,2.615964629,NA,276.0246068,17147.11703,Oman,1.572833603,12
OMN,2021,"Occupational particulate matter, gases, and fumes",Oman,14.63155608,553.6333202,Oman,38.87322617,19403.46002,NA,4500424,2.615964629,NA,276.0246068,17147.11703,Oman,5.691533422,12
OMN,2021,Occupational risks,Oman,18.16153679,1174.360974,Oman,38.87322617,19403.46002,NA,4500424,2.615964629,NA,276.0246068,17147.11703,Oman,3.522332054,12
PAK,1990,Occupational asthmagens,Pakistan,642.6211742,25501.13466,Pakistan,48.05249212,344.4554738,60.31618053,116155576,3.405818417,NA,50808.66713,1403011.639,Pakistan,11.75354766,13
PAK,1990,Occupational carcinogens,Pakistan,47.89058114,1195.571458,Pakistan,48.05249212,344.4554738,60.31618053,116155576,3.405818417,NA,50808.66713,1403011.639,Pakistan,0.60161552,13
PAK,1990,"Occupational particulate matter, gases, and fumes",Pakistan,5263.945123,122020.5894,Pakistan,48.05249212,344.4554738,60.31618053,116155576,3.405818417,NA,50808.66713,1403011.639,Pakistan,6.670121482,13
PAK,1990,Occupational risks,Pakistan,5954.456878,148717.2955,Pakistan,48.05249212,344.4554738,60.31618053,116155576,3.405818417,NA,50808.66713,1403011.639,Pakistan,2.409427693,13
PAK,1991,Occupational asthmagens,Pakistan,661.7306423,26282.0613,Pakistan,48.07368967,380.0198433,59.40263005,120060406,3.409835198,NA,52763.21886,1446413.704,Pakistan,11.80903376,13
PAK,1991,Occupational carcinogens,Pakistan,49.54750403,1232.379737,Pakistan,48.07368967,380.0198433,59.40263005,120060406,3.409835198,NA,52763.21886,1446413.704,Pakistan,0.607069721,13
PAK,1991,"Occupational particulate matter, gases, and fumes",Pakistan,5451.272435,125788.6899,Pakistan,48.07368967,380.0198433,59.40263005,120060406,3.409835198,NA,52763.21886,1446413.704,Pakistan,6.676109987,13
PAK,1991,Occupational risks,Pakistan,6162.550581,153303.1309,Pakistan,48.07368967,380.0198433,59.40263005,120060406,3.409835198,NA,52763.21886,1446413.704,Pakistan,2.417644619,13
PAK,1992,Occupational asthmagens,Pakistan,687.0618748,27311.91594,Pakistan,48.14814215,395.6772086,58.62677218,123546848,3.419224813,NA,54978.12132,1497339.267,Pakistan,11.91314688,13
PAK,1992,Occupational carcinogens,Pakistan,51.25698618,1272.047549,Pakistan,48.14814215,395.6772086,58.62677218,123546848,3.419224813,NA,54978.12132,1497339.267,Pakistan,0.614244282,13
PAK,1992,"Occupational particulate matter, gases, and fumes",Pakistan,5659.418861,130101.9959,Pakistan,48.14814215,395.6772086,58.62677218,123546848,3.419224813,NA,54978.12132,1497339.267,Pakistan,6.681194866,13
PAK,1992,Occupational risks,Pakistan,6397.737722,158685.9594,Pakistan,48.14814215,395.6772086,58.62677218,123546848,3.419224813,NA,54978.12132,1497339.267,Pakistan,2.433077909,13
PAK,1993,Occupational asthmagens,Pakistan,725.4706385,28767.66562,Pakistan,48.21313893,407.8881407,58.003168960000004,127020117,3.428773426,NA,57766.28491,1560859.386,Pakistan,12.03978708,13
PAK,1993,Occupational carcinogens,Pakistan,53.70598638,1328.622871,Pakistan,48.21313893,407.8881407,58.003168960000004,127020117,3.428773426,NA,57766.28491,1560859.386,Pakistan,0.621607352,13
PAK,1993,"Occupational particulate matter, gases, and fumes",Pakistan,5936.741925,135889.0273,Pakistan,48.21313893,407.8881407,58.003168960000004,127020117,3.428773426,NA,57766.28491,1560859.386,Pakistan,6.684769867,13
PAK,1993,Occupational risks,Pakistan,6715.91855,165985.3158,Pakistan,48.21313893,407.8881407,58.003168960000004,127020117,3.428773426,NA,57766.28491,1560859.386,Pakistan,2.451550538,13
PAK,1994,Occupational asthmagens,Pakistan,775.781132,30631.17801,Pakistan,48.2463766,399.9559276,57.54638246,130748083,3.435410598,NA,60679.1925,1626582.954,Pakistan,12.28627094,13
PAK,1994,Occupational carcinogens,Pakistan,56.1703026,1385.5467,Pakistan,48.2463766,399.9559276,57.54638246,130748083,3.435410598,NA,60679.1925,1626582.954,Pakistan,0.633741882,13
PAK,1994,"Occupational particulate matter, gases, and fumes",Pakistan,6231.852374,142041.2454,Pakistan,48.2463766,399.9559276,57.54638246,130748083,3.435410598,NA,60679.1925,1626582.954,Pakistan,6.690949642,13
PAK,1994,Occupational risks,Pakistan,7063.803808,174057.9701,Pakistan,48.2463766,399.9559276,57.54638246,130748083,3.435410598,NA,60679.1925,1626582.954,Pakistan,2.48856041,13
PAK,1995,Occupational asthmagens,Pakistan,831.8596159,32698.34598,Pakistan,48.27904092,450.5502793,57.27097473,134582253,3.441363848,NA,63513.70568,1690594.8,Pakistan,12.56745848,13
PAK,1995,Occupational carcinogens,Pakistan,58.59093634,1442.191888,Pakistan,48.27904092,450.5502793,57.27097473,134582253,3.441363848,NA,63513.70568,1690594.8,Pakistan,0.64617394,13
PAK,1995,"Occupational particulate matter, gases, and fumes",Pakistan,6516.771627,147967.8429,Pakistan,48.27904092,450.5502793,57.27097473,134582253,3.441363848,NA,63513.70568,1690594.8,Pakistan,6.699609444,13
PAK,1995,Occupational risks,Pakistan,7407.222179,182108.3807,Pakistan,48.27904092,450.5502793,57.27097473,134582253,3.441363848,NA,63513.70568,1690594.8,Pakistan,2.53012277,13
PAK,1996,Occupational asthmagens,Pakistan,876.7671867,34405.48157,Pakistan,48.30045076,456.9969618,57.33902017,138557092,3.44648076,NA,65292.1873,1731655.503,Pakistan,12.88407574,13
PAK,1996,Occupational carcinogens,Pakistan,59.9861268,1475.708356,Pakistan,48.30045076,456.9969618,57.33902017,138557092,3.44648076,NA,65292.1873,1731655.503,Pakistan,0.659279267,13
PAK,1996,"Occupational particulate matter, gases, and fumes",Pakistan,6697.922952,151860.3305,Pakistan,48.30045076,456.9969618,57.33902017,138557092,3.44648076,NA,65292.1873,1731655.503,Pakistan,6.711162423,13
PAK,1996,Occupational risks,Pakistan,7634.676266,187741.5204,Pakistan,48.30045076,456.9969618,57.33902017,138557092,3.44648076,NA,65292.1873,1731655.503,Pakistan,2.576912703,13
PAK,1997,Occupational asthmagens,Pakistan,925.8314981,36272.13847,Pakistan,48.32181385,438.0309427,57.76664587,142531804,3.452630825,NA,66989.59004,1774006.116,Pakistan,13.29425978,13
PAK,1997,Occupational carcinogens,Pakistan,61.40324458,1510.12037,Pakistan,48.32181385,438.0309427,57.76664587,142531804,3.452630825,NA,66989.59004,1774006.116,Pakistan,0.675062062,13
PAK,1997,"Occupational particulate matter, gases, and fumes",Pakistan,6871.398553,155856.4428,Pakistan,48.32181385,438.0309427,57.76664587,142531804,3.452630825,NA,66989.59004,1774006.116,Pakistan,6.727699859,13
PAK,1997,Occupational risks,Pakistan,7858.633295,193638.7017,Pakistan,48.32181385,438.0309427,57.76664587,142531804,3.452630825,NA,66989.59004,1774006.116,Pakistan,2.637734242,13
PAK,1998,Occupational asthmagens,Pakistan,957.8310537,37617.54613,Pakistan,48.34528391,424.4536978,58.34949293,146522356,3.460605709,NA,67841.66076,1797862.156,Pakistan,13.73520631,13
PAK,1998,Occupational carcinogens,Pakistan,61.86898569,1522.632108,Pakistan,48.34528391,424.4536978,58.34949293,146522356,3.460605709,NA,67841.66076,1797862.156,Pakistan,0.690865295,13
PAK,1998,"Occupational particulate matter, gases, and fumes",Pakistan,6953.185054,157987.2042,Pakistan,48.34528391,424.4536978,58.34949293,146522356,3.460605709,NA,67841.66076,1797862.156,Pakistan,6.749235882,13
PAK,1998,Occupational risks,Pakistan,7972.885093,197127.3824,Pakistan,48.34528391,424.4536978,58.34949293,146522356,3.460605709,NA,67841.66076,1797862.156,Pakistan,2.702622377,13
PAK,1999,Occupational asthmagens,Pakistan,994.4742272,39130.86959,Pakistan,48.36625389,418.2492571,58.88320248,150565377,3.470182258,NA,68805.29124,1825061.155,Pakistan,14.27619617,13
PAK,1999,Occupational carcinogens,Pakistan,62.33469193,1535.587026,Pakistan,48.36625389,418.2492571,58.88320248,150565377,3.470182258,NA,68805.29124,1825061.155,Pakistan,0.711085611,13
PAK,1999,"Occupational particulate matter, gases, and fumes",Pakistan,7043.052195,160327.0186,Pakistan,48.36625389,418.2492571,58.88320248,150565377,3.470182258,NA,68805.29124,1825061.155,Pakistan,6.777585906,13
PAK,1999,Occupational risks,Pakistan,8099.861114,200993.4753,Pakistan,48.36625389,418.2492571,58.88320248,150565377,3.470182258,NA,68805.29124,1825061.155,Pakistan,2.783361874,13
PAK,2000,Occupational asthmagens,Pakistan,1027.109954,40617.61489,Pakistan,48.3701774,642.3383465,59.16341563,154879127,3.478344127,37.5,69703.33355,1851520.026,Pakistan,14.81382746,13
PAK,2000,Occupational carcinogens,Pakistan,62.86534317,1551.075609,Pakistan,48.3701774,642.3383465,59.16341563,154879127,3.478344127,37.5,69703.33355,1851520.026,Pakistan,0.730811687,13
PAK,2000,"Occupational particulate matter, gases, and fumes",Pakistan,7119.698527,162394.1477,Pakistan,48.3701774,642.3383465,59.16341563,154879127,3.478344127,37.5,69703.33355,1851520.026,Pakistan,6.813084791,13
PAK,2000,Occupational risks,Pakistan,8209.673824,204562.8382,Pakistan,48.3701774,642.3383465,59.16341563,154879127,3.478344127,37.5,69703.33355,1851520.026,Pakistan,2.863775365,13
PAK,2001,Occupational asthmagens,Pakistan,1063.543383,42182.77053,Pakistan,48.37514894,609.9395069,59.26193463,159270907,3.487848537,NA,70709.29837,1880214.962,Pakistan,15.33564255,13
PAK,2001,Occupational carcinogens,Pakistan,63.3197975,1566.072499,Pakistan,48.37514894,609.9395069,59.26193463,159270907,3.487848537,NA,70709.29837,1880214.962,Pakistan,0.749734006,13
PAK,2001,"Occupational particulate matter, gases, and fumes",Pakistan,7214.577774,164900.0629,Pakistan,48.37514894,609.9395069,59.26193463,159270907,3.487848537,NA,70709.29837,1880214.962,Pakistan,6.854317573,13
PAK,2001,Occupational risks,Pakistan,8341.440955,208648.9059,Pakistan,48.37514894,609.9395069,59.26193463,159270907,3.487848537,NA,70709.29837,1880214.962,Pakistan,2.942538107,13
PAK,2002,Occupational asthmagens,Pakistan,1089.206646,43376.52466,Pakistan,48.41987549,599.9373457,59.34946089,163222549,3.504691918,NA,71552.37763,1906807.165,Pakistan,15.74019313,13
PAK,2002,Occupational carcinogens,Pakistan,63.69553414,1581.48949,Pakistan,48.41987549,599.9373457,59.34946089,163222549,3.504691918,NA,71552.37763,1906807.165,Pakistan,0.765627508,13
PAK,2002,"Occupational particulate matter, gases, and fumes",Pakistan,7289.508027,167095.04810000001,Pakistan,48.41987549,599.9373457,59.34946089,163222549,3.504691918,NA,71552.37763,1906807.165,Pakistan,6.898725223,13
PAK,2002,Occupational risks,Pakistan,8442.410207,212053.0623,Pakistan,48.41987549,599.9373457,59.34946089,163222549,3.504691918,NA,71552.37763,1906807.165,Pakistan,3.004560855,13
PAK,2003,Occupational asthmagens,Pakistan,1121.988516,44826.79203,Pakistan,48.46429676,672.4417867,59.36998418,167110248,3.524728477,NA,72352.38528,1933942.826,Pakistan,16.18254916,13
PAK,2003,Occupational carcinogens,Pakistan,64.1468473,1599.426133,Pakistan,48.46429676,672.4417867,59.36998418,167110248,3.524728477,NA,72352.38528,1933942.826,Pakistan,0.785474956,13
PAK,2003,"Occupational particulate matter, gases, and fumes",Pakistan,7368.889138,169488.1819,Pakistan,48.46429676,672.4417867,59.36998418,167110248,3.524728477,NA,72352.38528,1933942.826,Pakistan,6.948460072,13
PAK,2003,Occupational risks,Pakistan,8555.024501,215914.4001,Pakistan,48.46429676,672.4417867,59.36998418,167110248,3.524728477,NA,72352.38528,1933942.826,Pakistan,3.074087581,13
PAK,2004,Occupational asthmagens,Pakistan,1145.758859,45977.11988,Pakistan,48.48501454,771.9022473,59.26749427,171286000,3.544636748,NA,72786.05964,1953771.605,Pakistan,16.55107759,13
PAK,2004,Occupational carcinogens,Pakistan,64.30328179,1611.516046,Pakistan,48.48501454,771.9022473,59.26749427,171286000,3.544636748,NA,72786.05964,1953771.605,Pakistan,0.805146367,13
PAK,2004,"Occupational particulate matter, gases, and fumes",Pakistan,7424.252176,171548.5623,Pakistan,48.48501454,771.9022473,59.26749427,171286000,3.544636748,NA,72786.05964,1953771.605,Pakistan,7.001386339,13
PAK,2004,Occupational risks,Pakistan,8634.314317,219137.1983,Pakistan,48.48501454,771.9022473,59.26749427,171286000,3.544636748,NA,72786.05964,1953771.605,Pakistan,3.134623209,13
PAK,2005,Occupational asthmagens,Pakistan,1155.421463,46640.38588,Pakistan,48.50654915,827.6198612,58.98598095,175453212,3.566454219,31.9,72892.66215,1966955.436,Pakistan,16.81216442,13
PAK,2005,Occupational carcinogens,Pakistan,64.43260865,1623.692201,Pakistan,48.50654915,827.6198612,58.98598095,175453212,3.566454219,31.9,72892.66215,1966955.436,Pakistan,0.822386579,13
PAK,2005,"Occupational particulate matter, gases, and fumes",Pakistan,7450.124368,173079.3839,Pakistan,48.50654915,827.6198612,58.98598095,175453212,3.566454219,31.9,72892.66215,1966955.436,Pakistan,7.055878919,13
PAK,2005,Occupational risks,Pakistan,8669.97844,221343.462,Pakistan,48.50654915,827.6198612,58.98598095,175453212,3.566454219,31.9,72892.66215,1966955.436,Pakistan,3.18007307,13
PAK,2006,Occupational asthmagens,Pakistan,1157.209006,47012.97221,Pakistan,48.53708975,900.873565,57.44540129,179682690,3.590346405,NA,72763.50854,1975102.095,Pakistan,17.01860284,13
PAK,2006,Occupational carcinogens,Pakistan,63.93000291,1620.922457,Pakistan,48.53708975,900.873565,57.44540129,179682690,3.590346405,NA,72763.50854,1975102.095,Pakistan,0.839761035,13
PAK,2006,"Occupational particulate matter, gases, and fumes",Pakistan,7446.141289,173995.0267,Pakistan,48.53708975,900.873565,57.44540129,179682690,3.590346405,NA,72763.50854,1975102.095,Pakistan,7.111895127,13
PAK,2006,Occupational risks,Pakistan,8667.280298,222628.9213,Pakistan,48.53708975,900.873565,57.44540129,179682690,3.590346405,NA,72763.50854,1975102.095,Pakistan,3.219047641,13
PAK,2007,Occupational asthmagens,Pakistan,1151.206329,47113.40767,Pakistan,48.5752629,998.0901142,54.33527038,184493231,3.612125758,NA,72619.84417,1982200.883,Pakistan,17.1253306,13
PAK,2007,Occupational carcinogens,Pakistan,63.59333261,1622.380673,Pakistan,48.5752629,998.0901142,54.33527038,184493231,3.612125758,NA,72619.84417,1982200.883,Pakistan,0.854637797,13
PAK,2007,"Occupational particulate matter, gases, and fumes",Pakistan,7440.819753,174971.5473,Pakistan,48.5752629,998.0901142,54.33527038,184493231,3.612125758,NA,72619.84417,1982200.883,Pakistan,7.168041123,13
PAK,2007,Occupational risks,Pakistan,8655.619415,223707.3357,Pakistan,48.5752629,998.0901142,54.33527038,184493231,3.612125758,NA,72619.84417,1982200.883,Pakistan,3.244165417,13
PAK,2008,Occupational asthmagens,Pakistan,1148.647455,47321.51553,Pakistan,48.61396792,1067.043246,50.75391506,189499113,3.634947357,NA,72963.07157,2004147.589,Pakistan,17.16769582,13
PAK,2008,Occupational carcinogens,Pakistan,63.69308858,1634.542941,Pakistan,48.61396792,1067.043246,50.75391506,189499113,3.634947357,NA,72963.07157,2004147.589,Pakistan,0.868391283,13
PAK,2008,"Occupational particulate matter, gases, and fumes",Pakistan,7490.968985,177110.5169,Pakistan,48.61396792,1067.043246,50.75391506,189499113,3.634947357,NA,72963.07157,2004147.589,Pakistan,7.223426185,13
PAK,2008,Occupational risks,Pakistan,8703.309528,226066.5754,Pakistan,48.61396792,1067.043246,50.75391506,189499113,3.634947357,NA,72963.07157,2004147.589,Pakistan,3.260569022,13
PAK,2009,Occupational asthmagens,Pakistan,1148.826351,47577.5713,Pakistan,48.65304523,963.7880664,47.79966219,194376534,3.661996823,NA,73324.45478,2024279.774,Pakistan,17.27353706,13
PAK,2009,Occupational carcinogens,Pakistan,63.83451361,1646.098313,Pakistan,48.65304523,963.7880664,47.79966219,194376534,3.661996823,NA,73324.45478,2024279.774,Pakistan,0.888098274,13
PAK,2009,"Occupational particulate matter, gases, and fumes",Pakistan,7543.838361,179313.1185,Pakistan,48.65304523,963.7880664,47.79966219,194376534,3.661996823,NA,73324.45478,2024279.774,Pakistan,7.280979053,13
PAK,2009,Occupational risks,Pakistan,8756.499226,228536.7881,Pakistan,48.65304523,963.7880664,47.79966219,194376534,3.661996823,NA,73324.45478,2024279.774,Pakistan,3.288947344,13
PAK,2010,Occupational asthmagens,Pakistan,1139.313289,47426.75029,Pakistan,48.68760991,987.3045711,46.5708386,199239047,3.691296265,27.4,73710.14337,2042959.849,Pakistan,17.25115327,13
PAK,2010,Occupational carcinogens,Pakistan,64.09136873,1660.452505,Pakistan,48.68760991,987.3045711,46.5708386,199239047,3.691296265,27.4,73710.14337,2042959.849,Pakistan,0.902551184,13
PAK,2010,"Occupational particulate matter, gases, and fumes",Pakistan,7614.283292,181864.2607,Pakistan,48.68760991,987.3045711,46.5708386,199239047,3.691296265,27.4,73710.14337,2042959.849,Pakistan,7.338999358,13
PAK,2010,Occupational risks,Pakistan,8817.687949,230951.4635,Pakistan,48.68760991,987.3045711,46.5708386,199239047,3.691296265,27.4,73710.14337,2042959.849,Pakistan,3.297979896,13
PAK,2011,Occupational asthmagens,Pakistan,1139.886359,47520.89652,Pakistan,48.72067394,1131.735138,55.75497917,203746065,3.724748509,NA,74192.04941,2064345.678,Pakistan,17.25414301,13
PAK,2011,Occupational carcinogens,Pakistan,64.26073259,1671.791617,Pakistan,48.72067394,1131.735138,55.75497917,203746065,3.724748509,NA,74192.04941,2064345.678,Pakistan,0.919620767,13
PAK,2011,"Occupational particulate matter, gases, and fumes",Pakistan,7687.204877,184567.3423,Pakistan,48.72067394,1131.735138,55.75497917,203746065,3.724748509,NA,74192.04941,2064345.678,Pakistan,7.39907738,13
PAK,2011,Occupational risks,Pakistan,8891.351968,233760.0305,Pakistan,48.72067394,1131.735138,55.75497917,203746065,3.724748509,NA,74192.04941,2064345.678,Pakistan,3.312060009,13
PAK,2012,Occupational asthmagens,Pakistan,1135.562947,47307.22114,Pakistan,48.75048903,1204.364755,66.87195407,207667125,3.760689382,NA,74569.06957,2084500.445,Pakistan,17.1193778,13
PAK,2012,Occupational carcinogens,Pakistan,64.42865203,1682.168131,Pakistan,48.75048903,1204.364755,66.87195407,207667125,3.760689382,NA,74569.06957,2084500.445,Pakistan,0.930947346,13
PAK,2012,"Occupational particulate matter, gases, and fumes",Pakistan,7754.081943,187224.1826,Pakistan,48.75048903,1204.364755,66.87195407,207667125,3.760689382,NA,74569.06957,2084500.445,Pakistan,7.456925401,13
PAK,2012,Occupational risks,Pakistan,8954.073542,236213.5718,Pakistan,48.75048903,1204.364755,66.87195407,207667125,3.760689382,NA,74569.06957,2084500.445,Pakistan,3.305506864,13
PAK,2013,Occupational asthmagens,Pakistan,1147.126699,47669.98567,Pakistan,48.77752506,1225.434012,68.58132487,211073978,3.789946329,NA,75335.14158,2115617.725,Pakistan,17.08563398,13
PAK,2013,Occupational carcinogens,Pakistan,64.93835839,1699.892508,Pakistan,48.77752506,1225.434012,68.58132487,211073978,3.789946329,NA,75335.14158,2115617.725,Pakistan,0.945450024,13
PAK,2013,"Occupational particulate matter, gases, and fumes",Pakistan,7853.11149,190578.3744,Pakistan,48.77752506,1225.434012,68.58132487,211073978,3.789946329,NA,75335.14158,2115617.725,Pakistan,7.516109246,13
PAK,2013,Occupational risks,Pakistan,9065.176547,239948.2526,Pakistan,48.77752506,1225.434012,68.58132487,211073978,3.789946329,NA,75335.14158,2115617.725,Pakistan,3.312815751,13
PAK,2014,Occupational asthmagens,Pakistan,1151.590301,47773.31655,Pakistan,48.80344213,1266.613408,71.7121701,214264647,3.805344294,NA,76058.41589,2143128.148,Pakistan,17.12149656,13
PAK,2014,Occupational carcinogens,Pakistan,65.45954891,1716.034594,Pakistan,48.80344213,1266.613408,71.7121701,214264647,3.805344294,NA,76058.41589,2143128.148,Pakistan,0.961159737,13
PAK,2014,"Occupational particulate matter, gases, and fumes",Pakistan,7959.855128,194122.0261,Pakistan,48.80344213,1266.613408,71.7121701,214264647,3.805344294,NA,76058.41589,2143128.148,Pakistan,7.577805117,13
PAK,2014,Occupational risks,Pakistan,9176.904978,243611.3772,Pakistan,48.80344213,1266.613408,71.7121701,214264647,3.805344294,NA,76058.41589,2143128.148,Pakistan,3.328600863,13
PAK,2015,Occupational asthmagens,Pakistan,1151.946239,47784.37466,Pakistan,48.82836939,1380.470208,68.00687676,217290883,3.820919407,23.6,77156.59815,2176580.79,Pakistan,17.11691805,13
PAK,2015,Occupational carcinogens,Pakistan,66.07886198,1733.273583,Pakistan,48.82836939,1380.470208,68.00687676,217290883,3.820919407,23.6,77156.59815,2176580.79,Pakistan,0.97264774,13
PAK,2015,"Occupational particulate matter, gases, and fumes",Pakistan,8105.517261,198344.9575,Pakistan,48.82836939,1380.470208,68.00687676,217290883,3.820919407,23.6,77156.59815,2176580.79,Pakistan,7.641993122,13
PAK,2015,Occupational risks,Pakistan,9323.542362,247862.6057,Pakistan,48.82836939,1380.470208,68.00687676,217290883,3.820919407,23.6,77156.59815,2176580.79,Pakistan,3.335995876,13
PAK,2016,Occupational asthmagens,Pakistan,1149.744066,47768.82887,Pakistan,48.85176139,1424.691612,68.52282972,220138869,3.850418628,NA,78221.11965,2211330.428,Pakistan,17.07616626,13
PAK,2016,Occupational carcinogens,Pakistan,67.02368499,1759.064981,Pakistan,48.85176139,1424.691612,68.52282972,220138869,3.850418628,NA,78221.11965,2211330.428,Pakistan,0.983389681,13
PAK,2016,"Occupational particulate matter, gases, and fumes",Pakistan,8240.145028,202402.8349,Pakistan,48.85176139,1424.691612,68.52282972,220138869,3.850418628,NA,78221.11965,2211330.428,Pakistan,7.706669192,13
PAK,2016,Occupational risks,Pakistan,9456.912779,251930.7288,Pakistan,48.85176139,1424.691612,68.52282972,220138869,3.850418628,NA,78221.11965,2211330.428,Pakistan,3.338622689,13
PAK,2017,Occupational asthmagens,Pakistan,1155.835623,47999.41013,Pakistan,48.87564523,1519.234595,61.79672747,223273967,3.888865369,NA,79625.99458,2251722.145,Pakistan,17.01216903,13
PAK,2017,Occupational carcinogens,Pakistan,68.29928015,1791.103566,Pakistan,48.87564523,1519.234595,61.79672747,223273967,3.888865369,NA,79625.99458,2251722.145,Pakistan,0.992305182,13
PAK,2017,"Occupational particulate matter, gases, and fumes",Pakistan,8417.348757,207412.2645,Pakistan,48.87564523,1519.234595,61.79672747,223273967,3.888865369,NA,79625.99458,2251722.145,Pakistan,7.770313724,13
PAK,2017,Occupational risks,Pakistan,9641.483659,257202.7782,Pakistan,48.87564523,1519.234595,61.79672747,223273967,3.888865369,NA,79625.99458,2251722.145,Pakistan,3.336620645,13
PAK,2018,Occupational asthmagens,Pakistan,1151.629309,47873.45367,Pakistan,48.9007907,1569.338146,62.38949764,226928892,3.93281543,20.8,80532.00266,2276611.393,Pakistan,16.97216205,13
PAK,2018,Occupational carcinogens,Pakistan,69.19445688,1813.592261,Pakistan,48.9007907,1569.338146,62.38949764,226928892,3.93281543,20.8,80532.00266,2276611.393,Pakistan,1.001393549,13
PAK,2018,"Occupational particulate matter, gases, and fumes",Pakistan,8536.874714,211033.6899,Pakistan,48.9007907,1569.338146,62.38949764,226928892,3.93281543,20.8,80532.00266,2276611.393,Pakistan,7.832753969,13
PAK,2018,Occupational risks,Pakistan,9757.69848,260720.7358,Pakistan,48.9007907,1569.338146,62.38949764,226928892,3.93281543,20.8,80532.00266,2276611.393,Pakistan,3.337621099,13
PAK,2019,Occupational asthmagens,Pakistan,1148.293552,47906.03755,Pakistan,48.92580444,1390.41691,52.8571977,230800899,3.984474956,20.8,81775.16302,2312394.824,Pakistan,16.97961467,13
PAK,2019,Occupational carcinogens,Pakistan,70.67963812,1851.672538,Pakistan,48.92580444,1390.41691,52.8571977,230800899,3.984474956,20.8,81775.16302,2312394.824,Pakistan,1.01394825,13
PAK,2019,"Occupational particulate matter, gases, and fumes",Pakistan,8723.266898,215991.9481,Pakistan,48.92580444,1390.41691,52.8571977,230800899,3.984474956,20.8,81775.16302,2312394.824,Pakistan,7.892105799,13
PAK,2019,Occupational risks,Pakistan,9942.240089,265749.6582,Pakistan,48.92580444,1390.41691,52.8571977,230800899,3.984474956,20.8,81775.16302,2312394.824,Pakistan,3.346158197,13
PAK,2020,Occupational asthmagens,Pakistan,1146.93156,48176.0569,Pakistan,48.95611542,1278.397352,42.99817342,235001746,4.022657772,20.2,82272.79328,2320727.715,Pakistan,16.98602583,13
PAK,2020,Occupational carcinogens,Pakistan,71.50166683,1883.528262,Pakistan,48.95611542,1278.397352,42.99817342,235001746,4.022657772,20.2,82272.79328,2320727.715,Pakistan,1.025638974,13
PAK,2020,"Occupational particulate matter, gases, and fumes",Pakistan,8815.503535,218042.441,Pakistan,48.95611542,1278.397352,42.99817342,235001746,4.022657772,20.2,82272.79328,2320727.715,Pakistan,7.944485251,13
PAK,2020,Occupational risks,Pakistan,10033.93676,268102.0261,Pakistan,48.95611542,1278.397352,42.99817342,235001746,4.022657772,20.2,82272.79328,2320727.715,Pakistan,3.353716333,13
PAK,2021,Occupational asthmagens,Pakistan,1154.718219,48822.15794,Pakistan,49.00598385,1455.319224,NA,239477801,4.05217393,NA,82249.17595,2341427.708,Pakistan,17.14999414,13
PAK,2021,Occupational carcinogens,Pakistan,71.6514231,1910.099261,Pakistan,49.00598385,1455.319224,NA,239477801,4.05217393,NA,82249.17595,2341427.708,Pakistan,1.037021081,13
PAK,2021,"Occupational particulate matter, gases, and fumes",Pakistan,8830.917541,220418.5698,Pakistan,49.00598385,1455.319224,NA,239477801,4.05217393,NA,82249.17595,2341427.708,Pakistan,7.989631404,13
PAK,2021,Occupational risks,Pakistan,10057.28718,271150.827,Pakistan,49.00598385,1455.319224,NA,239477801,4.05217393,NA,82249.17595,2341427.708,Pakistan,3.381046496,13
PSE,1990,Occupational asthmagens,Palestine,2.662634059,189.443447,West Bank and Gaza,49.49816906,NA,24.73623917,1978248,2.080603366,NA,331.2032176,13455.90855,Palestine,8.910424204,14
PSE,1990,Occupational carcinogens,Palestine,0.133301022,3.789116102,West Bank and Gaza,49.49816906,NA,24.73623917,1978248,2.080603366,NA,331.2032176,13455.90855,Palestine,0.680340291,14
PSE,1990,"Occupational particulate matter, gases, and fumes",Palestine,21.01245848,496.9187114,West Bank and Gaza,49.49816906,NA,24.73623917,1978248,2.080603366,NA,331.2032176,13455.90855,Palestine,4.177316188,14
PSE,1990,Occupational risks,Palestine,23.80839356,690.1512746,West Bank and Gaza,49.49816906,NA,24.73623917,1978248,2.080603366,NA,331.2032176,13455.90855,Palestine,1.820359429,14
PSE,1991,Occupational asthmagens,Palestine,2.700125955,192.9918345,West Bank and Gaza,49.48101217,NA,25.8237918,2068845,2.080505026,NA,332.3085914,13551.60381,Palestine,8.988599173,14
PSE,1991,Occupational carcinogens,Palestine,0.133739951,3.861476565,West Bank and Gaza,49.48101217,NA,25.8237918,2068845,2.080505026,NA,332.3085914,13551.60381,Palestine,0.693052804,14
PSE,1991,"Occupational particulate matter, gases, and fumes",Palestine,21.09544556,504.540335,West Bank and Gaza,49.48101217,NA,25.8237918,2068845,2.080505026,NA,332.3085914,13551.60381,Palestine,4.200435479,14
PSE,1991,Occupational risks,Palestine,23.92931147,701.3936461,West Bank and Gaza,49.48101217,NA,25.8237918,2068845,2.080505026,NA,332.3085914,13551.60381,Palestine,1.837782751,14
PSE,1992,Occupational asthmagens,Palestine,2.719774288,196.2516466,West Bank and Gaza,49.46399374,NA,26.72791934,2163591,2.080490215,NA,332.5963372,13625.93204,Palestine,9.057390262,14
PSE,1992,Occupational carcinogens,Palestine,0.134141555,3.929242573,West Bank and Gaza,49.46399374,NA,26.72791934,2163591,2.080490215,NA,332.5963372,13625.93204,Palestine,0.705909962,14
PSE,1992,"Occupational particulate matter, gases, and fumes",Palestine,21.12577232,510.6889246,West Bank and Gaza,49.46399374,NA,26.72791934,2163591,2.080490215,NA,332.5963372,13625.93204,Palestine,4.222853209,14
PSE,1992,Occupational risks,Palestine,23.97968817,710.8698137,West Bank and Gaza,49.46399374,NA,26.72791934,2163591,2.080490215,NA,332.5963372,13625.93204,Palestine,1.853893948,14
PSE,1993,Occupational asthmagens,Palestine,2.758694306,200.4623687,West Bank and Gaza,49.44900469,NA,27.41517842,2262676,2.084211316,NA,334.2452115,13750.2859,Palestine,9.134811778,14
PSE,1993,Occupational carcinogens,Palestine,0.134887424,3.999374929,West Bank and Gaza,49.44900469,NA,27.41517842,2262676,2.084211316,NA,334.2452115,13750.2859,Palestine,0.717698929,14
PSE,1993,"Occupational particulate matter, gases, and fumes",Palestine,21.25355596,518.7991016,West Bank and Gaza,49.44900469,NA,27.41517842,2262676,2.084211316,NA,334.2452115,13750.2859,Palestine,4.24765497,14
PSE,1993,Occupational risks,Palestine,24.14713769,723.2608452,West Bank and Gaza,49.44900469,NA,27.41517842,2262676,2.084211316,NA,334.2452115,13750.2859,Palestine,1.870444916,14
PSE,1994,Occupational asthmagens,Palestine,2.792683106,204.7964326,West Bank and Gaza,49.43402135,1201.581542,27.85212566,2366298,2.094886087,NA,336.2282044,13895.51445,Palestine,9.198767628,14
PSE,1994,Occupational carcinogens,Palestine,0.135659357,4.072006812,West Bank and Gaza,49.43402135,1201.581542,27.85212566,2366298,2.094886087,NA,336.2282044,13895.51445,Palestine,0.728830855,14
PSE,1994,"Occupational particulate matter, gases, and fumes",Palestine,21.40060355,526.9226601,West Bank and Gaza,49.43402135,1201.581542,27.85212566,2366298,2.094886087,NA,336.2282044,13895.51445,Palestine,4.270253924,14
PSE,1994,Occupational risks,Palestine,24.32894602,735.7910996,West Bank and Gaza,49.43402135,1201.581542,27.85212566,2366298,2.094886087,NA,336.2282044,13895.51445,Palestine,1.884675188,14
PSE,1995,Occupational asthmagens,Palestine,2.835464828,209.5454447,West Bank and Gaza,49.41908934,1326.562857,28.00531768,2474666,2.11101549,NA,339.6150847,14120.56117,Palestine,9.237890565,14
PSE,1995,Occupational carcinogens,Palestine,0.149505089,4.488678451,West Bank and Gaza,49.41908934,1326.562857,28.00531768,2474666,2.11101549,NA,339.6150847,14120.56117,Palestine,0.737520199,14
PSE,1995,"Occupational particulate matter, gases, and fumes",Palestine,21.68684757,538.2105673,West Bank and Gaza,49.41908934,1326.562857,28.00531768,2474666,2.11101549,NA,339.6150847,14120.56117,Palestine,4.289574052,14
PSE,1995,Occupational risks,Palestine,24.67181749,752.2446905,West Bank and Gaza,49.41908934,1326.562857,28.00531768,2474666,2.11101549,NA,339.6150847,14120.56117,Palestine,1.894227402,14
PSE,1996,Occupational asthmagens,Palestine,2.889279163,214.8568267,West Bank and Gaza,49.40505792,1317.466751,27.81066086,2587997,2.132082482,NA,344.9638119,14419.35512,Palestine,9.235359468,14
PSE,1996,Occupational carcinogens,Palestine,0.150619252,4.571171158,West Bank and Gaza,49.40505792,1317.466751,27.81066086,2587997,2.132082482,NA,344.9638119,14419.35512,Palestine,0.74171709,14
PSE,1996,"Occupational particulate matter, gases, and fumes",Palestine,22.04630714,550.2904424,West Bank and Gaza,49.40505792,1317.466751,27.81066086,2587997,2.132082482,NA,344.9638119,14419.35512,Palestine,4.302011538,14
PSE,1996,Occupational risks,Palestine,25.08620556,769.7184403,West Bank and Gaza,49.40505792,1317.466751,27.81066086,2587997,2.132082482,NA,344.9638119,14419.35512,Palestine,1.89565896,14
PSE,1997,Occupational asthmagens,Palestine,2.946343993,220.7169607,West Bank and Gaza,49.39057399,1389.164971,27.34624407,2706518,2.158554653,NA,351.0530144,14758.98854,Palestine,9.253569417,14
PSE,1997,Occupational carcinogens,Palestine,0.152891884,4.675840921,West Bank and Gaza,49.39057399,1389.164971,27.34624407,2706518,2.158554653,NA,351.0530144,14758.98854,Palestine,0.746806149,14
PSE,1997,"Occupational particulate matter, gases, and fumes",Palestine,22.45215309,562.6751319,West Bank and Gaza,49.39057399,1389.164971,27.34624407,2706518,2.158554653,NA,351.0530144,14758.98854,Palestine,4.3078242940000004,14
PSE,1997,Occupational risks,Palestine,25.55138896,788.0679335,West Bank and Gaza,49.39057399,1389.164971,27.34624407,2706518,2.158554653,NA,351.0530144,14758.98854,Palestine,1.899373271,14
PSE,1998,Occupational asthmagens,Palestine,2.992621014,226.8049319,West Bank and Gaza,49.40041608,1465.046057,26.79189774,2776568,2.194176763,NA,357.3548093,15086.18921,Palestine,9.271063365,14
PSE,1998,Occupational carcinogens,Palestine,0.155784055,4.797212309,West Bank and Gaza,49.40041608,1465.046057,26.79189774,2776568,2.194176763,NA,357.3548093,15086.18921,Palestine,0.750437048,14
PSE,1998,"Occupational particulate matter, gases, and fumes",Palestine,22.90761755,576.2482284,West Bank and Gaza,49.40041608,1465.046057,26.79189774,2776568,2.194176763,NA,357.3548093,15086.18921,Palestine,4.310051168,14
PSE,1998,Occupational risks,Palestine,26.05602262,807.8503726,West Bank and Gaza,49.40041608,1465.046057,26.79189774,2776568,2.194176763,NA,357.3548093,15086.18921,Palestine,1.901635162,14
PSE,1999,Occupational asthmagens,Palestine,3.039444005,232.840289,West Bank and Gaza,49.43401264,1499.492177,26.32745226,2848431,2.238100785,NA,363.9145368,15431.97156,Palestine,9.277397123,14
PSE,1999,Occupational carcinogens,Palestine,0.160397158,4.960918674,West Bank and Gaza,49.43401264,1499.492177,26.32745226,2848431,2.238100785,NA,363.9145368,15431.97156,Palestine,0.751994517,14
PSE,1999,"Occupational particulate matter, gases, and fumes",Palestine,23.37609666,590.0865699,West Bank and Gaza,49.43401264,1499.492177,26.32745226,2848431,2.238100785,NA,363.9145368,15431.97156,Palestine,4.303671718,14
PSE,1999,Occupational risks,Palestine,26.57593782,827.8877775,West Bank and Gaza,49.43401264,1499.492177,26.32745226,2848431,2.238100785,NA,363.9145368,15431.97156,Palestine,1.900587563,14
PSE,2000,Occupational asthmagens,Palestine,3.108852089,239.4921909,West Bank and Gaza,49.46741409,1476.17185,26.13273805,2922153,2.284160521,NA,372.5868443,15844.37578,Palestine,9.260571553,14
PSE,2000,Occupational carcinogens,Palestine,0.181768779,5.572262921,West Bank and Gaza,49.46741409,1476.17185,26.13273805,2922153,2.284160521,NA,372.5868443,15844.37578,Palestine,0.750318974,14
PSE,2000,"Occupational particulate matter, gases, and fumes",Palestine,24.08263121,609.5909406,West Bank and Gaza,49.46741409,1476.17185,26.13273805,2922153,2.284160521,NA,372.5868443,15844.37578,Palestine,4.286979988,14
PSE,2000,Occupational risks,Palestine,27.37325208,854.6553944,West Bank and Gaza,49.46741409,1476.17185,26.13273805,2922153,2.284160521,NA,372.5868443,15844.37578,Palestine,1.894330713,14
PSE,2001,Occupational asthmagens,Palestine,3.204206091,246.1047136,West Bank and Gaza,49.52925189,1335.553195,26.23653036,2997784,2.337548982,NA,382.4532959,16291.75174,Palestine,9.177368653,14
PSE,2001,Occupational carcinogens,Palestine,0.186977768,5.755514537,West Bank and Gaza,49.52925189,1335.553195,26.23653036,2997784,2.337548982,NA,382.4532959,16291.75174,Palestine,0.742972381,14
PSE,2001,"Occupational particulate matter, gases, and fumes",Palestine,24.89988073,630.7650942,West Bank and Gaza,49.52925189,1335.553195,26.23653036,2997784,2.337548982,NA,382.4532959,16291.75174,Palestine,4.257933234,14
PSE,2001,Occupational risks,Palestine,28.29106459,882.6253223,West Bank and Gaza,49.52925189,1335.553195,26.23653036,2997784,2.337548982,NA,382.4532959,16291.75174,Palestine,1.876069703,14
PSE,2002,Occupational asthmagens,Palestine,3.324994241,253.8730488,West Bank and Gaza,49.62659119,1156.217473,26.51357159,3075373,2.404206764,NA,395.5842153,16803.59928,Palestine,9.166116187,14
PSE,2002,Occupational carcinogens,Palestine,0.188550503,5.832515689,West Bank and Gaza,49.62659119,1156.217473,26.51357159,3075373,2.404206764,NA,395.5842153,16803.59928,Palestine,0.740264661,14
PSE,2002,"Occupational particulate matter, gases, and fumes",Palestine,25.98294111,657.6310779,West Bank and Gaza,49.62659119,1156.217473,26.51357159,3075373,2.404206764,NA,395.5842153,16803.59928,Palestine,4.219005984,14
PSE,2002,Occupational risks,Palestine,29.49648586,917.3366424,West Bank and Gaza,49.62659119,1156.217473,26.51357159,3075373,2.404206764,NA,395.5842153,16803.59928,Palestine,1.868490212,14
PSE,2003,Occupational asthmagens,Palestine,3.411884077,262.5916844,West Bank and Gaza,49.73280429,1257.69857,26.91264285,3154969,2.476375932,NA,403.9060496,17216.24991,Palestine,9.270104201,14
PSE,2003,Occupational carcinogens,Palestine,0.191427535,5.93539672,West Bank and Gaza,49.73280429,1257.69857,26.91264285,3154969,2.476375932,NA,403.9060496,17216.24991,Palestine,0.745547931,14
PSE,2003,"Occupational particulate matter, gases, and fumes",Palestine,26.59272939,675.283893,West Bank and Gaza,49.73280429,1257.69857,26.91264285,3154969,2.476375932,NA,403.9060496,17216.24991,Palestine,4.177461007,14
PSE,2003,Occupational risks,Palestine,30.196041,943.8109741,West Bank and Gaza,49.73280429,1257.69857,26.91264285,3154969,2.476375932,NA,403.9060496,17216.24991,Palestine,1.878874074,14
PSE,2004,Occupational asthmagens,Palestine,3.468934001,270.2425404,West Bank and Gaza,49.83441131,1422.190886,27.38252527,3236626,2.545179347,NA,415.7668457,17657.60442,Palestine,9.329587428,14
PSE,2004,Occupational carcinogens,Palestine,0.199848826,6.149316457,West Bank and Gaza,49.83441131,1422.190886,27.38252527,3236626,2.545179347,NA,415.7668457,17657.60442,Palestine,0.747188367,14
PSE,2004,"Occupational particulate matter, gases, and fumes",Palestine,27.36043065,692.7811736,West Bank and Gaza,49.83441131,1422.190886,27.38252527,3236626,2.545179347,NA,415.7668457,17657.60442,Palestine,4.131403394,14
PSE,2004,Occupational risks,Palestine,31.02921347,969.1730304,West Bank and Gaza,49.83441131,1422.190886,27.38252527,3236626,2.545179347,NA,415.7668457,17657.60442,Palestine,1.880777,14
PSE,2005,Occupational asthmagens,Palestine,3.525795041,279.2747571,West Bank and Gaza,49.91663858,1543.7014140000001,27.87199994,3320396,2.609798925,NA,424.0539878,18112.3225,Palestine,9.462377232,14
PSE,2005,Occupational carcinogens,Palestine,0.213946021,6.538714506,West Bank and Gaza,49.91663858,1543.7014140000001,27.87199994,3320396,2.609798925,NA,424.0539878,18112.3225,Palestine,0.755534628,14
PSE,2005,"Occupational particulate matter, gases, and fumes",Palestine,27.89153639,706.2189817,West Bank and Gaza,49.91663858,1543.7014140000001,27.87199994,3320396,2.609798925,NA,424.0539878,18112.3225,Palestine,4.085126674,14
PSE,2005,Occupational risks,Palestine,31.63127745,992.0324532,West Bank and Gaza,49.91663858,1543.7014140000001,27.87199994,3320396,2.609798925,NA,424.0539878,18112.3225,Palestine,1.894898785,14
PSE,2006,Occupational asthmagens,Palestine,3.589813651,289.3543565,West Bank and Gaza,49.97947928,1570.1044,28.60148406,3406334,2.670176588,NA,431.3513855,18554.7945,Palestine,9.590892759,14
PSE,2006,Occupational carcinogens,Palestine,0.222384228,6.771713519,West Bank and Gaza,49.97947928,1570.1044,28.60148406,3406334,2.670176588,NA,431.3513855,18554.7945,Palestine,0.76372519,14
PSE,2006,"Occupational particulate matter, gases, and fumes",Palestine,28.32628661,719.5590716,West Bank and Gaza,49.97947928,1570.1044,28.60148406,3406334,2.670176588,NA,431.3513855,18554.7945,Palestine,4.041826368,14
PSE,2006,Occupational risks,Palestine,32.13848449,1015.685142,West Bank and Gaza,49.97947928,1570.1044,28.60148406,3406334,2.670176588,NA,431.3513855,18554.7945,Palestine,1.908785417,14
PSE,2007,Occupational asthmagens,Palestine,3.559476824,296.7084766,West Bank and Gaza,50.03001319,1664.245717,29.64370509,3494496,2.726463431,NA,434.443902,18949.21775,Palestine,9.703395153,14
PSE,2007,Occupational carcinogens,Palestine,0.232215773,7.050297488,West Bank and Gaza,50.03001319,1664.245717,29.64370509,3494496,2.726463431,NA,434.443902,18949.21775,Palestine,0.771532278,14
PSE,2007,"Occupational particulate matter, gases, and fumes",Palestine,28.26751603,720.021011,West Bank and Gaza,50.03001319,1664.245717,29.64370509,3494496,2.726463431,NA,434.443902,18949.21775,Palestine,4.002915229,14
PSE,2007,Occupational risks,Palestine,32.05920863,1023.779785,West Bank and Gaza,50.03001319,1664.245717,29.64370509,3494496,2.726463431,NA,434.443902,18949.21775,Palestine,1.920816302,14
PSE,2008,Occupational asthmagens,Palestine,3.469783477,301.0524589,West Bank and Gaza,50.07571088,2035.202341,30.72590964,3591977,2.782159134,NA,436.1198113,19377.53345,Palestine,9.776561624,14
PSE,2008,Occupational carcinogens,Palestine,0.241775612,7.368614816,West Bank and Gaza,50.07571088,2035.202341,30.72590964,3591977,2.782159134,NA,436.1198113,19377.53345,Palestine,0.778410134,14
PSE,2008,"Occupational particulate matter, gases, and fumes",Palestine,28.33334891,726.0538303,West Bank and Gaza,50.07571088,2035.202341,30.72590964,3591977,2.782159134,NA,436.1198113,19377.53345,Palestine,3.97214772,14
PSE,2008,Occupational risks,Palestine,32.044908,1034.474904,West Bank and Gaza,50.07571088,2035.202341,30.72590964,3591977,2.782159134,NA,436.1198113,19377.53345,Palestine,1.928310028,14
PSE,2009,Occupational asthmagens,Palestine,3.359168069,302.7172496,West Bank and Gaza,50.12387647,2191.781787,31.57534431,3689099,2.838791547,NA,438.503612,19742.44799,Palestine,9.802232713,14
PSE,2009,Occupational carcinogens,Palestine,0.252374337,7.698571411,West Bank and Gaza,50.12387647,2191.781787,31.57534431,3689099,2.838791547,NA,438.503612,19742.44799,Palestine,0.781926417,14
PSE,2009,"Occupational particulate matter, gases, and fumes",Palestine,28.64060303,737.8226593,West Bank and Gaza,50.12387647,2191.781787,31.57534431,3689099,2.838791547,NA,438.503612,19742.44799,Palestine,3.948038409,14
PSE,2009,Occupational risks,Palestine,32.25214544,1048.23848,West Bank and Gaza,50.12387647,2191.781787,31.57534431,3689099,2.838791547,NA,438.503612,19742.44799,Palestine,1.928723594,14
PSE,2010,Occupational asthmagens,Palestine,3.265706933,305.4940452,West Bank and Gaza,50.16996874,2557.075624,31.91925569,3786161,2.895891138,NA,439.5812124,19958.67116,Palestine,9.870728162,14
PSE,2010,Occupational carcinogens,Palestine,0.273862911,8.254893705,West Bank and Gaza,50.16996874,2557.075624,31.91925569,3786161,2.895891138,NA,439.5812124,19958.67116,Palestine,0.78918227,14
PSE,2010,"Occupational particulate matter, gases, and fumes",Palestine,28.67907618,748.7726423,West Bank and Gaza,50.16996874,2557.075624,31.91925569,3786161,2.895891138,NA,439.5812124,19958.67116,Palestine,3.9308301,14
PSE,2010,Occupational risks,Palestine,32.21864603,1062.521581,West Bank and Gaza,50.16996874,2557.075624,31.91925569,3786161,2.895891138,NA,439.5812124,19958.67116,Palestine,1.936920121,14
PSE,2011,Occupational asthmagens,Palestine,3.190554683,308.9938682,West Bank and Gaza,50.21228614,2880.798437,28.60663062,3882986,2.955059121,NA,438.8722913,20176.94681,Palestine,9.925626542,14
PSE,2011,Occupational carcinogens,Palestine,0.28626073,8.675760697,West Bank and Gaza,50.21228614,2880.798437,28.60663062,3882986,2.955059121,NA,438.8722913,20176.94681,Palestine,0.79606659,14
PSE,2011,"Occupational particulate matter, gases, and fumes",Palestine,28.50485915,755.7891781,West Bank and Gaza,50.21228614,2880.798437,28.60663062,3882986,2.955059121,NA,438.8722913,20176.94681,Palestine,3.922014603,14
PSE,2011,Occupational risks,Palestine,31.98167457,1073.458807,West Bank and Gaza,50.21228614,2880.798437,28.60663062,3882986,2.955059121,NA,438.8722913,20176.94681,Palestine,1.943861359,14
PSE,2012,Occupational asthmagens,Palestine,3.079036971,311.3191963,West Bank and Gaza,50.25433455,3067.438727,27.23796103,3979998,3.017759298,NA,427.9334275,20248.05703,Palestine,9.964451646,14
PSE,2012,Occupational carcinogens,Palestine,0.297192083,9.136602058,West Bank and Gaza,50.25433455,3067.438727,27.23796103,3979998,3.017759298,NA,427.9334275,20248.05703,Palestine,0.801075576,14
PSE,2012,"Occupational particulate matter, gases, and fumes",Palestine,27.21336561,742.4853897,West Bank and Gaza,50.25433455,3067.438727,27.23796103,3979998,3.017759298,NA,427.9334275,20248.05703,Palestine,3.921999087,14
PSE,2012,Occupational risks,Palestine,30.58959467,1062.941188,West Bank and Gaza,50.25433455,3067.438727,27.23796103,3979998,3.017759298,NA,427.9334275,20248.05703,Palestine,1.948167393,14
PSE,2013,Occupational asthmagens,Palestine,2.88601393,309.4180328,West Bank and Gaza,50.29489526,3315.297539,31.16257638,4076708,3.078215093,NA,417.3650692,20276.63587,Palestine,9.987364153,14
PSE,2013,Occupational carcinogens,Palestine,0.30094078,9.371189077,West Bank and Gaza,50.29489526,3315.297539,31.16257638,4076708,3.078215093,NA,417.3650692,20276.63587,Palestine,0.803899585,14
PSE,2013,"Occupational particulate matter, gases, and fumes",Palestine,25.81878631,726.6188449,West Bank and Gaza,50.29489526,3315.297539,31.16257638,4076708,3.078215093,NA,417.3650692,20276.63587,Palestine,3.930509135,14
PSE,2013,Occupational risks,Palestine,29.00574102,1045.408067,West Bank and Gaza,50.29489526,3315.297539,31.16257638,4076708,3.078215093,NA,417.3650692,20276.63587,Palestine,1.950172665,14
PSE,2014,Occupational asthmagens,Palestine,2.794826515,309.5885894,West Bank and Gaza,50.33968299,3352.112595,29.28868433,4173398,3.144785475,NA,420.1740235,20478.09455,Palestine,9.977039687,14
PSE,2014,Occupational carcinogens,Palestine,0.286567948,9.046470492,West Bank and Gaza,50.33968299,3352.112595,29.28868433,4173398,3.144785475,NA,420.1740235,20478.09455,Palestine,0.804015362,14
PSE,2014,"Occupational particulate matter, gases, and fumes",Palestine,25.65367287,733.7439744,West Bank and Gaza,50.33968299,3352.112595,29.28868433,4173398,3.144785475,NA,420.1740235,20478.09455,Palestine,3.944709077,14
PSE,2014,Occupational risks,Palestine,28.73506733,1052.379034,West Bank and Gaza,50.33968299,3352.112595,29.28868433,4173398,3.144785475,NA,420.1740235,20478.09455,Palestine,1.9476791,14
PSE,2015,Occupational asthmagens,Palestine,2.680739146,305.3511574,West Bank and Gaza,50.37696019,3272.154324,30.46155104,4270092,3.215026213,NA,430.1952306,20635.28384,Palestine,9.951584843,14
PSE,2015,Occupational carcinogens,Palestine,0.286111952,8.839107407,West Bank and Gaza,50.37696019,3272.154324,30.46155104,4270092,3.215026213,NA,430.1952306,20635.28384,Palestine,0.803698054,14
PSE,2015,"Occupational particulate matter, gases, and fumes",Palestine,26.83712178,760.4007674,West Bank and Gaza,50.37696019,3272.154324,30.46155104,4270092,3.215026213,NA,430.1952306,20635.28384,Palestine,3.96214589,14
PSE,2015,Occupational risks,Palestine,29.80397288,1074.591032,West Bank and Gaza,50.37696019,3272.154324,30.46155104,4270092,3.215026213,NA,430.1952306,20635.28384,Palestine,1.944216158,14
PSE,2016,Occupational asthmagens,Palestine,2.535332921,302.072079,West Bank and Gaza,50.40033553,3527.613824,26.5563698,4367088,3.284050753,NA,424.3517748,20569.21968,Palestine,9.938294774,14
PSE,2016,Occupational carcinogens,Palestine,0.268708405,8.339686342,West Bank and Gaza,50.40033553,3527.613824,26.5563698,4367088,3.284050753,NA,424.3517748,20569.21968,Palestine,0.803398228,14
PSE,2016,"Occupational particulate matter, gases, and fumes",Palestine,26.44390925,761.3132128,West Bank and Gaza,50.40033553,3527.613824,26.5563698,4367088,3.284050753,NA,424.3517748,20569.21968,Palestine,3.980498805,14
PSE,2016,Occupational risks,Palestine,29.24795057,1071.724978,West Bank and Gaza,50.40033553,3527.613824,26.5563698,4367088,3.284050753,NA,424.3517748,20569.21968,Palestine,1.941812274,14
PSE,2017,Occupational asthmagens,Palestine,2.417336462,300.5951173,West Bank and Gaza,50.39585742,3620.360487,26.67508244,4454805,3.355695571,NA,418.0648258,20507.19669,Palestine,9.919385429,14
PSE,2017,Occupational carcinogens,Palestine,0.251917158,7.922280863,West Bank and Gaza,50.39585742,3620.360487,26.67508244,4454805,3.355695571,NA,418.0648258,20507.19669,Palestine,0.802805418,14
PSE,2017,"Occupational particulate matter, gases, and fumes",Palestine,26.02884407,760.3788895,West Bank and Gaza,50.39585742,3620.360487,26.67508244,4454805,3.355695571,NA,418.0648258,20507.19669,Palestine,3.998386859,14
PSE,2017,Occupational risks,Palestine,28.69809769,1068.896288,West Bank and Gaza,50.39585742,3620.360487,26.67508244,4454805,3.355695571,NA,418.0648258,20507.19669,Palestine,1.938972489,14
PSE,2018,Occupational asthmagens,Palestine,2.413049559,304.320981,West Bank and Gaza,50.36686244,3562.330943,29.13402124,4569087,3.427643118,NA,422.2913792,20789.81179,Palestine,9.900681354,14
PSE,2018,Occupational carcinogens,Palestine,0.246795111,7.83230686,West Bank and Gaza,50.36686244,3562.330943,29.13402124,4569087,3.427643118,NA,422.2913792,20789.81179,Palestine,0.803476108,14
PSE,2018,"Occupational particulate matter, gases, and fumes",Palestine,26.45778501,778.8700857,West Bank and Gaza,50.36686244,3562.330943,29.13402124,4569087,3.427643118,NA,422.2913792,20789.81179,Palestine,4.014588999,14
PSE,2018,Occupational risks,Palestine,29.11762968,1091.023374,West Bank and Gaza,50.36686244,3562.330943,29.13402124,4569087,3.427643118,NA,422.2913792,20789.81179,Palestine,1.937395279,14
PSE,2019,Occupational asthmagens,Palestine,2.470445846,310.9077558,West Bank and Gaza,50.34043545,3656.858271,29.68224937,4685306,3.505085353,NA,438.0729992,21354.67414,Palestine,9.888131435,14
PSE,2019,Occupational carcinogens,Palestine,0.262690806,8.238891904,West Bank and Gaza,50.34043545,3656.858271,29.68224937,4685306,3.505085353,NA,438.0729992,21354.67414,Palestine,0.805430482,14
PSE,2019,"Occupational particulate matter, gases, and fumes",Palestine,27.638997,814.3138516,West Bank and Gaza,50.34043545,3656.858271,29.68224937,4685306,3.505085353,NA,438.0729992,21354.67414,Palestine,4.029102767,14
PSE,2019,Occupational risks,Palestine,30.37213365,1133.460499,West Bank and Gaza,50.34043545,3656.858271,29.68224937,4685306,3.505085353,NA,438.0729992,21354.67414,Palestine,1.937485663,14
PSE,2020,Occupational asthmagens,Palestine,2.453890717,319.2495425,West Bank and Gaza,50.31800748,3233.568638,26.36362644,4803269,3.575394718,NA,445.2750783,21734.53277,Palestine,9.883012254,14
PSE,2020,Occupational carcinogens,Palestine,0.274342798,8.536372612,West Bank and Gaza,50.31800748,3233.568638,26.36362644,4803269,3.575394718,NA,445.2750783,21734.53277,Palestine,0.808331202,14
PSE,2020,"Occupational particulate matter, gases, and fumes",Palestine,28.23965449,839.6414723,West Bank and Gaza,50.31800748,3233.568638,26.36362644,4803269,3.575394718,NA,445.2750783,21734.53277,Palestine,4.039826796,14
PSE,2020,Occupational risks,Palestine,30.96788801,1167.427387,West Bank and Gaza,50.31800748,3233.568638,26.36362644,4803269,3.575394718,NA,445.2750783,21734.53277,Palestine,1.938908017,14
PSE,2021,Occupational asthmagens,Palestine,2.548378139,330.645202,West Bank and Gaza,50.29962384,3678.635657,NA,4922749,3.630266547,NA,466.9573738,22346.13806,Palestine,9.899511992,14
PSE,2021,Occupational carcinogens,Palestine,0.297104886,9.115437812,West Bank and Gaza,50.29962384,3678.635657,NA,4922749,3.630266547,NA,466.9573738,22346.13806,Palestine,0.811566527,14
PSE,2021,"Occupational particulate matter, gases, and fumes",Palestine,29.76077601,877.1756108,West Bank and Gaza,50.29962384,3678.635657,NA,4922749,3.630266547,NA,466.9573738,22346.13806,Palestine,4.04660789,14
PSE,2021,Occupational risks,Palestine,32.60625904,1216.936251,West Bank and Gaza,50.29962384,3678.635657,NA,4922749,3.630266547,NA,466.9573738,22346.13806,Palestine,1.943025217,14
QAT,1990,Occupational asthmagens,Qatar,0.810236492,82.77096762,Qatar,31.19820254,16721.62077,89.41145072,440175,1.084794588,NA,26.02186343,1692.895098,Qatar,23.201986,15
QAT,1990,Occupational carcinogens,Qatar,0.038737121,2.529421379,Qatar,31.19820254,16721.62077,89.41145072,440175,1.084794588,NA,26.02186343,1692.895098,Qatar,1.87027313,15
QAT,1990,"Occupational particulate matter, gases, and fumes",Qatar,2.389157145,86.85798155,Qatar,31.19820254,16721.62077,89.41145072,440175,1.084794588,NA,26.02186343,1692.895098,Qatar,10.19455803,15
QAT,1990,Occupational risks,Qatar,3.238130758,172.1583706,Qatar,31.19820254,16721.62077,89.41145072,440175,1.084794588,NA,26.02186343,1692.895098,Qatar,4.518086336,15
QAT,1991,Occupational asthmagens,Qatar,0.846998852,85.58243125,Qatar,31.4036214,15133.49694,87.66437552,454853,1.119154011,NA,26.9596408,1760.455337,Qatar,23.15283278,15
QAT,1991,Occupational carcinogens,Qatar,0.041149948,2.672863913,Qatar,31.4036214,15133.49694,87.66437552,454853,1.119154011,NA,26.9596408,1760.455337,Qatar,1.865214688,15
QAT,1991,"Occupational particulate matter, gases, and fumes",Qatar,2.544807114,92.36291621,Qatar,31.4036214,15133.49694,87.66437552,454853,1.119154011,NA,26.9596408,1760.455337,Qatar,10.19976125,15
QAT,1991,Occupational risks,Qatar,3.432955913,180.6182114,Qatar,31.4036214,15133.49694,87.66437552,454853,1.119154011,NA,26.9596408,1760.455337,Qatar,4.506712656,15
QAT,1992,Occupational asthmagens,Qatar,0.879609372,88.32412971,Qatar,31.59447939,16280.29388,86.26520471,469657,1.151691554,NA,27.8758799,1820.782422,Qatar,23.12543891,15
QAT,1992,Occupational carcinogens,Qatar,0.044288774,2.80233571,Qatar,31.59447939,16280.29388,86.26520471,469657,1.151691554,NA,27.8758799,1820.782422,Qatar,1.866755854,15
QAT,1992,"Occupational particulate matter, gases, and fumes",Qatar,2.637361702,96.83140133,Qatar,31.59447939,16280.29388,86.26520471,469657,1.151691554,NA,27.8758799,1820.782422,Qatar,10.19329429,15
QAT,1992,Occupational risks,Qatar,3.561259848,187.9578668,Qatar,31.59447939,16280.29388,86.26520471,469657,1.151691554,NA,27.8758799,1820.782422,Qatar,4.501835164,15
QAT,1993,Occupational asthmagens,Qatar,0.895489571,90.2825351,Qatar,31.77172764,14769.71933,85.23709073,484545,1.177910388,NA,29.00443572,1875.393703,Qatar,23.01819907,15
QAT,1993,Occupational carcinogens,Qatar,0.04670933,2.84855932,Qatar,31.77172764,14769.71933,85.23709073,484545,1.177910388,NA,29.00443572,1875.393703,Qatar,1.85547369,15
QAT,1993,"Occupational particulate matter, gases, and fumes",Qatar,2.713692741,100.8281384,Qatar,31.77172764,14769.71933,85.23709073,484545,1.177910388,NA,29.00443572,1875.393703,Qatar,10.18103448,15
QAT,1993,Occupational risks,Qatar,3.655891642,193.9592328,Qatar,31.77172764,14769.71933,85.23709073,484545,1.177910388,NA,29.00443572,1875.393703,Qatar,4.479406523,15
QAT,1994,Occupational asthmagens,Qatar,0.898999809,93.68753488,Qatar,31.93669163,14764.87714,84.60318599,499459,1.197794816,NA,27.12539032,1900.153374,Qatar,22.9713655,15
QAT,1994,Occupational carcinogens,Qatar,0.049163016,3.037968903,Qatar,31.93669163,14764.87714,84.60318599,499459,1.197794816,NA,27.12539032,1900.153374,Qatar,1.855132936,15
QAT,1994,"Occupational particulate matter, gases, and fumes",Qatar,2.398552,98.32899066,Qatar,31.93669163,14764.87714,84.60318599,499459,1.197794816,NA,27.12539032,1900.153374,Qatar,10.16752908,15
QAT,1994,Occupational risks,Qatar,3.346714825,195.0544944,Qatar,31.93669163,14764.87714,84.60318599,499459,1.197794816,NA,27.12539032,1900.153374,Qatar,4.471487316,15
QAT,1995,Occupational asthmagens,Qatar,0.919698699,97.84928512,Qatar,32.09131951,15822.50907,84.38664294,514325,1.212365722,NA,25.48706019,1936.526074,Qatar,22.94827234,15
QAT,1995,Occupational carcinogens,Qatar,0.05772203,3.504722771,Qatar,32.09131951,15822.50907,84.38664294,514325,1.212365722,NA,25.48706019,1936.526074,Qatar,1.865280897,15
QAT,1995,"Occupational particulate matter, gases, and fumes",Qatar,2.145378246,97.02306246,Qatar,32.09131951,15822.50907,84.38664294,514325,1.212365722,NA,25.48706019,1936.526074,Qatar,10.1498546,15
QAT,1995,Occupational risks,Qatar,3.122798975,198.3770703,Qatar,32.09131951,15822.50907,84.38664294,514325,1.212365722,NA,25.48706019,1936.526074,Qatar,4.47360316,15
QAT,1996,Occupational asthmagens,Qatar,1.018608659,101.3445633,Qatar,32.23513711,17124.79209,84.63312031,529019,1.222074464,NA,29.38433637,2032.481721,Qatar,22.8839253,15
QAT,1996,Occupational carcinogens,Qatar,0.051074316,3.151664275,Qatar,32.23513711,17124.79209,84.63312031,529019,1.222074464,NA,29.38433637,2032.481721,Qatar,1.859074485,15
QAT,1996,"Occupational particulate matter, gases, and fumes",Qatar,2.723647548,109.3595713,Qatar,32.23513711,17124.79209,84.63312031,529019,1.222074464,NA,29.38433637,2032.481721,Qatar,10.14012239,15
QAT,1996,Occupational risks,Qatar,3.793330523,213.8557988,Qatar,32.23513711,17124.79209,84.63312031,529019,1.222074464,NA,29.38433637,2032.481721,Qatar,4.460079666,15
QAT,1997,Occupational asthmagens,Qatar,1.124859624,104.9134339,Qatar,32.2164719,20522.8013,85.28859576,550500,1.230425767,NA,34.46822816,2142.537814,Qatar,22.86136575,15
QAT,1997,Occupational carcinogens,Qatar,0.044589467,2.771906689,Qatar,32.2164719,20522.8013,85.28859576,550500,1.230425767,NA,34.46822816,2142.537814,Qatar,1.860901754,15
QAT,1997,"Occupational particulate matter, gases, and fumes",Qatar,3.440970561,124.3738508,Qatar,32.2164719,20522.8013,85.28859576,550500,1.230425767,NA,34.46822816,2142.537814,Qatar,10.13852252,15
QAT,1997,Occupational risks,Qatar,4.610419653,232.0591914,Qatar,32.2164719,20522.8013,85.28859576,550500,1.230425767,NA,34.46822816,2142.537814,Qatar,4.457997332,15
QAT,1998,Occupational asthmagens,Qatar,1.171758496,108.0988315,Qatar,32.03494671,17665.44084,86.22670011,580540,1.240741379,NA,35.63674072,2199.368655,Qatar,22.81432027,15
QAT,1998,Occupational carcinogens,Qatar,0.037563272,2.495899035,Qatar,32.03494671,17665.44084,86.22670011,580540,1.240741379,NA,35.63674072,2199.368655,Qatar,1.851425793,15
QAT,1998,"Occupational particulate matter, gases, and fumes",Qatar,3.614974022,130.7234421,Qatar,32.03494671,17665.44084,86.22670011,580540,1.240741379,NA,35.63674072,2199.368655,Qatar,10.15358977,15
QAT,1998,Occupational risks,Qatar,4.82429579,241.3181726,Qatar,32.03494671,17665.44084,86.22670011,580540,1.240741379,NA,35.63674072,2199.368655,Qatar,4.447889944,15
QAT,1999,Occupational asthmagens,Qatar,1.220971217,112.1188821,Qatar,31.8555102,20233.68468,87.32106418,612500,1.247345921,NA,36.64228098,2258.291589,Qatar,22.86366702,15
QAT,1999,Occupational carcinogens,Qatar,0.031226678,2.276646109,Qatar,31.8555102,20233.68468,87.32106418,612500,1.247345921,NA,36.64228098,2258.291589,Qatar,1.852099732,15
QAT,1999,"Occupational particulate matter, gases, and fumes",Qatar,3.772496322,136.8185881,Qatar,31.8555102,20233.68468,87.32106418,612500,1.247345921,NA,36.64228098,2258.291589,Qatar,10.17283051,15
QAT,1999,Occupational risks,Qatar,5.024694217,251.2141163,Qatar,31.8555102,20233.68468,87.32106418,612500,1.247345921,NA,36.64228098,2258.291589,Qatar,4.455106355,15
QAT,2000,Occupational asthmagens,Qatar,1.268033704,116.5324469,Qatar,31.69976542,27535.18294,88.44531877,644989,1.243819662,13.5,37.27724823,2317.611736,Qatar,22.89193414,15
QAT,2000,Occupational carcinogens,Qatar,0.029440261,2.231691122,Qatar,31.69976542,27535.18294,88.44531877,644989,1.243819662,13.5,37.27724823,2317.611736,Qatar,1.85479505,15
QAT,2000,"Occupational particulate matter, gases, and fumes",Qatar,3.857400365,141.7273017,Qatar,31.69976542,27535.18294,88.44531877,644989,1.243819662,13.5,37.27724823,2317.611736,Qatar,10.17930618,15
QAT,2000,Occupational risks,Qatar,5.15487433,260.4914398,Qatar,31.69976542,27535.18294,88.44531877,644989,1.243819662,13.5,37.27724823,2317.611736,Qatar,4.460933969,15
QAT,2001,Occupational asthmagens,Qatar,1.328646136,121.4141781,Qatar,31.56145591,25870.79919,90.07384245,677925,1.229634547,NA,39.0720117,2408.922447,Qatar,22.85151127,15
QAT,2001,Occupational carcinogens,Qatar,0.02813452,2.179702854,Qatar,31.56145591,25870.79919,90.07384245,677925,1.229634547,NA,39.0720117,2408.922447,Qatar,1.847730937,15
QAT,2001,"Occupational particulate matter, gases, and fumes",Qatar,3.977120378,147.7381318,Qatar,31.56145591,25870.79919,90.07384245,677925,1.229634547,NA,39.0720117,2408.922447,Qatar,10.19383846,15
QAT,2001,Occupational risks,Qatar,5.333901034,271.3320127,Qatar,31.56145591,25870.79919,90.07384245,677925,1.229634547,NA,39.0720117,2408.922447,Qatar,4.454441787,15
QAT,2002,Occupational asthmagens,Qatar,1.332821215,123.6425407,Qatar,31.4355214,27226.65935,92.37070321,711205,1.206403217,NA,41.36702069,2518.88329,Qatar,22.74248897,15
QAT,2002,Occupational carcinogens,Qatar,0.027511306,2.154218559,Qatar,31.4355214,27226.65935,92.37070321,711205,1.206403217,NA,41.36702069,2518.88329,Qatar,1.84858042,15
QAT,2002,"Occupational particulate matter, gases, and fumes",Qatar,4.249510851,158.8303839,Qatar,31.4355214,27226.65935,92.37070321,711205,1.206403217,NA,41.36702069,2518.88329,Qatar,10.22086444,15
QAT,2002,Occupational risks,Qatar,5.609843372,284.6271432,Qatar,31.4355214,27226.65935,92.37070321,711205,1.206403217,NA,41.36702069,2518.88329,Qatar,4.450488177,15
QAT,2003,Occupational asthmagens,Qatar,1.358832,127.7473836,Qatar,31.31618597,31602.47087,94.7440661,744682,1.176408185,NA,43.30792853,2642.5466500000002,Qatar,22.70556355,15
QAT,2003,Occupational carcinogens,Qatar,0.027809951,2.1739615,Qatar,31.31618597,31602.47087,94.7440661,744682,1.176408185,NA,43.30792853,2642.5466500000002,Qatar,1.861809231,15
QAT,2003,"Occupational particulate matter, gases, and fumes",Qatar,4.43234439,170.0417262,Qatar,31.31618597,31602.47087,94.7440661,744682,1.176408185,NA,43.30792853,2642.5466500000002,Qatar,10.26752455,15
QAT,2003,Occupational risks,Qatar,5.818986341,299.9630712,Qatar,31.31618597,31602.47087,94.7440661,744682,1.176408185,NA,43.30792853,2642.5466500000002,Qatar,4.464708673,15
QAT,2004,Occupational asthmagens,Qatar,1.398842281,134.9943494,Qatar,31.91018617,41035.50084,96.60209614,773332,1.155906418,NA,45.29926844,2802.678061,Qatar,22.73117193,15
QAT,2004,Occupational carcinogens,Qatar,0.028480377,2.273224342,Qatar,31.91018617,41035.50084,96.60209614,773332,1.155906418,NA,45.29926844,2802.678061,Qatar,1.875948856,15
QAT,2004,"Occupational particulate matter, gases, and fumes",Qatar,4.633667452,182.5387438,Qatar,31.91018617,41035.50084,96.60209614,773332,1.155906418,NA,45.29926844,2802.678061,Qatar,10.32549919,15
QAT,2004,Occupational risks,Qatar,6.06099011,319.8063176,Qatar,31.91018617,41035.50084,96.60209614,773332,1.155906418,NA,45.29926844,2802.678061,Qatar,4.485590662,15
QAT,2005,Occupational asthmagens,Qatar,1.42751186,147.0141891,Qatar,31.67270005,53949.67641,97.35295837,825408,1.158579247,13,46.87735906,3010.045642,Qatar,22.88136893,15
QAT,2005,Occupational carcinogens,Qatar,0.030702548,2.497994282,Qatar,31.67270005,53949.67641,97.35295837,825408,1.158579247,13,46.87735906,3010.045642,Qatar,1.899516835,15
QAT,2005,"Occupational particulate matter, gases, and fumes",Qatar,4.80738108,196.387217,Qatar,31.67270005,53949.67641,97.35295837,825408,1.158579247,13,46.87735906,3010.045642,Qatar,10.39074512,15
QAT,2005,Occupational risks,Qatar,6.265595488,345.8994004,Qatar,31.67270005,53949.67641,97.35295837,825408,1.158579247,13,46.87735906,3010.045642,Qatar,4.5251173,15
QAT,2006,Occupational asthmagens,Qatar,1.445477819,163.8720239,Qatar,28.5009421,62582.44531,95.80580048,972831,1.139612122,NA,48.23409366,3260.128101,Qatar,23.07363123,15
QAT,2006,Occupational carcinogens,Qatar,0.031966644,2.753403477,Qatar,28.5009421,62582.44531,95.80580048,972831,1.139612122,NA,48.23409366,3260.128101,Qatar,1.925679566,15
QAT,2006,"Occupational particulate matter, gases, and fumes",Qatar,4.896314514,210.0600524,Qatar,28.5009421,62582.44531,95.80580048,972831,1.139612122,NA,48.23409366,3260.128101,Qatar,10.49107559,15
QAT,2006,Occupational risks,Qatar,6.373758977,376.6854798,Qatar,28.5009421,62582.44531,95.80580048,972831,1.139612122,NA,48.23409366,3260.128101,Qatar,4.574241072,15
QAT,2007,Occupational asthmagens,Qatar,1.478518582,185.0735584,Qatar,25.18089186,65954.34195,92.11642397,1208595,1.076084213,NA,50.31660225,3570.57063,Qatar,23.23501307,15
QAT,2007,Occupational carcinogens,Qatar,0.034190646,3.090998845,Qatar,25.18089186,65954.34195,92.11642397,1208595,1.076084213,NA,50.31660225,3570.57063,Qatar,1.950758853,15
QAT,2007,"Occupational particulate matter, gases, and fumes",Qatar,5.081501157,227.6751562,Qatar,25.18089186,65954.34195,92.11642397,1208595,1.076084213,NA,50.31660225,3570.57063,Qatar,10.62503586,15
QAT,2007,Occupational risks,Qatar,6.594210386,415.8397135,Qatar,25.18089186,65954.34195,92.11642397,1208595,1.076084213,NA,50.31660225,3570.57063,Qatar,4.62360515,15
QAT,2008,Occupational asthmagens,Qatar,1.534221236,211.584573,Qatar,23.81799349,80781.40392,87.71297459,1426938,0.992754768,NA,52.7993026,3942.640041,Qatar,23.42761404,15
QAT,2008,Occupational carcinogens,Qatar,0.037100418,3.492035198,Qatar,23.81799349,80781.40392,87.71297459,1426938,0.992754768,NA,52.7993026,3942.640041,Qatar,1.982749221,15
QAT,2008,"Occupational particulate matter, gases, and fumes",Qatar,5.351533418,250.2007784,Qatar,23.81799349,80781.40392,87.71297459,1426938,0.992754768,NA,52.7993026,3942.640041,Qatar,10.78652119,15
QAT,2008,Occupational risks,Qatar,6.922855072,465.2773865,Qatar,23.81799349,80781.40392,87.71297459,1426938,0.992754768,NA,52.7993026,3942.640041,Qatar,4.684190815,15
QAT,2009,Occupational asthmagens,Qatar,1.569639506,239.3618588,Qatar,23.94010277,60785.73516,84.02359809,1608903,0.895526905,NA,55.80210805,4363.982204,Qatar,23.43904199,15
QAT,2009,Occupational carcinogens,Qatar,0.041083144,3.970582416,Qatar,23.94010277,60785.73516,84.02359809,1608903,0.895526905,NA,55.80210805,4363.982204,Qatar,1.993952893,15
QAT,2009,"Occupational particulate matter, gases, and fumes",Qatar,5.698586321,276.1370975,Qatar,23.94010277,60785.73516,84.02359809,1608903,0.895526905,NA,55.80210805,4363.982204,Qatar,10.9539965,15
QAT,2009,Occupational risks,Qatar,7.30930897,519.4695388,Qatar,23.94010277,60785.73516,84.02359809,1608903,0.895526905,NA,55.80210805,4363.982204,Qatar,4.712220888,15
QAT,2010,Occupational asthmagens,Qatar,1.591341346,267.9630097,Qatar,24.54059696,77387.32679,82.4764402,1616832,0.862464637,12.6,57.78701402,4778.161241,Qatar,23.52459071,15
QAT,2010,Occupational carcinogens,Qatar,0.045911565,4.465900726,Qatar,24.54059696,77387.32679,82.4764402,1616832,0.862464637,12.6,57.78701402,4778.161241,Qatar,2.027555568,15
QAT,2010,"Occupational particulate matter, gases, and fumes",Qatar,5.878766466,299.2197707,Qatar,24.54059696,77387.32679,82.4764402,1616832,0.862464637,12.6,57.78701402,4778.161241,Qatar,11.10746608,15
QAT,2010,Occupational risks,Qatar,7.516019376,571.6486811,Qatar,24.54059696,77387.32679,82.4764402,1616832,0.862464637,12.6,57.78701402,4778.161241,Qatar,4.762800714,15
QAT,2011,Occupational asthmagens,Qatar,1.583191781,292.5790898,Qatar,25.13846324,103261.5065,87.96241078,1624761,0.928877109,NA,59.73166239,5174.582808,Qatar,23.5065945,15
QAT,2011,Occupational carcinogens,Qatar,0.049562602,4.819266036,Qatar,25.13846324,103261.5065,87.96241078,1624761,0.928877109,NA,59.73166239,5174.582808,Qatar,2.05149449,15
QAT,2011,"Occupational particulate matter, gases, and fumes",Qatar,6.128418971,322.8666702,Qatar,25.13846324,103261.5065,87.96241078,1624761,0.928877109,NA,59.73166239,5174.582808,Qatar,11.22944436,15
QAT,2011,Occupational risks,Qatar,7.761173354,620.2650261,Qatar,25.13846324,103261.5065,87.96241078,1624761,0.928877109,NA,59.73166239,5174.582808,Qatar,4.79353902,15
QAT,2012,Occupational asthmagens,Qatar,1.556619705,313.8958634,Qatar,25.71861087,108470.3788,95.6228667,1722438,1.03001022,NA,62.21452181,5560.278477,Qatar,23.37901101,15
QAT,2012,Occupational carcinogens,Qatar,0.053482975,5.083214258,Qatar,25.71861087,108470.3788,95.6228667,1722438,1.03001022,NA,62.21452181,5560.278477,Qatar,2.053344719,15
QAT,2012,"Occupational particulate matter, gases, and fumes",Qatar,6.487385444,347.8202552,Qatar,25.71861087,108470.3788,95.6228667,1722438,1.03001022,NA,62.21452181,5560.278477,Qatar,11.31365725,15
QAT,2012,Occupational risks,Qatar,8.097488123,666.7993329,Qatar,25.71861087,108470.3788,95.6228667,1722438,1.03001022,NA,62.21452181,5560.278477,Qatar,4.793690087,15
QAT,2013,Occupational asthmagens,Qatar,1.521993674,331.7056396,Qatar,25.90978928,103697.0084,88.6466198,1916426,1.084721798,NA,64.92604038,5925.304564,Qatar,23.2175201,15
QAT,2013,Occupational carcinogens,Qatar,0.058880147,5.336265433,Qatar,25.90978928,103697.0084,88.6466198,1916426,1.084721798,NA,64.92604038,5925.304564,Qatar,2.047391248,15
QAT,2013,"Occupational particulate matter, gases, and fumes",Qatar,6.837413082,372.1281692,Qatar,25.90978928,103697.0084,88.6466198,1916426,1.084721798,NA,64.92604038,5925.304564,Qatar,11.36313664,15
QAT,2013,Occupational risks,Qatar,8.418286903,709.1700742,Qatar,25.90978928,103697.0084,88.6466198,1916426,1.084721798,NA,64.92604038,5925.304564,Qatar,4.781649313,15
QAT,2014,Occupational asthmagens,Qatar,1.473158169,344.7856836,Qatar,25.37138705,95840.63101,75.17648245,2151745,1.061792161,NA,67.3134855,6237.145792,Qatar,22.96688982,15
QAT,2014,Occupational carcinogens,Qatar,0.059071392,5.354194711,Qatar,25.37138705,95840.63101,75.17648245,2151745,1.061792161,NA,67.3134855,6237.145792,Qatar,2.026471735,15
QAT,2014,"Occupational particulate matter, gases, and fumes",Qatar,7.102589855,391.7683369,Qatar,25.37138705,95840.63101,75.17648245,2151745,1.061792161,NA,67.3134855,6237.145792,Qatar,11.38214226,15
QAT,2014,Occupational risks,Qatar,8.634819416,741.9082152,Qatar,25.37138705,95840.63101,75.17648245,2151745,1.061792161,NA,67.3134855,6237.145792,Qatar,4.746170095,15
QAT,2015,Occupational asthmagens,Qatar,1.422454756,354.2298517,Qatar,24.72391475,68985.2947,97.700028,2344557,1.050845775,12.2,66.8458959,6469.294607,Qatar,22.69819813,15
QAT,2015,Occupational carcinogens,Qatar,0.062148424,5.536581461,Qatar,24.72391475,68985.2947,97.700028,2344557,1.050845775,12.2,66.8458959,6469.294607,Qatar,2.006933197,15
QAT,2015,"Occupational particulate matter, gases, and fumes",Qatar,6.981614813,402.9810324,Qatar,24.72391475,68985.2947,97.700028,2344557,1.050845775,12.2,66.8458959,6469.294607,Qatar,11.39172654,15
QAT,2015,Occupational risks,Qatar,8.466217993,762.7474656,Qatar,24.72391475,68985.2947,97.700028,2344557,1.050845775,12.2,66.8458959,6469.294607,Qatar,4.708468179,15
QAT,2016,Occupational asthmagens,Qatar,1.417401455,363.2498269,Qatar,24.61952348,61253.63755,83.68549212,2477113,1.086223903,NA,68.742828,6704.757155,Qatar,22.52052581,15
QAT,2016,Occupational carcinogens,Qatar,0.066189857,5.801956545,Qatar,24.61952348,61253.63755,83.68549212,2477113,1.086223903,NA,68.742828,6704.757155,Qatar,2.013549018,15
QAT,2016,"Occupational particulate matter, gases, and fumes",Qatar,7.154159845,415.5358137,Qatar,24.61952348,61253.63755,83.68549212,2477113,1.086223903,NA,68.742828,6704.757155,Qatar,11.41998018,15
QAT,2016,Occupational risks,Qatar,8.637751158,784.5875971,Qatar,24.61952348,61253.63755,83.68549212,2477113,1.086223903,NA,68.742828,6704.757155,Qatar,4.698950175,15
QAT,2017,Occupational asthmagens,Qatar,1.407777834,369.6511612,Qatar,25.04033496,63279.85569,83.26899062,2545820,1.122525339,NA,70.16149212,6914.873342,Qatar,22.37232069,15
QAT,2017,Occupational carcinogens,Qatar,0.070380009,6.095317964,Qatar,25.04033496,63279.85569,83.26899062,2545820,1.122525339,NA,70.16149212,6914.873342,Qatar,2.033449792,15
QAT,2017,"Occupational particulate matter, gases, and fumes",Qatar,7.215616122,423.8711274,Qatar,25.04033496,63279.85569,83.26899062,2545820,1.122525339,NA,70.16149212,6914.873342,Qatar,11.45709076,15
QAT,2017,Occupational risks,Qatar,8.693773964,799.6176066,Qatar,25.04033496,63279.85569,83.26899062,2545820,1.122525339,NA,70.16149212,6914.873342,Qatar,4.702858786,15
QAT,2018,Occupational asthmagens,Qatar,1.402966938,376.0935077,Qatar,25.69324577,71039.84906,93.30695718,2580734,1.144272913,12,71.56934289,7118.849672,Qatar,22.27598115,15
QAT,2018,Occupational carcinogens,Qatar,0.074508553,6.393403624,Qatar,25.69324577,71039.84906,93.30695718,2580734,1.144272913,12,71.56934289,7118.849672,Qatar,2.048593689,15
QAT,2018,"Occupational particulate matter, gases, and fumes",Qatar,7.292366248,432.6820615,Qatar,25.69324577,71039.84906,93.30695718,2580734,1.144272913,12,71.56934289,7118.849672,Qatar,11.49462648,15
QAT,2018,Occupational risks,Qatar,8.769841739,815.1689728,Qatar,25.69324577,71039.84906,93.30695718,2580734,1.144272913,12,71.56934289,7118.849672,Qatar,4.707129234,15
QAT,2019,Occupational asthmagens,Qatar,1.375903154,382.2135831,Qatar,26.7108066,66841.30135,81.00883378,2638657,1.172120299,12,72.02559553,7303.243922,Qatar,22.16438893,15
QAT,2019,Occupational carcinogens,Qatar,0.078383393,6.657924678,Qatar,26.7108066,66841.30135,81.00883378,2638657,1.172120299,12,72.02559553,7303.243922,Qatar,2.044410444,15
QAT,2019,"Occupational particulate matter, gases, and fumes",Qatar,7.2104834,437.4795638,Qatar,26.7108066,66841.30135,81.00883378,2638657,1.172120299,12,72.02559553,7303.243922,Qatar,11.52429768,15
QAT,2019,Occupational risks,Qatar,8.664769947,826.3510716,Qatar,26.7108066,66841.30135,81.00883378,2638657,1.172120299,12,72.02559553,7303.243922,Qatar,4.694263218,15
QAT,2020,Occupational asthmagens,Qatar,1.235766448,384.422078,Qatar,27.89044352,51683.50544,75.66303295,2794148,1.247692513,11.8,73.8022784,7410.791207,Qatar,22.06766617,15
QAT,2020,Occupational carcinogens,Qatar,0.072039237,6.410063999,Qatar,27.89044352,51683.50544,75.66303295,2794148,1.247692513,11.8,73.8022784,7410.791207,Qatar,2.034002173,15
QAT,2020,"Occupational particulate matter, gases, and fumes",Qatar,7.517394286,442.4658213,Qatar,27.89044352,51683.50544,75.66303295,2794148,1.247692513,11.8,73.8022784,7410.791207,Qatar,11.54995522,15
QAT,2020,Occupational risks,Qatar,8.825199971,833.2979633,Qatar,27.89044352,51683.50544,75.66303295,2794148,1.247692513,11.8,73.8022784,7410.791207,Qatar,4.677670094,15
QAT,2021,Occupational asthmagens,Qatar,1.302547127,397.2921259,Qatar,28.1776935,71751.88312,NA,2504910,1.303862689,NA,76.38322924,7653.088952,Qatar,21.96853828,15
QAT,2021,Occupational carcinogens,Qatar,0.082603636,7.11871707,Qatar,28.1776935,71751.88312,NA,2504910,1.303862689,NA,76.38322924,7653.088952,Qatar,2.022154919,15
QAT,2021,"Occupational particulate matter, gases, and fumes",Qatar,7.798784676,456.3467643,Qatar,28.1776935,71751.88312,NA,2504910,1.303862689,NA,76.38322924,7653.088952,Qatar,11.57578608,15
QAT,2021,Occupational risks,Qatar,9.183935439,860.7576073,Qatar,28.1776935,71751.88312,NA,2504910,1.303862689,NA,76.38322924,7653.088952,Qatar,4.659827053,15
SAU,1990,Occupational asthmagens,Saudi Arabia,46.78586556,2430.898107,Saudi Arabia,46.09237314,11054.7495,46.80237202,10640691,1.965375273,NA,2730.606955,103280.7218,Saudi Arabia,13.74054295,16
SAU,1990,Occupational carcinogens,Saudi Arabia,0.173734757,24.38684242,Saudi Arabia,46.09237314,11054.7495,46.80237202,10640691,1.965375273,NA,2730.606955,103280.7218,Saudi Arabia,1.08877842,16
SAU,1990,"Occupational particulate matter, gases, and fumes",Saudi Arabia,147.3771105,3687.980133,Saudi Arabia,46.09237314,11054.7495,46.80237202,10640691,1.965375273,NA,2730.606955,103280.7218,Saudi Arabia,4.603054255,16
SAU,1990,Occupational risks,Saudi Arabia,194.3367108,6143.265082,Saudi Arabia,46.09237314,11054.7495,46.80237202,10640691,1.965375273,NA,2730.606955,103280.7218,Saudi Arabia,2.560980532,16
SAU,1991,Occupational asthmagens,Saudi Arabia,48.3383917,2527.205685,Saudi Arabia,46.04664349,11847.16995,46.71825429,11160744,1.974129144,NA,2788.494764,105246.9626,Saudi Arabia,13.92679527,16
SAU,1991,Occupational carcinogens,Saudi Arabia,0.181397237,25.92139398,Saudi Arabia,46.04664349,11847.16995,46.71825429,11160744,1.974129144,NA,2788.494764,105246.9626,Saudi Arabia,1.104524665,16
SAU,1991,"Occupational particulate matter, gases, and fumes",Saudi Arabia,152.094752,3816.424804,Saudi Arabia,46.04664349,11847.16995,46.71825429,11160744,1.974129144,NA,2788.494764,105246.9626,Saudi Arabia,4.589367141,16
SAU,1991,Occupational risks,Saudi Arabia,200.614541,6369.551882,Saudi Arabia,46.04664349,11847.16995,46.71825429,11160744,1.974129144,NA,2788.494764,105246.9626,Saudi Arabia,2.585685731,16
SAU,1992,Occupational asthmagens,Saudi Arabia,49.10816476,2595.932752,Saudi Arabia,46.0069616,11730.26877,46.67179218,11686676,1.987459822,NA,2836.319311,106882.6304,Saudi Arabia,14.02908054,16
SAU,1992,Occupational carcinogens,Saudi Arabia,0.188607347,27.3502328,Saudi Arabia,46.0069616,11730.26877,46.67179218,11686676,1.987459822,NA,2836.319311,106882.6304,Saudi Arabia,1.111613321,16
SAU,1992,"Occupational particulate matter, gases, and fumes",Saudi Arabia,156.202798,3932.704049,Saudi Arabia,46.0069616,11730.26877,46.67179218,11686676,1.987459822,NA,2836.319311,106882.6304,Saudi Arabia,4.577446541,16
SAU,1992,Occupational risks,Saudi Arabia,205.4995702,6555.987034,Saudi Arabia,46.0069616,11730.26877,46.67179218,11686676,1.987459822,NA,2836.319311,106882.6304,Saudi Arabia,2.59562236,16
SAU,1993,Occupational asthmagens,Saudi Arabia,50.25009192,2670.775992,Saudi Arabia,45.97501183,10884.86079,46.6544194,12215862,2.005535917,NA,2882.092365,108359.182,Saudi Arabia,14.17132476,16
SAU,1993,Occupational carcinogens,Saudi Arabia,0.195421617,28.64929674,Saudi Arabia,45.97501183,10884.86079,46.6544194,12215862,2.005535917,NA,2882.092365,108359.182,Saudi Arabia,1.123982452,16
SAU,1993,"Occupational particulate matter, gases, and fumes",Saudi Arabia,160.2202108,4048.102384,Saudi Arabia,45.97501183,10884.86079,46.6544194,12215862,2.005535917,NA,2882.092365,108359.182,Saudi Arabia,4.56786486,16
SAU,1993,Occupational risks,Saudi Arabia,210.6657243,6747.527673,Saudi Arabia,45.97501183,10884.86079,46.6544194,12215862,2.005535917,NA,2882.092365,108359.182,Saudi Arabia,2.614348167,16
SAU,1994,Occupational asthmagens,Saudi Arabia,51.47118299,2752.45186,Saudi Arabia,45.94816173,10601.91967,46.65756963,12750040,2.027644699,NA,2925.417933,109848.893,Saudi Arabia,14.29993091,16
SAU,1994,Occupational carcinogens,Saudi Arabia,0.201803513,29.8274056,Saudi Arabia,45.94816173,10601.91967,46.65756963,12750040,2.027644699,NA,2925.417933,109848.893,Saudi Arabia,1.134721749,16
SAU,1994,"Occupational particulate matter, gases, and fumes",Saudi Arabia,163.7816369,4155.148807,Saudi Arabia,45.94816173,10601.91967,46.65756963,12750040,2.027644699,NA,2925.417933,109848.893,Saudi Arabia,4.558056942,16
SAU,1994,Occupational risks,Saudi Arabia,215.4546234,6937.428072,Saudi Arabia,45.94816173,10601.91967,46.65756963,12750040,2.027644699,NA,2925.417933,109848.893,Saudi Arabia,2.630637756,16
SAU,1995,Occupational asthmagens,Saudi Arabia,52.67836955,2829.790897,Saudi Arabia,45.92443739,10786.4009,46.67267659,13289245,2.053487613,NA,2968.30481,111152.0864,Saudi Arabia,14.39318838,16
SAU,1995,Occupational carcinogens,Saudi Arabia,0.210746952,30.98148251,Saudi Arabia,45.92443739,10786.4009,46.67267659,13289245,2.053487613,NA,2968.30481,111152.0864,Saudi Arabia,1.141287775,16
SAU,1995,"Occupational particulate matter, gases, and fumes",Saudi Arabia,167.1522695,4256.975821,Saudi Arabia,45.92443739,10786.4009,46.67267659,13289245,2.053487613,NA,2968.30481,111152.0864,Saudi Arabia,4.545294142,16
SAU,1995,Occupational risks,Saudi Arabia,220.041386,7117.7482,Saudi Arabia,45.92443739,10786.4009,46.67267659,13289245,2.053487613,NA,2968.30481,111152.0864,Saudi Arabia,2.640185711,16
SAU,1996,Occupational asthmagens,Saudi Arabia,53.51604402,2891.557074,Saudi Arabia,45.90410577,11471.5046,47.3509548,13831009,2.083676614,NA,3004.144772,112199.6144,Saudi Arabia,14.45286353,16
SAU,1996,Occupational carcinogens,Saudi Arabia,0.216923517,31.88079797,Saudi Arabia,45.90410577,11471.5046,47.3509548,13831009,2.083676614,NA,3004.144772,112199.6144,Saudi Arabia,1.147763543,16
SAU,1996,"Occupational particulate matter, gases, and fumes",Saudi Arabia,169.9525353,4343.562961,Saudi Arabia,45.90410577,11471.5046,47.3509548,13831009,2.083676614,NA,3004.144772,112199.6144,Saudi Arabia,4.525679213,16
SAU,1996,Occupational risks,Saudi Arabia,223.6855029,7267.000834,Saudi Arabia,45.90410577,11471.5046,47.3509548,13831009,2.083676614,NA,3004.144772,112199.6144,Saudi Arabia,2.645709141,16
SAU,1997,Occupational asthmagens,Saudi Arabia,54.13873976,2947.952453,Saudi Arabia,45.88695441,11545.3456,49.01156438,14374943,2.118637892,NA,3043.872808,113532.8758,Saudi Arabia,14.47671145,16
SAU,1997,Occupational carcinogens,Saudi Arabia,0.224021173,32.60184936,Saudi Arabia,45.88695441,11545.3456,49.01156438,14374943,2.118637892,NA,3043.872808,113532.8758,Saudi Arabia,1.151300283,16
SAU,1997,"Occupational particulate matter, gases, and fumes",Saudi Arabia,173.0295439,4442.346206,Saudi Arabia,45.88695441,11545.3456,49.01156438,14374943,2.118637892,NA,3043.872808,113532.8758,Saudi Arabia,4.503872853,16
SAU,1997,Occupational risks,Saudi Arabia,227.3923048,7422.900508,Saudi Arabia,45.88695441,11545.3456,49.01156438,14374943,2.118637892,NA,3043.872808,113532.8758,Saudi Arabia,2.645679034,16
SAU,1998,Occupational asthmagens,Saudi Arabia,54.66320711,3003.138904,Saudi Arabia,45.87282319,9836.057298,51.14785746,14922185,2.158192578,NA,3082.756788,114864.3498,Saudi Arabia,14.51218208,16
SAU,1998,Occupational carcinogens,Saudi Arabia,0.23167295,33.1815169,Saudi Arabia,45.87282319,9836.057298,51.14785746,14922185,2.158192578,NA,3082.756788,114864.3498,Saudi Arabia,1.156115192,16
SAU,1998,"Occupational particulate matter, gases, and fumes",Saudi Arabia,175.9455991,4539.321483,Saudi Arabia,45.87282319,9836.057298,51.14785746,14922185,2.158192578,NA,3082.756788,114864.3498,Saudi Arabia,4.478567398,16
SAU,1998,Occupational risks,Saudi Arabia,230.8404791,7575.641904,Saudi Arabia,45.87282319,9836.057298,51.14785746,14922185,2.158192578,NA,3082.756788,114864.3498,Saudi Arabia,2.647781657,16
SAU,1999,Occupational asthmagens,Saudi Arabia,55.61799252,3081.471873,Saudi Arabia,45.86078467,10452.18994,53.25318614,15472075,2.202177219,NA,3131.49772,116828.2942,Saudi Arabia,14.56654737,16
SAU,1999,Occupational carcinogens,Saudi Arabia,0.242868834,33.82766322,Saudi Arabia,45.86078467,10452.18994,53.25318614,15472075,2.202177219,NA,3131.49772,116828.2942,Saudi Arabia,1.1633994,16
SAU,1999,"Occupational particulate matter, gases, and fumes",Saudi Arabia,178.9639517,4644.694934,Saudi Arabia,45.86078467,10452.18994,53.25318614,15472075,2.202177219,NA,3131.49772,116828.2942,Saudi Arabia,4.449999218,16
SAU,1999,Occupational risks,Saudi Arabia,234.824813,7759.99447,Saudi Arabia,45.86078467,10452.18994,53.25318614,15472075,2.202177219,NA,3131.49772,116828.2942,Saudi Arabia,2.653641469,16
SAU,2000,Occupational asthmagens,Saudi Arabia,55.62027954,3125.353662,Saudi Arabia,45.34060481,11714.56237,54.82090252,16177722,2.228379249,14.2,3159.709087,118296.8917,Saudi Arabia,14.53239552,16
SAU,2000,Occupational carcinogens,Saudi Arabia,0.267891496,34.95466625,Saudi Arabia,45.34060481,11714.56237,54.82090252,16177722,2.228379249,14.2,3159.709087,118296.8917,Saudi Arabia,1.161753851,16
SAU,2000,"Occupational particulate matter, gases, and fumes",Saudi Arabia,181.8831739,4754.725972,Saudi Arabia,45.34060481,11714.56237,54.82090252,16177722,2.228379249,14.2,3159.709087,118296.8917,Saudi Arabia,4.416555318,16
SAU,2000,Occupational risks,Saudi Arabia,237.771345,7915.0343,Saudi Arabia,45.34060481,11714.56237,54.82090252,16177722,2.228379249,14.2,3159.709087,118296.8917,Saudi Arabia,2.644584176,16
SAU,2001,Occupational asthmagens,Saudi Arabia,56.71642114,3228.754115,Saudi Arabia,44.38911577,10805.31133,55.96119598,17041397,2.236756177,NA,3154.460273,119346.6284,Saudi Arabia,14.46093332,16
SAU,2001,Occupational carcinogens,Saudi Arabia,0.222699584,33.54166555,Saudi Arabia,44.38911577,10805.31133,55.96119598,17041397,2.236756177,NA,3154.460273,119346.6284,Saudi Arabia,1.154565779,16
SAU,2001,"Occupational particulate matter, gases, and fumes",Saudi Arabia,178.7163768,4724.402016,Saudi Arabia,44.38911577,10805.31133,55.96119598,17041397,2.236756177,NA,3154.460273,119346.6284,Saudi Arabia,4.374264032,16
SAU,2001,Occupational risks,Saudi Arabia,235.6554975,7986.697797,Saudi Arabia,44.38911577,10805.31133,55.96119598,17041397,2.236756177,NA,3154.460273,119346.6284,Saudi Arabia,2.627731782,16
SAU,2002,Occupational asthmagens,Saudi Arabia,58.13247059,3355.577963,Saudi Arabia,43.52902226,10586.05435,57.06008443,17910910,2.248392244,NA,3162.983865,121284.0569,Saudi Arabia,14.45182052,16
SAU,2002,Occupational carcinogens,Saudi Arabia,0.199808108,32.68383505,Saudi Arabia,43.52902226,10586.05435,57.06008443,17910910,2.248392244,NA,3162.983865,121284.0569,Saudi Arabia,1.15408459,16
SAU,2002,"Occupational particulate matter, gases, and fumes",Saudi Arabia,176.7683205,4735.128066,Saudi Arabia,43.52902226,10586.05435,57.06008443,17910910,2.248392244,NA,3162.983865,121284.0569,Saudi Arabia,4.332158083,16
SAU,2002,Occupational risks,Saudi Arabia,235.1005992,8123.389863,Saudi Arabia,43.52902226,10586.05435,57.06008443,17910910,2.248392244,NA,3162.983865,121284.0569,Saudi Arabia,2.622650427,16
SAU,2003,Occupational asthmagens,Saudi Arabia,61.62949429,3586.574603,Saudi Arabia,42.74848887,11487.22041,58.02466277,18786767,2.263311252,NA,3223.002624,125290.1665,Saudi Arabia,14.47214867,16
SAU,2003,Occupational carcinogens,Saudi Arabia,0.201520996,32.59533855,Saudi Arabia,42.74848887,11487.22041,58.02466277,18786767,2.263311252,NA,3223.002624,125290.1665,Saudi Arabia,1.15789204,16
SAU,2003,"Occupational particulate matter, gases, and fumes",Saudi Arabia,179.468591,4888.268671,Saudi Arabia,42.74848887,11487.22041,58.02466277,18786767,2.263311252,NA,3223.002624,125290.1665,Saudi Arabia,4.291400564,16
SAU,2003,Occupational risks,Saudi Arabia,241.2996063,8507.438613,Saudi Arabia,42.74848887,11487.22041,58.02466277,18786767,2.263311252,NA,3223.002624,125290.1665,Saudi Arabia,2.624572431,16
SAU,2004,Occupational asthmagens,Saudi Arabia,63.77607544,3774.559237,Saudi Arabia,42.03807116,13154.4979,58.76202593,19669480,2.28102624,NA,3265.774671,128978.7365,Saudi Arabia,14.50187157,16
SAU,2004,Occupational carcinogens,Saudi Arabia,0.251717236,34.3180967,Saudi Arabia,42.03807116,13154.4979,58.76202593,19669480,2.28102624,NA,3265.774671,128978.7365,Saudi Arabia,1.163092522,16
SAU,2004,"Occupational particulate matter, gases, and fumes",Saudi Arabia,181.4561355,5037.313263,Saudi Arabia,42.03807116,13154.4979,58.76202593,19669480,2.28102624,NA,3265.774671,128978.7365,Saudi Arabia,4.250878219,16
SAU,2004,Occupational risks,Saudi Arabia,245.4839282,8846.190597,Saudi Arabia,42.03807116,13154.4979,58.76202593,19669480,2.28102624,NA,3265.774671,128978.7365,Saudi Arabia,2.628141866,16
SAU,2005,Occupational asthmagens,Saudi Arabia,67.65773528,4037.691665,Saudi Arabia,41.39019226,15975.74738,59.1792688,20559890,2.301396068,14.2,3357.259851,134451.2188,Saudi Arabia,14.57134688,16
SAU,2005,Occupational carcinogens,Saudi Arabia,0.30277738,36.49238959,Saudi Arabia,41.39019226,15975.74738,59.1792688,20559890,2.301396068,14.2,3357.259851,134451.2188,Saudi Arabia,1.173004192,16
SAU,2005,"Occupational particulate matter, gases, and fumes",Saudi Arabia,185.4766014,5260.913228,Saudi Arabia,41.39019226,15975.74738,59.1792688,20559890,2.301396068,14.2,3357.259851,134451.2188,Saudi Arabia,4.211854627,16
SAU,2005,Occupational risks,Saudi Arabia,253.437114,9335.097283,Saudi Arabia,41.39019226,15975.74738,59.1792688,20559890,2.301396068,14.2,3357.259851,134451.2188,Saudi Arabia,2.639063371,16
SAU,2006,Occupational asthmagens,Saudi Arabia,70.49344131,4259.669549,Saudi Arabia,40.79862179,17563.61454,59.34607383,21459144,2.324417041,NA,3417.258029,138754.4821,Saudi Arabia,14.65714521,16
SAU,2006,Occupational carcinogens,Saudi Arabia,0.344460279,38.66389926,Saudi Arabia,40.79862179,17563.61454,59.34607383,21459144,2.324417041,NA,3417.258029,138754.4821,Saudi Arabia,1.184532724,16
SAU,2006,"Occupational particulate matter, gases, and fumes",Saudi Arabia,187.7158403,5414.401627,Saudi Arabia,40.79862179,17563.61454,59.34607383,21459144,2.324417041,NA,3417.258029,138754.4821,Saudi Arabia,4.17418031,16
SAU,2006,Occupational risks,Saudi Arabia,258.5537419,9712.735076,Saudi Arabia,40.79862179,17563.61454,59.34607383,21459144,2.324417041,NA,3417.258029,138754.4821,Saudi Arabia,2.652273657,16
SAU,2007,Occupational asthmagens,Saudi Arabia,73.12047354,4457.245988,Saudi Arabia,40.2580758,18596.15026,59.4348208,22368313,2.348925517,NA,3488.062459,143191.0855,Saudi Arabia,14.75064391,16
SAU,2007,Occupational carcinogens,Saudi Arabia,0.389310099,41.09453384,Saudi Arabia,40.2580758,18596.15026,59.4348208,22368313,2.348925517,NA,3488.062459,143191.0855,Saudi Arabia,1.19331643,16
SAU,2007,"Occupational particulate matter, gases, and fumes",Saudi Arabia,189.7115573,5554.091126,Saudi Arabia,40.2580758,18596.15026,59.4348208,22368313,2.348925517,NA,3488.062459,143191.0855,Saudi Arabia,4.144657831,16
SAU,2007,Occupational risks,Saudi Arabia,263.2213409,10052.43165,Saudi Arabia,40.2580758,18596.15026,59.4348208,22368313,2.348925517,NA,3488.062459,143191.0855,Saudi Arabia,2.664625015,16
SAU,2008,Occupational asthmagens,Saudi Arabia,75.84856454,4668.862206,Saudi Arabia,39.76368306,22320.4889,59.50665066,23287877,2.372049578,NA,3540.112749,147305.4073,Saudi Arabia,14.94593153,16
SAU,2008,Occupational carcinogens,Saudi Arabia,0.437737234,43.80235558,Saudi Arabia,39.76368306,22320.4889,59.50665066,23287877,2.372049578,NA,3540.112749,147305.4073,Saudi Arabia,1.212967546,16
SAU,2008,"Occupational particulate matter, gases, and fumes",Saudi Arabia,190.8997547,5691.294455,Saudi Arabia,39.76368306,22320.4889,59.50665066,23287877,2.372049578,NA,3540.112749,147305.4073,Saudi Arabia,4.125184207,16
SAU,2008,Occupational risks,Saudi Arabia,267.1860565,10403.95902,Saudi Arabia,39.76368306,22320.4889,59.50665066,23287877,2.372049578,NA,3540.112749,147305.4073,Saudi Arabia,2.695763885,16
SAU,2009,Occupational asthmagens,Saudi Arabia,76.89111634,4798.890698,Saudi Arabia,39.31071273,17718.39116,59.62270435,24217654,2.389537863,NA,3602.651282,151511.434,Saudi Arabia,14.9715928,16
SAU,2009,Occupational carcinogens,Saudi Arabia,0.499967998,47.10286062,Saudi Arabia,39.31071273,17718.39116,59.62270435,24217654,2.389537863,NA,3602.651282,151511.434,Saudi Arabia,1.213329415,16
SAU,2009,"Occupational particulate matter, gases, and fumes",Saudi Arabia,193.2655034,5847.261314,Saudi Arabia,39.31071273,17718.39116,59.62270435,24217654,2.389537863,NA,3602.651282,151511.434,Saudi Arabia,4.11321231,16
SAU,2009,Occupational risks,Saudi Arabia,270.6565877,10693.25487,Saudi Arabia,39.31071273,17718.39116,59.62270435,24217654,2.389537863,NA,3602.651282,151511.434,Saudi Arabia,2.696979427,16
SAU,2010,Occupational asthmagens,Saudi Arabia,79.55086456,5007.156773,Saudi Arabia,38.89463058,22028.37902,59.84412279,23978487,2.39668649,14.2,3670.63591,155719.8677,Saudi Arabia,15.25505433,16
SAU,2010,Occupational carcinogens,Saudi Arabia,0.527154754,49.14214278,Saudi Arabia,38.89463058,22028.37902,59.84412279,23978487,2.39668649,14.2,3670.63591,155719.8677,Saudi Arabia,1.240932128,16
SAU,2010,"Occupational particulate matter, gases, and fumes",Saudi Arabia,196.6771945,6041.41627,Saudi Arabia,38.89463058,22028.37902,59.84412279,23978487,2.39668649,14.2,3670.63591,155719.8677,Saudi Arabia,4.114226521,16
SAU,2010,Occupational risks,Saudi Arabia,276.7552138,11097.71519,Saudi Arabia,38.89463058,22028.37902,59.84412279,23978487,2.39668649,14.2,3670.63591,155719.8677,Saudi Arabia,2.744566218,16
SAU,2011,Occupational asthmagens,Saudi Arabia,81.03913457,5161.625973,Saudi Arabia,38.51116109,26966.29416,61.9036202,25091867,2.389678554,NA,3720.843702,159290.9751,Saudi Arabia,15.49400997,16
SAU,2011,Occupational carcinogens,Saudi Arabia,0.562136949,51.25140619,Saudi Arabia,38.51116109,26966.29416,61.9036202,25091867,2.389678554,NA,3720.843702,159290.9751,Saudi Arabia,1.263301146,16
SAU,2011,"Occupational particulate matter, gases, and fumes",Saudi Arabia,199.5678597,6205.98717,Saudi Arabia,38.51116109,26966.29416,61.9036202,25091867,2.389678554,NA,3720.843702,159290.9751,Saudi Arabia,4.125466049,16
SAU,2011,Occupational risks,Saudi Arabia,281.1691312,11418.86455,Saudi Arabia,38.51116109,26966.29416,61.9036202,25091867,2.389678554,NA,3720.843702,159290.9751,Saudi Arabia,2.784804054,16
SAU,2012,Occupational asthmagens,Saudi Arabia,81.88893879,5291.467899,Saudi Arabia,38.15632609,28348.57301,65.81365357,26168861,2.36663228,NA,3752.542125,162302.5089,Saudi Arabia,15.74045233,16
SAU,2012,Occupational carcinogens,Saudi Arabia,0.584226817,52.68813728,Saudi Arabia,38.15632609,28348.57301,65.81365357,26168861,2.36663228,NA,3752.542125,162302.5089,Saudi Arabia,1.284406823,16
SAU,2012,"Occupational particulate matter, gases, and fumes",Saudi Arabia,199.9809093,6313.263494,Saudi Arabia,38.15632609,28348.57301,65.81365357,26168861,2.36663228,NA,3752.542125,162302.5089,Saudi Arabia,4.149145882,16
SAU,2012,Occupational risks,Saudi Arabia,282.4540749,11657.41953,Saudi Arabia,38.15632609,28348.57301,65.81365357,26168861,2.36663228,NA,3752.542125,162302.5089,Saudi Arabia,2.825751736,16
SAU,2013,Occupational asthmagens,Saudi Arabia,83.54097293,5461.167519,Saudi Arabia,37.82642744,27290.19781,64.24956643,27624004,2.328221225,NA,3829.169656,166871.0564,Saudi Arabia,15.95732265,16
SAU,2013,Occupational carcinogens,Saudi Arabia,0.601069647,53.90646445,Saudi Arabia,37.82642744,27290.19781,64.24956643,27624004,2.328221225,NA,3829.169656,166871.0564,Saudi Arabia,1.299472853,16
SAU,2013,"Occupational particulate matter, gases, and fumes",Saudi Arabia,203.1742432,6493.335036,Saudi Arabia,37.82642744,27290.19781,64.24956643,27624004,2.328221225,NA,3829.169656,166871.0564,Saudi Arabia,4.182524835,16
SAU,2013,Occupational risks,Saudi Arabia,287.3162858,12008.40902,Saudi Arabia,37.82642744,27290.19781,64.24956643,27624004,2.328221225,NA,3829.169656,166871.0564,Saudi Arabia,2.860133272,16
SAU,2014,Occupational asthmagens,Saudi Arabia,84.918488,5617.679205,Saudi Arabia,37.51807918,27079.67339,51.08775224,28309273,2.28000576,NA,3926.55742,172025.7225,Saudi Arabia,16.12375153,16
SAU,2014,Occupational carcinogens,Saudi Arabia,0.621275552,55.40242748,Saudi Arabia,37.51807918,27079.67339,51.08775224,28309273,2.28000576,NA,3926.55742,172025.7225,Saudi Arabia,1.307554911,16
SAU,2014,"Occupational particulate matter, gases, and fumes",Saudi Arabia,207.9821622,6717.156555,Saudi Arabia,37.51807918,27079.67339,51.08775224,28309273,2.28000576,NA,3926.55742,172025.7225,Saudi Arabia,4.224734729,16
SAU,2014,Occupational risks,Saudi Arabia,293.5219258,12390.23819,Saudi Arabia,37.51807918,27079.67339,51.08775224,28309273,2.28000576,NA,3926.55742,172025.7225,Saudi Arabia,2.884988056,16
SAU,2015,Occupational asthmagens,Saudi Arabia,86.41138765,5789.756256,Saudi Arabia,37.22819377,22453.57155,65.61218013,29816382,2.228113032,14.2,4000.041822,176633.7734,Saudi Arabia,16.32730981,16
SAU,2015,Occupational carcinogens,Saudi Arabia,0.621568314,56.55460173,Saudi Arabia,37.22819377,22453.57155,65.61218013,29816382,2.228113032,14.2,4000.041822,176633.7734,Saudi Arabia,1.319724122,16
SAU,2015,"Occupational particulate matter, gases, and fumes",Saudi Arabia,211.3334,6904.536892,Saudi Arabia,37.22819377,22453.57155,65.61218013,29816382,2.228113032,14.2,4000.041822,176633.7734,Saudi Arabia,4.274796627,16
SAU,2015,Occupational risks,Saudi Arabia,298.366356,12750.84775,Saudi Arabia,37.22819377,22453.57155,65.61218013,29816382,2.228113032,14.2,4000.041822,176633.7734,Saudi Arabia,2.917001625,16
SAU,2016,Occupational asthmagens,Saudi Arabia,89.4478386,6035.771082,Saudi Arabia,37.18292213,21515.66001,57.27212943,30954198,2.213650756,NA,4138.747582,183007.6782,Saudi Arabia,16.56678189,16
SAU,2016,Occupational carcinogens,Saudi Arabia,0.649666097,59.13759257,Saudi Arabia,37.18292213,21515.66001,57.27212943,30954198,2.213650756,NA,4138.747582,183007.6782,Saudi Arabia,1.331254545,16
SAU,2016,"Occupational particulate matter, gases, and fumes",Saudi Arabia,217.9299463,7181.263667,Saudi Arabia,37.18292213,21515.66001,57.27212943,30954198,2.213650756,NA,4138.747582,183007.6782,Saudi Arabia,4.332027796,16
SAU,2016,Occupational risks,Saudi Arabia,308.027451,13276.17234,Saudi Arabia,37.18292213,21515.66001,57.27212943,30954198,2.213650756,NA,4138.747582,183007.6782,Saudi Arabia,2.951935982,16
SAU,2017,Occupational asthmagens,Saudi Arabia,91.59303148,6239.417084,Saudi Arabia,37.64692567,23081.20453,59.44024848,30977355,2.28023791,NA,4234.083354,187647.7989,Saudi Arabia,16.78146583,16
SAU,2017,Occupational carcinogens,Saudi Arabia,0.671563065,61.50742636,Saudi Arabia,37.64692567,23081.20453,59.44024848,30977355,2.28023791,NA,4234.083354,187647.7989,Saudi Arabia,1.340917304,16
SAU,2017,"Occupational particulate matter, gases, and fumes",Saudi Arabia,223.4073885,7414.02701,Saudi Arabia,37.64692567,23081.20453,59.44024848,30977355,2.28023791,NA,4234.083354,187647.7989,Saudi Arabia,4.3951276439999996,16
SAU,2017,Occupational risks,Saudi Arabia,315.671983,13714.95152,Saudi Arabia,37.64692567,23081.20453,59.44024848,30977355,2.28023791,NA,4234.083354,187647.7989,Saudi Arabia,2.983666337,16
SAU,2018,Occupational asthmagens,Saudi Arabia,92.86744766,6401.352166,Saudi Arabia,38.37128587,28036.02647,61.98866405,30196281,2.380746357,14.2,4344.950408,192747.4132,Saudi Arabia,16.88644949,16
SAU,2018,Occupational carcinogens,Saudi Arabia,0.69585923,63.9717048,Saudi Arabia,38.37128587,28036.02647,61.98866405,30196281,2.380746357,14.2,4344.950408,192747.4132,Saudi Arabia,1.336569216,16
SAU,2018,"Occupational particulate matter, gases, and fumes",Saudi Arabia,230.1824134,7684.966288,Saudi Arabia,38.37128587,28036.02647,61.98866405,30196281,2.380746357,14.2,4344.950408,192747.4132,Saudi Arabia,4.459932111,16
SAU,2018,Occupational risks,Saudi Arabia,323.7457203,14150.29016,Saudi Arabia,38.37128587,28036.02647,61.98866405,30196281,2.380746357,14.2,4344.950408,192747.4132,Saudi Arabia,2.994345444,16
SAU,2019,Occupational asthmagens,Saudi Arabia,94.41614809,6579.676044,Saudi Arabia,38.83163457,27892.84215,58.62259286,30063799,2.45024815,14.2,4461.74111,198322.7151,Saudi Arabia,16.99148334,16
SAU,2019,Occupational carcinogens,Saudi Arabia,0.72032521,66.36476206,Saudi Arabia,38.83163457,27892.84215,58.62259286,30063799,2.45024815,14.2,4461.74111,198322.7151,Saudi Arabia,1.334039644,16
SAU,2019,"Occupational particulate matter, gases, and fumes",Saudi Arabia,237.3976094,7971.470645,Saudi Arabia,38.83163457,27892.84215,58.62259286,30063799,2.45024815,14.2,4461.74111,198322.7151,Saudi Arabia,4.525933935,16
SAU,2019,Occupational risks,Saudi Arabia,332.5340827,14617.51145,Saudi Arabia,38.83163457,27892.84215,58.62259286,30063799,2.45024815,14.2,4461.74111,198322.7151,Saudi Arabia,3.006647571,16
SAU,2020,Occupational asthmagens,Saudi Arabia,96.83319328,6832.709307,Saudi Arabia,39.11102268,23271.40376,53.14860136,31552510,2.522581647,14.3,4601.341897,205519.632,Saudi Arabia,17.11413244,16
SAU,2020,Occupational carcinogens,Saudi Arabia,0.747911943,69.32460906,Saudi Arabia,39.11102268,23271.40376,53.14860136,31552510,2.522581647,14.3,4601.341897,205519.632,Saudi Arabia,1.334587414,16
SAU,2020,"Occupational particulate matter, gases, and fumes",Saudi Arabia,246.0910098,8346.21484,Saudi Arabia,39.11102268,23271.40376,53.14860136,31552510,2.522581647,14.3,4601.341897,205519.632,Saudi Arabia,4.591976866,16
SAU,2020,Occupational risks,Saudi Arabia,343.6721151,15248.24876,Saudi Arabia,39.11102268,23271.40376,53.14860136,31552510,2.522581647,14.3,4601.341897,205519.632,Saudi Arabia,3.022926128,16
SAU,2021,Occupational asthmagens,Saudi Arabia,99.40511363,7058.791231,Saudi Arabia,39.26607429,28396.08642,NA,30784383,2.618554308,NA,4743.446177,211951.4645,Saudi Arabia,17.23941323,16
SAU,2021,Occupational carcinogens,Saudi Arabia,0.775637756,74.0571192,Saudi Arabia,39.26607429,28396.08642,NA,30784383,2.618554308,NA,4743.446177,211951.4645,Saudi Arabia,1.33429046,16
SAU,2021,"Occupational particulate matter, gases, and fumes",Saudi Arabia,254.1081918,8661.050088,Saudi Arabia,39.26607429,28396.08642,NA,30784383,2.618554308,NA,4743.446177,211951.4645,Saudi Arabia,4.656172452,16
SAU,2021,Occupational risks,Saudi Arabia,354.2889432,15793.89844,Saudi Arabia,39.26607429,28396.08642,NA,30784383,2.618554308,NA,4743.446177,211951.4645,Saudi Arabia,3.039468211,16
SDN,1990,Occupational asthmagens,Sudan,140.6717646,5592.508127,Sudan,49.67378214,1257.1875,53.71927223,22021481,2.862457408,NA,5788.389947,240382.5352,Sudan,10.09493451,17
SDN,1990,Occupational carcinogens,Sudan,0.911733299,41.37879215,Sudan,49.67378214,1257.1875,53.71927223,22021481,2.862457408,NA,5788.389947,240382.5352,Sudan,0.660034048,17
SDN,1990,"Occupational particulate matter, gases, and fumes",Sudan,358.8590367,9526.164491,Sudan,49.67378214,1257.1875,53.71927223,22021481,2.862457408,NA,5788.389947,240382.5352,Sudan,6.304044738,17
SDN,1990,Occupational risks,Sudan,500.4425345,15160.05141,Sudan,49.67378214,1257.1875,53.71927223,22021481,2.862457408,NA,5788.389947,240382.5352,Sudan,2.205615091,17
SDN,1991,Occupational asthmagens,Sudan,141.562781,5653.808106,Sudan,49.72011078,1617.556763,50.6606024,22470676,2.912736137,NA,5957.754527,245748.0694,Sudan,9.986647657,17
SDN,1991,Occupational carcinogens,Sudan,0.959422794,43.32501077,Sudan,49.72011078,1617.556763,50.6606024,22470676,2.912736137,NA,5957.754527,245748.0694,Sudan,0.655124197,17
SDN,1991,"Occupational particulate matter, gases, and fumes",Sudan,372.7237474,9854.768519,Sudan,49.72011078,1617.556763,50.6606024,22470676,2.912736137,NA,5957.754527,245748.0694,Sudan,6.290717875,17
SDN,1991,Occupational risks,Sudan,515.2459513,15551.90163,Sudan,49.72011078,1617.556763,50.6606024,22470676,2.912736137,NA,5957.754527,245748.0694,Sudan,2.187016605,17
SDN,1992,Occupational asthmagens,Sudan,144.0440642,5765.504026,Sudan,49.75814043,252.6100922,48.36583645,22927355,2.956645085,NA,6118.754595,250765.4746,Sudan,10.00012645,17
SDN,1992,Occupational carcinogens,Sudan,1.007611197,45.23518719,Sudan,49.75814043,252.6100922,48.36583645,22927355,2.956645085,NA,6118.754595,250765.4746,Sudan,0.657172825,17
SDN,1992,"Occupational particulate matter, gases, and fumes",Sudan,386.1352066,10165.3461,Sudan,49.75814043,252.6100922,48.36583645,22927355,2.956645085,NA,6118.754595,250765.4746,Sudan,6.277483112,17
SDN,1992,Occupational risks,Sudan,531.186882,15976.08531,Sudan,49.75814043,252.6100922,48.36583645,22927355,2.956645085,NA,6118.754595,250765.4746,Sudan,2.188444691,17
SDN,1993,Occupational asthmagens,Sudan,151.2767613,6034.818586,Sudan,49.78916293,312.6940613,46.78660447,23445592,2.986237242,NA,6256.687911,254776.7382,Sudan,10.35783888,17
SDN,1993,Occupational carcinogens,Sudan,1.053131616,46.91621082,Sudan,49.78916293,312.6940613,46.78660447,23445592,2.986237242,NA,6256.687911,254776.7382,Sudan,0.679486438,17
SDN,1993,"Occupational particulate matter, gases, and fumes",Sudan,398.2493106,10437.66008,Sudan,49.78916293,312.6940613,46.78660447,23445592,2.986237242,NA,6256.687911,254776.7382,Sudan,6.281877872,17
SDN,1993,Occupational risks,Sudan,550.5792035,16519.39487,Sudan,49.78916293,312.6940613,46.78660447,23445592,2.986237242,NA,6256.687911,254776.7382,Sudan,2.247724378,17
SDN,1994,Occupational asthmagens,Sudan,154.5613801,6171.96967,Sudan,49.81651725,439.420929,45.87453656,24043948,2.99862978,NA,6392.304389,258849.4603,Sudan,10.47411772,17
SDN,1994,Occupational carcinogens,Sudan,1.101198951,48.62178738,Sudan,49.81651725,439.420929,45.87453656,24043948,2.99862978,NA,6392.304389,258849.4603,Sudan,0.687409362,17
SDN,1994,"Occupational particulate matter, gases, and fumes",Sudan,410.0285296,10700.45873,Sudan,49.81651725,439.420929,45.87453656,24043948,2.99862978,NA,6392.304389,258849.4603,Sudan,6.288414832,17
SDN,1994,Occupational risks,Sudan,565.6911087,16921.05018,Sudan,49.81651725,439.420929,45.87453656,24043948,2.99862978,NA,6392.304389,258849.4603,Sudan,2.267467921,17
SDN,1995,Occupational asthmagens,Sudan,157.726535,6315.002095,Sudan,49.84518166,462.5854492,45.58126279,24672143,3.000298819,NA,6490.604658,261559.6063,Sudan,10.643210120000001,17
SDN,1995,Occupational carcinogens,Sudan,1.148968622,50.298181,Sudan,49.84518166,462.5854492,45.58126279,24672143,3.000298819,NA,6490.604658,261559.6063,Sudan,0.698039993,17
SDN,1995,"Occupational particulate matter, gases, and fumes",Sudan,419.4370889,10906.69709,Sudan,49.84518166,462.5854492,45.58126279,24672143,3.000298819,NA,6490.604658,261559.6063,Sudan,6.29507855,17
SDN,1995,Occupational risks,Sudan,578.3125925,17271.99737,Sudan,49.84518166,462.5854492,45.58126279,24672143,3.000298819,NA,6490.604658,261559.6063,Sudan,2.295117516,17
SDN,1996,Occupational asthmagens,Sudan,159.4283369,6400.073454,Sudan,49.88163023,294.8269653,46.53390048,25231528,3.002138892,NA,6558.421867,262778.1406,Sudan,10.75899811,17
SDN,1996,Occupational carcinogens,Sudan,1.190941231,51.6909711,Sudan,49.88163023,294.8269653,46.53390048,25231528,3.002138892,NA,6558.421867,262778.1406,Sudan,0.706406606,17
SDN,1996,"Occupational particulate matter, gases, and fumes",Sudan,427.5475834,11078.84889,Sudan,49.88163023,294.8269653,46.53390048,25231528,3.002138892,NA,6558.421867,262778.1406,Sudan,6.307556682,17
SDN,1996,Occupational risks,Sudan,588.1668616,17530.61331,Sudan,49.88163023,294.8269653,46.53390048,25231528,3.002138892,NA,6558.421867,262778.1406,Sudan,2.315086141,17
SDN,1997,Occupational asthmagens,Sudan,159.6912832,6434.482367,Sudan,49.91742579,373.09375,48.84538411,25799821,2.995677703,NA,6600.37789,263270.1415,Sudan,10.84601657,17
SDN,1997,Occupational carcinogens,Sudan,1.230727824,52.87582814,Sudan,49.91742579,373.09375,48.84538411,25799821,2.995677703,NA,6600.37789,263270.1415,Sudan,0.714201351,17
SDN,1997,"Occupational particulate matter, gases, and fumes",Sudan,434.2280428,11216.02392,Sudan,49.91742579,373.09375,48.84538411,25799821,2.995677703,NA,6600.37789,263270.1415,Sudan,6.322694739,17
SDN,1997,Occupational risks,Sudan,595.1500538,17703.38212,Sudan,49.91742579,373.09375,48.84538411,25799821,2.995677703,NA,6600.37789,263270.1415,Sudan,2.330769501,17
SDN,1998,Occupational asthmagens,Sudan,158.7741563,6437.684312,Sudan,49.94606183,350.7028809,51.69606949,26458999,2.973778411,NA,6623.279675,263485.6009,Sudan,10.90229124,17
SDN,1998,Occupational carcinogens,Sudan,1.273064796,54.20103751,Sudan,49.94606183,350.7028809,51.69606949,26458999,2.973778411,NA,6623.279675,263485.6009,Sudan,0.720879605,17
SDN,1998,"Occupational particulate matter, gases, and fumes",Sudan,439.948763,11340.63148,Sudan,49.94606183,350.7028809,51.69606949,26458999,2.973778411,NA,6623.279675,263485.6009,Sudan,6.326730902,17
SDN,1998,Occupational risks,Sudan,599.995984,17832.51683,Sudan,49.94606183,350.7028809,51.69606949,26458999,2.973778411,NA,6623.279675,263485.6009,Sudan,2.340362443,17
SDN,1999,Occupational asthmagens,Sudan,157.2872029,6429.753541,Sudan,49.97113961,324.65960690000003,54.26631245,27130613,2.946324877,NA,6634.865108,263669.0628,Sudan,10.95445209,17
SDN,1999,Occupational carcinogens,Sudan,1.319193485,55.6608455,Sudan,49.97113961,324.65960690000003,54.26631245,27130613,2.946324877,NA,6634.865108,263669.0628,Sudan,0.728305882,17
SDN,1999,"Occupational particulate matter, gases, and fumes",Sudan,445.3105179,11466.5933,Sudan,49.97113961,324.65960690000003,54.26631245,27130613,2.946324877,NA,6634.865108,263669.0628,Sudan,6.329089479,17
SDN,1999,Occupational risks,Sudan,603.9169142,17952.00769,Sudan,49.97113961,324.65960690000003,54.26631245,27130613,2.946324877,NA,6634.865108,263669.0628,Sudan,2.348957029,17
SDN,2000,Occupational asthmagens,Sudan,155.684736,6423.892377,Sudan,49.9922313,362.1168823,55.7364688,27816745,2.914219527,NA,6661.029336,264700.2415,Sudan,10.98391066,17
SDN,2000,Occupational carcinogens,Sudan,1.381248424,57.61456743,Sudan,49.9922313,362.1168823,55.7364688,27816745,2.914219527,NA,6661.029336,264700.2415,Sudan,0.734186646,17
SDN,2000,"Occupational particulate matter, gases, and fumes",Sudan,452.0460003,11624.16844,Sudan,49.9922313,362.1168823,55.7364688,27816745,2.914219527,NA,6661.029336,264700.2415,Sudan,6.329326313,17
SDN,2000,Occupational risks,Sudan,609.1119847,18105.67538,Sudan,49.9922313,362.1168823,55.7364688,27816745,2.914219527,NA,6661.029336,264700.2415,Sudan,2.353037923,17
SDN,2001,Occupational asthmagens,Sudan,153.9452991,6417.872841,Sudan,50.01460895,451.2933044,56.28716461,28516770,2.879891376,NA,6634.897622,263847.5592,Sudan,11.05945857,17
SDN,2001,Occupational carcinogens,Sudan,1.430616161,59.16539328,Sudan,50.01460895,451.2933044,56.28716461,28516770,2.879891376,NA,6634.897622,263847.5592,Sudan,0.742975483,17
SDN,2001,"Occupational particulate matter, gases, and fumes",Sudan,455.1013149,11714.46413,Sudan,50.01460895,451.2933044,56.28716461,28516770,2.879891376,NA,6634.897622,263847.5592,Sudan,6.325646185,17
SDN,2001,Occupational risks,Sudan,610.4772301,18191.50236,Sudan,50.01460895,451.2933044,56.28716461,28516770,2.879891376,NA,6634.897622,263847.5592,Sudan,2.364881071,17
SDN,2002,Occupational asthmagens,Sudan,150.5087741,6363.808503,Sudan,50.04160633,506.2626343,56.68823208,29228727,2.844340433,NA,6625.100236,263610.3306,Sudan,11.12373821,17
SDN,2002,Occupational carcinogens,Sudan,1.570244312,63.08085173,Sudan,50.04160633,506.2626343,56.68823208,29228727,2.844340433,NA,6625.100236,263610.3306,Sudan,0.750985752,17
SDN,2002,"Occupational particulate matter, gases, and fumes",Sudan,464.3853152,11942.31666,Sudan,50.04160633,506.2626343,56.68823208,29228727,2.844340433,NA,6625.100236,263610.3306,Sudan,6.319944801,17
SDN,2002,Occupational risks,Sudan,616.4643336,18369.20601,Sudan,50.04160633,506.2626343,56.68823208,29228727,2.844340433,NA,6625.100236,263610.3306,Sudan,2.374741932,17
SDN,2003,Occupational asthmagens,Sudan,146.6274632,6274.654841,Sudan,50.07962427,580.3202515,57.00383623,29896035,2.809407669,NA,6577.591475,261645.5296,Sudan,11.16160141,17
SDN,2003,Occupational carcinogens,Sudan,1.675218488,65.90096463,Sudan,50.07962427,580.3202515,57.00383623,29896035,2.809407669,NA,6577.591475,261645.5296,Sudan,0.757983639,17
SDN,2003,"Occupational particulate matter, gases, and fumes",Sudan,469.0538967,12065.43296,Sudan,50.07962427,580.3202515,57.00383623,29896035,2.809407669,NA,6577.591475,261645.5296,Sudan,6.314235408,17
SDN,2003,Occupational risks,Sudan,617.3565785,18405.98877,Sudan,50.07962427,580.3202515,57.00383623,29896035,2.809407669,NA,6577.591475,261645.5296,Sudan,2.381027657,17
SDN,2004,Occupational asthmagens,Sudan,143.4936984,6204.611818,Sudan,50.1298294,705.1133423,57.29814211,30556637,2.767096065,NA,6542.001253,260362.031,Sudan,11.14744568,17
SDN,2004,Occupational carcinogens,Sudan,1.763600024,68.41002972,Sudan,50.1298294,705.1133423,57.29814211,30556637,2.767096065,NA,6542.001253,260362.031,Sudan,0.762638079,17
SDN,2004,"Occupational particulate matter, gases, and fumes",Sudan,472.1623396,12157.68394,Sudan,50.1298294,705.1133423,57.29814211,30556637,2.767096065,NA,6542.001253,260362.031,Sudan,6.310006188,17
SDN,2004,Occupational risks,Sudan,617.4196381,18430.70579,Sudan,50.1298294,705.1133423,57.29814211,30556637,2.767096065,NA,6542.001253,260362.031,Sudan,2.379451444,17
SDN,2005,Occupational asthmagens,Sudan,140.9033512,6147.019024,Sudan,50.18160128,905.5436401,57.63531476,31262444,2.718307992,NA,6515.295346,260981.408,Sudan,11.15108139,17
SDN,2005,Occupational carcinogens,Sudan,1.825888299,70.32173109,Sudan,50.18160128,905.5436401,57.63531476,31262444,2.718307992,NA,6515.295346,260981.408,Sudan,0.769017151,17
SDN,2005,"Occupational particulate matter, gases, and fumes",Sudan,472.2355467,12175.63005,Sudan,50.18160128,905.5436401,57.63531476,31262444,2.718307992,NA,6515.295346,260981.408,Sudan,6.299011054,17
SDN,2005,Occupational risks,Sudan,614.9647863,18392.9708,Sudan,50.18160128,905.5436401,57.63531476,31262444,2.718307992,NA,6515.295346,260981.408,Sudan,2.380261514,17
SDN,2006,Occupational asthmagens,Sudan,139.8615553,6157.04775,Sudan,50.21987699,1132.474609,57.9611168,31992435,2.679091166,NA,6473.50786,260059.8569,Sudan,11.23750317,17
SDN,2006,Occupational carcinogens,Sudan,1.886695985,72.59256927,Sudan,50.21987699,1132.474609,57.9611168,31992435,2.679091166,NA,6473.50786,260059.8569,Sudan,0.783089437,17
SDN,2006,"Occupational particulate matter, gases, and fumes",Sudan,472.4975201,12204.0919,Sudan,50.21987699,1132.474609,57.9611168,31992435,2.679091166,NA,6473.50786,260059.8569,Sudan,6.281287283,17
SDN,2006,Occupational risks,Sudan,614.2457714,18433.73221,Sudan,50.21987699,1132.474609,57.9611168,31992435,2.679091166,NA,6473.50786,260059.8569,Sudan,2.395053449,17
SDN,2007,Occupational asthmagens,Sudan,138.6082841,6158.136885,Sudan,50.24401529,1444.372192,58.23849175,32764135,2.651388518,NA,6439.079107,259357.5104,Sudan,11.27905366,17
SDN,2007,Occupational carcinogens,Sudan,1.955202958,75.38796324,Sudan,50.24401529,1444.372192,58.23849175,32764135,2.651388518,NA,6439.079107,259357.5104,Sudan,0.795560827,17
SDN,2007,"Occupational particulate matter, gases, and fumes",Sudan,473.7734042,12275.79588,Sudan,50.24401529,1444.372192,58.23849175,32764135,2.651388518,NA,6439.079107,259357.5104,Sudan,6.259119425,17
SDN,2007,Occupational risks,Sudan,614.3368913,18509.32073,Sudan,50.24401529,1444.372192,58.23849175,32764135,2.651388518,NA,6439.079107,259357.5104,Sudan,2.402756357,17
SDN,2008,Occupational asthmagens,Sudan,138.093787,6186.128718,Sudan,50.26043467,1527.582397,58.55737593,33623980,2.62342237,NA,6432.896524,259700.1323,Sudan,11.34520317,17
SDN,2008,Occupational carcinogens,Sudan,2.036066976,78.69631387,Sudan,50.26043467,1527.582397,58.55737593,33623980,2.62342237,NA,6432.896524,259700.1323,Sudan,0.807992018,17
SDN,2008,"Occupational particulate matter, gases, and fumes",Sudan,477.6467221,12412.05948,Sudan,50.26043467,1527.582397,58.55737593,33623980,2.62342237,NA,6432.896524,259700.1323,Sudan,6.233091631,17
SDN,2008,Occupational risks,Sudan,617.77657610000006,18676.88451,Sudan,50.26043467,1527.582397,58.55737593,33623980,2.62342237,NA,6432.896524,259700.1323,Sudan,2.412911037,17
SDN,2009,Occupational asthmagens,Sudan,137.8327066,6208.433735,Sudan,50.26905087,1178.221802,59.00770569,34569113,2.598575535,NA,6415.253299,259425.5615,Sudan,11.4204516,17
SDN,2009,Occupational carcinogens,Sudan,2.111619956,81.80928426,Sudan,50.26905087,1178.221802,59.00770569,34569113,2.598575535,NA,6415.253299,259425.5615,Sudan,0.820768999,17
SDN,2009,"Occupational particulate matter, gases, and fumes",Sudan,481.3145024,12555.8124,Sudan,50.26905087,1178.221802,59.00770569,34569113,2.598575535,NA,6415.253299,259425.5615,Sudan,6.207126589,17
SDN,2009,Occupational risks,Sudan,621.258829,18846.05542,Sudan,50.26905087,1178.221802,59.00770569,34569113,2.598575535,NA,6415.253299,259425.5615,Sudan,2.424312449,17
SDN,2010,Occupational asthmagens,Sudan,137.2227196,6207.521978,Sudan,50.27551646,1305.635986,59.67941735,35414399,2.586639934,NA,6386.442476,258199.3215,Sudan,11.49756741,17
SDN,2010,Occupational carcinogens,Sudan,2.173453771,84.34834306,Sudan,50.27551646,1305.635986,59.67941735,35414399,2.586639934,NA,6386.442476,258199.3215,Sudan,0.834419793,17
SDN,2010,"Occupational particulate matter, gases, and fumes",Sudan,484.6163821,12690.61015,Sudan,50.27551646,1305.635986,59.67941735,35414399,2.586639934,NA,6386.442476,258199.3215,Sudan,6.185110951,17
SDN,2010,Occupational risks,Sudan,624.0125555,18982.48047,Sudan,50.27551646,1305.635986,59.67941735,35414399,2.586639934,NA,6386.442476,258199.3215,Sudan,2.436642302,17
SDN,2011,Occupational asthmagens,Sudan,135.870865,6157.549008,Sudan,50.28391176,1332.657227,62.29416942,36140806,2.586536117,NA,6351.630846,256537.6885,Sudan,11.51094412,17
SDN,2011,Occupational carcinogens,Sudan,2.22946191,86.54910824,Sudan,50.28391176,1332.657227,62.29416942,36140806,2.586536117,NA,6351.630846,256537.6885,Sudan,0.847420781,17
SDN,2011,"Occupational particulate matter, gases, and fumes",Sudan,486.6643565,12802.91016,Sudan,50.28391176,1332.657227,62.29416942,36140806,2.586536117,NA,6351.630846,256537.6885,Sudan,6.164867674,17
SDN,2011,Occupational risks,Sudan,624.7646834,19047.00827,Sudan,50.28391176,1332.657227,62.29416942,36140806,2.586536117,NA,6351.630846,256537.6885,Sudan,2.440866847,17
SDN,2012,Occupational asthmagens,Sudan,135.9292498,6159.326726,Sudan,50.29334556,1019.222107,64.14971774,36923178,2.597191119,NA,6351.435028,255506.9079,Sudan,11.61192929,17
SDN,2012,Occupational carcinogens,Sudan,2.293730181,88.7570882,Sudan,50.29334556,1019.222107,64.14971774,36923178,2.597191119,NA,6351.435028,255506.9079,Sudan,0.86439585,17
SDN,2012,"Occupational particulate matter, gases, and fumes",Sudan,490.5714127,12974.39221,Sudan,50.29334556,1019.222107,64.14971774,36923178,2.597191119,NA,6351.435028,255506.9079,Sudan,6.14801502,17
SDN,2012,Occupational risks,Sudan,628.7943927,19222.47602,Sudan,50.29334556,1019.222107,64.14971774,36923178,2.597191119,NA,6351.435028,255506.9079,Sudan,2.457496744,17
SDN,2013,Occupational asthmagens,Sudan,136.2274374,6155.861216,Sudan,50.30578115,1138.627808,60.43690036,37785849,2.616060084,NA,6370.340134,254228.0794,Sudan,11.67898031,17
SDN,2013,Occupational carcinogens,Sudan,2.361870658,90.95455418,Sudan,50.30578115,1138.627808,60.43690036,37785849,2.616060084,NA,6370.340134,254228.0794,Sudan,0.879862598,17
SDN,2013,"Occupational particulate matter, gases, and fumes",Sudan,496.0190506,13168.11294,Sudan,50.30578115,1138.627808,60.43690036,37785849,2.616060084,NA,6370.340134,254228.0794,Sudan,6.128812108,17
SDN,2013,Occupational risks,Sudan,634.6083586,19414.92871,Sudan,50.30578115,1138.627808,60.43690036,37785849,2.616060084,NA,6370.340134,254228.0794,Sudan,2.468959643,17
SDN,2014,Occupational asthmagens,Sudan,136.5165136,6166.819083,Sudan,50.31800219,1275.438354,49.51694329,38823318,2.639406039,NA,6405.700443,254457.2028,Sudan,11.79488513,17
SDN,2014,Occupational carcinogens,Sudan,2.435575604,93.47749214,Sudan,50.31800219,1275.438354,49.51694329,38823318,2.639406039,NA,6405.700443,254457.2028,Sudan,0.898118455,17
SDN,2014,"Occupational particulate matter, gases, and fumes",Sudan,502.1138405,13391.86419,Sudan,50.31800219,1275.438354,49.51694329,38823318,2.639406039,NA,6405.700443,254457.2028,Sudan,6.109005587,17
SDN,2014,Occupational risks,Sudan,641.0659298,19652.16076,Sudan,50.31800219,1275.438354,49.51694329,38823318,2.639406039,NA,6405.700443,254457.2028,Sudan,2.486917338,17
SDN,2015,Occupational asthmagens,Sudan,135.3266989,6145.064384,Sudan,50.32715268,1292.379639,61.11050562,40024431,2.673037342,NA,6367.084965,251930.0852,Sudan,11.91052833,17
SDN,2015,Occupational carcinogens,Sudan,2.484361513,95.41644266,Sudan,50.32715268,1292.379639,61.11050562,40024431,2.673037342,NA,6367.084965,251930.0852,Sudan,0.917644528,17
SDN,2015,"Occupational particulate matter, gases, and fumes",Sudan,505.0774582,13533.18484,Sudan,50.32715268,1292.379639,61.11050562,40024431,2.673037342,NA,6367.084965,251930.0852,Sudan,6.088681135,17
SDN,2015,Occupational risks,Sudan,642.8885186,19773.66567,Sudan,50.32715268,1292.379639,61.11050562,40024431,2.673037342,NA,6367.084965,251930.0852,Sudan,2.505514473,17
SDN,2016,Occupational asthmagens,Sudan,134.2297181,6130.909099,Sudan,50.33627572,1033.215942,59.31192329,41259892,2.720969313,NA,6349.675391,250451.3375,Sudan,12.01548361,17
SDN,2016,Occupational carcinogens,Sudan,2.547027562,97.92870066,Sudan,50.33627572,1033.215942,59.31192329,41259892,2.720969313,NA,6349.675391,250451.3375,Sudan,0.93645753,17
SDN,2016,"Occupational particulate matter, gases, and fumes",Sudan,509.2876769,13703.16982,Sudan,50.33627572,1033.215942,59.31192329,41259892,2.720969313,NA,6349.675391,250451.3375,Sudan,6.069290145,17
SDN,2016,Occupational risks,Sudan,646.0644226,19932.00762,Sudan,50.33627572,1033.215942,59.31192329,41259892,2.720969313,NA,6349.675391,250451.3375,Sudan,2.52175955,17
SDN,2017,Occupational asthmagens,Sudan,133.4351261,6132.498418,Sudan,50.34262876,966.5056763,59.81684485,42714306,2.778043464,NA,6343.868347,249820.3931,Sudan,12.05868247,17
SDN,2017,Occupational carcinogens,Sudan,2.617573121,100.9285545,Sudan,50.34262876,966.5056763,59.81684485,42714306,2.778043464,NA,6343.868347,249820.3931,Sudan,0.950938763,17
SDN,2017,"Occupational particulate matter, gases, and fumes",Sudan,514.1025878,13896.3139,Sudan,50.34262876,966.5056763,59.81684485,42714306,2.778043464,NA,6343.868347,249820.3931,Sudan,6.044452006,17
SDN,2017,Occupational risks,Sudan,650.155287,20129.74087,Sudan,50.34262876,966.5056763,59.81684485,42714306,2.778043464,NA,6343.868347,249820.3931,Sudan,2.527717186,17
SDN,2018,Occupational asthmagens,Sudan,133.9553236,6196.981324,Sudan,50.34782032,731.0274658,58.69365767,44230596,2.843365484,NA,6372.665164,250682.8629,Sudan,12.12255123,17
SDN,2018,Occupational carcinogens,Sudan,2.710588909,104.8104998,Sudan,50.34782032,731.0274658,58.69365767,44230596,2.843365484,NA,6372.665164,250682.8629,Sudan,0.967643798,17
SDN,2018,"Occupational particulate matter, gases, and fumes",Sudan,521.4781501,14159.97302,Sudan,50.34782032,731.0274658,58.69365767,44230596,2.843365484,NA,6372.665164,250682.8629,Sudan,6.013631625,17
SDN,2018,Occupational risks,Sudan,658.1440626,20461.76484,Sudan,50.34782032,731.0274658,58.69365767,44230596,2.843365484,NA,6372.665164,250682.8629,Sudan,2.537762525,17
SDN,2019,Occupational asthmagens,Sudan,133.9096733,6241.591609,Sudan,50.35494397,709.9752808,51.93562183,45548175,2.917953322,NA,6399.976503,250874.7484,Sudan,12.15741925,17
SDN,2019,Occupational carcinogens,Sudan,2.807731785,108.4623996,Sudan,50.35494397,709.9752808,51.93562183,45548175,2.917953322,NA,6399.976503,250874.7484,Sudan,0.981911685,17
SDN,2019,"Occupational particulate matter, gases, and fumes",Sudan,529.3289925,14423.46214,Sudan,50.35494397,709.9752808,51.93562183,45548175,2.917953322,NA,6399.976503,250874.7484,Sudan,5.987977053,17
SDN,2019,Occupational risks,Sudan,666.0463976,20773.51615,Sudan,50.35494397,709.9752808,51.93562183,45548175,2.917953322,NA,6399.976503,250874.7484,Sudan,2.54410834,17
SDN,2020,Occupational asthmagens,Sudan,134.1238999,6294.573798,Sudan,50.36519835,577.7952271,45.83490256,46789231,2.989897398,NA,6425.364329,250715.5642,Sudan,12.23033641,17
SDN,2020,Occupational carcinogens,Sudan,2.907303602,112.2959061,Sudan,50.36519835,577.7952271,45.83490256,46789231,2.989897398,NA,6425.364329,250715.5642,Sudan,0.997960623,17
SDN,2020,"Occupational particulate matter, gases, and fumes",Sudan,536.5395544,14733.4263,Sudan,50.36519835,577.7952271,45.83490256,46789231,2.989897398,NA,6425.364329,250715.5642,Sudan,5.966809779,17
SDN,2020,Occupational risks,Sudan,673.5707579,21140.29601,Sudan,50.36519835,577.7952271,45.83490256,46789231,2.989897398,NA,6425.364329,250715.5642,Sudan,2.55729659,17
SDN,2021,Occupational asthmagens,Sudan,135.6916444,6447.470559,Sudan,50.37723446,712.1220093,NA,48066924,3.053637258,NA,6447.137741,252741.2623,Sudan,12.41312085,17
SDN,2021,Occupational carcinogens,Sudan,2.993999334,116.1989445,Sudan,50.37723446,712.1220093,NA,48066924,3.053637258,NA,6447.137741,252741.2623,Sudan,1.01378111,17
SDN,2021,"Occupational particulate matter, gases, and fumes",Sudan,541.107853,14962.07224,Sudan,50.37723446,712.1220093,NA,48066924,3.053637258,NA,6447.137741,252741.2623,Sudan,5.943123394,17
SDN,2021,Occupational risks,Sudan,679.7934968,21525.74174,Sudan,50.37723446,712.1220093,NA,48066924,3.053637258,NA,6447.137741,252741.2623,Sudan,2.58471418,17
SOM,1990,Occupational asthmagens,Somalia,107.9728443,5778.65686,Somalia,50.14830268,145.6035014,22.51186527,7082811,3.058933589,NA,1950.540183,112642.5312,Somalia,25.43669642,18
SOM,1990,Occupational carcinogens,Somalia,9.975524482,282.853623,Somalia,50.14830268,145.6035014,22.51186527,7082811,3.058933589,NA,1950.540183,112642.5312,Somalia,0.786776356,18
SOM,1990,"Occupational particulate matter, gases, and fumes",Somalia,199.5649574,5712.888442,Somalia,50.14830268,145.6035014,22.51186527,7082811,3.058933589,NA,1950.540183,112642.5312,Somalia,10.49863884,18
SOM,1990,Occupational risks,Somalia,317.5133262,11774.39892,Somalia,50.14830268,145.6035014,22.51186527,7082811,3.058933589,NA,1950.540183,112642.5312,Somalia,4.701098836,18
SOM,1991,Occupational asthmagens,Somalia,108.7636887,5761.67519,Somalia,50.21189475,105.3713265,19.72124498,6813760,2.97505364,NA,1947.152378,111557.7731,Somalia,25.47758633,18
SOM,1991,Occupational carcinogens,Somalia,10.08239367,287.2680199,Somalia,50.21189475,105.3713265,19.72124498,6813760,2.97505364,NA,1947.152378,111557.7731,Somalia,0.776952175,18
SOM,1991,"Occupational particulate matter, gases, and fumes",Somalia,200.2173209,5773.322472,Somalia,50.21189475,105.3713265,19.72124498,6813760,2.97505364,NA,1947.152378,111557.7731,Somalia,10.55495366,18
SOM,1991,Occupational risks,Somalia,319.0634033,11822.26568,Somalia,50.21189475,105.3713265,19.72124498,6813760,2.97505364,NA,1947.152378,111557.7731,Somalia,4.712130129,18
SOM,1992,Occupational asthmagens,Somalia,109.2154618,5708.74463,Somalia,50.26379088,109.2049105,17.80132329,6495107,2.840438194,NA,1949.356774,110354.2941,Somalia,25.35481381,18
SOM,1992,Occupational carcinogens,Somalia,10.22831397,292.6387343,Somalia,50.26379088,109.2049105,17.80132329,6495107,2.840438194,NA,1949.356774,110354.2941,Somalia,0.765024564,18
SOM,1992,"Occupational particulate matter, gases, and fumes",Somalia,201.6541203,5849.118269,Somalia,50.26379088,109.2049105,17.80132329,6495107,2.840438194,NA,1949.356774,110354.2941,Somalia,10.6051375,18
SOM,1992,Occupational risks,Somalia,321.0978961,11850.50163,Somalia,50.26379088,109.2049105,17.80132329,6495107,2.840438194,NA,1949.356774,110354.2941,Somalia,4.702160156,18
SOM,1993,Occupational asthmagens,Somalia,110.6057406,5739.128615,Somalia,50.26071636,188.6031587,16.60816105,6681399,2.767511714,NA,1960.329469,110009.508,Somalia,25.19248799,18
SOM,1993,Occupational carcinogens,Somalia,10.41175023,299.2933607,Somalia,50.26071636,188.6031587,16.60816105,6681399,2.767511714,NA,1960.329469,110009.508,Somalia,0.751480126,18
SOM,1993,"Occupational particulate matter, gases, and fumes",Somalia,203.6772326,5947.466616,Somalia,50.26071636,188.6031587,16.60816105,6681399,2.767511714,NA,1960.329469,110009.508,Somalia,10.58735875,18
SOM,1993,Occupational risks,Somalia,324.6947235,11985.88859,Somalia,50.26071636,188.6031587,16.60816105,6681399,2.767511714,NA,1960.329469,110009.508,Somalia,4.677096143,18
SOM,1994,Occupational asthmagens,Somalia,114.4895786,5947.346613,Somalia,50.23031834,210.7937796,15.99781909,7026797,2.747852453,NA,1992.343586,111430.1307,Somalia,25.01485302,18
SOM,1994,Occupational carcinogens,Somalia,10.7333826,310.7303632,Somalia,50.23031834,210.7937796,15.99781909,7026797,2.747852453,NA,1992.343586,111430.1307,Somalia,0.740148489,18
SOM,1994,"Occupational particulate matter, gases, and fumes",Somalia,207.8810367,6126.360317,Somalia,50.23031834,210.7937796,15.99781909,7026797,2.747852453,NA,1992.343586,111430.1307,Somalia,10.48131603,18
SOM,1994,Occupational risks,Somalia,333.1039979,12384.43729,Somalia,50.23031834,210.7937796,15.99781909,7026797,2.747852453,NA,1992.343586,111430.1307,Somalia,4.638605144,18
SOM,1995,Occupational asthmagens,Somalia,118.8218873,6189.088241,Somalia,50.20165389,210.6732546,15.82635824,7285007,2.725543023,NA,2034.006394,113597.0325,Somalia,24.81603249,18
SOM,1995,Occupational carcinogens,Somalia,11.17313154,325.8728439,Somalia,50.20165389,210.6732546,15.82635824,7285007,2.725543023,NA,2034.006394,113597.0325,Somalia,0.732641755,18
SOM,1995,"Occupational particulate matter, gases, and fumes",Somalia,212.9957094,6334.954645,Somalia,50.20165389,210.6732546,15.82635824,7285007,2.725543023,NA,2034.006394,113597.0325,Somalia,10.36656405,18
SOM,1995,Occupational risks,Somalia,342.9907283,12849.91573,Somalia,50.20165389,210.6732546,15.82635824,7285007,2.725543023,NA,2034.006394,113597.0325,Somalia,4.595964983,18
SOM,1996,Occupational asthmagens,Somalia,121.8707818,6358.369287,Somalia,50.17517436,237.241441,17.14538734,7554474,2.701445706,NA,2067.154573,115367.9902,Somalia,24.69403396,18
SOM,1996,Occupational carcinogens,Somalia,11.47426342,336.6030166,Somalia,50.17517436,237.241441,17.14538734,7554474,2.701445706,NA,2067.154573,115367.9902,Somalia,0.728446441,18
SOM,1996,"Occupational particulate matter, gases, and fumes",Somalia,217.1355785,6509.179087,Somalia,50.17517436,237.241441,17.14538734,7554474,2.701445706,NA,2067.154573,115367.9902,Somalia,10.29088512,18
SOM,1996,Occupational risks,Somalia,350.4806237,13204.15139,Somalia,50.17517436,237.241441,17.14538734,7554474,2.701445706,NA,2067.154573,115367.9902,Somalia,4.568751575,18
SOM,1997,Occupational asthmagens,Somalia,125.4061859,6566.029346,Somalia,50.14869273,280.1127242,20.2907644,7824525,2.673727798,NA,2099.969189,117225.0691,Somalia,24.95580056,18
SOM,1997,Occupational carcinogens,Somalia,11.78735132,347.5552714,Somalia,50.14869273,280.1127242,20.2907644,7824525,2.673727798,NA,2099.969189,117225.0691,Somalia,0.73095772,18
SOM,1997,"Occupational particulate matter, gases, and fumes",Somalia,221.1340613,6681.387194,Somalia,50.14869273,280.1127242,20.2907644,7824525,2.673727798,NA,2099.969189,117225.0691,Somalia,10.24996293,18
SOM,1997,Occupational risks,Somalia,358.3275985,13594.97181,Somalia,50.14869273,280.1127242,20.2907644,7824525,2.673727798,NA,2099.969189,117225.0691,Somalia,4.596808914,18
SOM,1998,Occupational asthmagens,Somalia,128.4836395,6748.066147,Somalia,50.12238493,363.2000135,24.04492412,8155417,2.646038823,NA,2132.401054,119075.895,Somalia,25.12017468,18
SOM,1998,Occupational carcinogens,Somalia,12.09656743,358.0011351,Somalia,50.12238493,363.2000135,24.04492412,8155417,2.646038823,NA,2132.401054,119075.895,Somalia,0.736609472,18
SOM,1998,"Occupational particulate matter, gases, and fumes",Somalia,225.158523,6850.344564,Somalia,50.12238493,363.2000135,24.04492412,8155417,2.646038823,NA,2132.401054,119075.895,Somalia,10.21976147,18
SOM,1998,Occupational risks,Somalia,365.7387299,13956.41185,Somalia,50.12238493,363.2000135,24.04492412,8155417,2.646038823,NA,2132.401054,119075.895,Somalia,4.615276169,18
SOM,1999,Occupational asthmagens,Somalia,131.0494911,6918.493285,Somalia,50.09717312,358.6587808,27.19030119,8492059,2.622214317,NA,2156.588665,120674.0952,Somalia,25.35393304,18
SOM,1999,Occupational carcinogens,Somalia,12.35746318,366.6302458,Somalia,50.09717312,358.6587808,27.19030119,8492059,2.622214317,NA,2156.588665,120674.0952,Somalia,0.746634209,18
SOM,1999,"Occupational particulate matter, gases, and fumes",Somalia,228.421907,6996.801779,Somalia,50.09717312,358.6587808,27.19030119,8492059,2.622214317,NA,2156.588665,120674.0952,Somalia,10.19424404,18
SOM,1999,Occupational risks,Somalia,371.8288612,14281.92531,Somalia,50.09717312,358.6587808,27.19030119,8492059,2.622214317,NA,2156.588665,120674.0952,Somalia,4.64715658,18
SOM,2000,Occupational asthmagens,Somalia,134.1875392,7105.748797,Somalia,50.07311585,386.1192744,28.50933028,8838713,2.601956869,NA,2188.307534,122674.6425,Somalia,25.60190249,18
SOM,2000,Occupational carcinogens,Somalia,12.72925249,378.2857871,Somalia,50.07311585,386.1192744,28.50933028,8838713,2.601956869,NA,2188.307534,122674.6425,Somalia,0.759300799,18
SOM,2000,"Occupational particulate matter, gases, and fumes",Somalia,232.67483,7166.552709,Somalia,50.07311585,386.1192744,28.50933028,8838713,2.601956869,NA,2188.307534,122674.6425,Somalia,10.18759976,18
SOM,2000,Occupational risks,Somalia,379.5916216,14650.58729,Somalia,50.07311585,386.1192744,28.50933028,8838713,2.601956869,NA,2188.307534,122674.6425,Somalia,4.683877881,18
SOM,2001,Occupational asthmagens,Somalia,135.6653272,7215.616439,Somalia,50.05021475,244.9148425,27.89014938,9198493,2.586537817,NA,2199.292279,123799.8044,Somalia,25.79239743,18
SOM,2001,Occupational carcinogens,Somalia,12.93543066,384.700664,Somalia,50.05021475,244.9148425,27.89014938,9198493,2.586537817,NA,2199.292279,123799.8044,Somalia,0.771028972,18
SOM,2001,"Occupational particulate matter, gases, and fumes",Somalia,235.0623354,7282.552414,Somalia,50.05021475,244.9148425,27.89014938,9198493,2.586537817,NA,2199.292279,123799.8044,Somalia,10.19559327,18
SOM,2001,Occupational risks,Somalia,383.6630933,14882.86952,Somalia,50.05021475,244.9148425,27.89014938,9198493,2.586537817,NA,2199.292279,123799.8044,Somalia,4.714152525,18
SOM,2002,Occupational asthmagens,Somalia,136.9475089,7303.061692,Somalia,50.0285862,229.5989183,26.41364109,9550063,2.576642688,NA,2218.129782,125221.6412,Somalia,25.93718713,18
SOM,2002,Occupational carcinogens,Somalia,13.22048982,392.7090151,Somalia,50.0285862,229.5989183,26.41364109,9550063,2.576642688,NA,2218.129782,125221.6412,Somalia,0.784202408,18
SOM,2002,"Occupational particulate matter, gases, and fumes",Somalia,238.7827247,7425.966766,Somalia,50.0285862,229.5989183,26.41364109,9550063,2.576642688,NA,2218.129782,125221.6412,Somalia,10.21267899,18
SOM,2002,Occupational risks,Somalia,388.9507234,15121.73747,Somalia,50.0285862,229.5989183,26.41364109,9550063,2.576642688,NA,2218.129782,125221.6412,Somalia,4.741526488,18
SOM,2003,Occupational asthmagens,Somalia,138.0003279,7373.75922,Somalia,50.00897655,286.2730252,24.65135699,9909157,2.567897552,NA,2245.901999,127137.3557,Somalia,25.94983293,18
SOM,2003,Occupational carcinogens,Somalia,13.51148493,400.9148589,Somalia,50.00897655,286.2730252,24.65135699,9909157,2.567897552,NA,2245.901999,127137.3557,Somalia,0.800584156,18
SOM,2003,"Occupational particulate matter, gases, and fumes",Somalia,243.1470236,7588.724387,Somalia,50.00897655,286.2730252,24.65135699,9909157,2.567897552,NA,2245.901999,127137.3557,Somalia,10.25210177,18
SOM,2003,Occupational risks,Somalia,394.6588365,15363.39847,Somalia,50.00897655,286.2730252,24.65135699,9909157,2.567897552,NA,2245.901999,127137.3557,Somalia,4.756646918,18
SOM,2004,Occupational asthmagens,Somalia,139.5424309,7460.090935,Somalia,49.99182959,375.4103262,23.1748487,10280998,2.554037069,NA,2286.620978,129582.9028,Somalia,25.91209984,18
SOM,2004,Occupational carcinogens,Somalia,13.8746443,411.3075629,Somalia,49.99182959,375.4103262,23.1748487,10280998,2.554037069,NA,2286.620978,129582.9028,Somalia,0.816771101,18
SOM,2004,"Occupational particulate matter, gases, and fumes",Somalia,248.8730522,7787.222827,Somalia,49.99182959,375.4103262,23.1748487,10280998,2.554037069,NA,2286.620978,129582.9028,Somalia,10.30709159,18
SOM,2004,Occupational risks,Somalia,402.2901274,15658.62133,Somalia,49.99182959,375.4103262,23.1748487,10280998,2.554037069,NA,2286.620978,129582.9028,Somalia,4.765275853,18
SOM,2005,Occupational asthmagens,Somalia,141.3554489,7568.448944,Somalia,49.97556422,439.9799078,22.5556678,10644228,2.53413869,NA,2325.235716,131981.9886,Somalia,26.11598825,18
SOM,2005,Occupational carcinogens,Somalia,14.18346736,419.8205143,Somalia,49.97556422,439.9799078,22.5556678,10644228,2.53413869,NA,2325.235716,131981.9886,Somalia,0.834148309,18
SOM,2005,"Occupational particulate matter, gases, and fumes",Somalia,254.4351903,7974.798149,Somalia,49.97556422,439.9799078,22.5556678,10644228,2.53413869,NA,2325.235716,131981.9886,Somalia,10.37486325,18
SOM,2005,Occupational risks,Somalia,409.9741066,15963.06761,Somalia,49.97556422,439.9799078,22.5556678,10644228,2.53413869,NA,2325.235716,131981.9886,Somalia,4.806669183,18
SOM,2006,Occupational asthmagens,Somalia,143.6673684,7685.348707,Somalia,49.96082184,457.9966622,22.59636277,10975502,2.511712107,NA,2391.306401,135620.8737,Somalia,26.10682286,18
SOM,2006,Occupational carcinogens,Somalia,14.63842388,432.1974904,Somalia,49.96082184,457.9966622,22.59636277,10975502,2.511712107,NA,2391.306401,135620.8737,Somalia,0.843317672,18
SOM,2006,"Occupational particulate matter, gases, and fumes",Somalia,262.7257913,8232.471163,Somalia,49.96082184,457.9966622,22.59636277,10975502,2.511712107,NA,2391.306401,135620.8737,Somalia,10.44347659,18
SOM,2006,Occupational risks,Somalia,421.0315836,16350.01736,Somalia,49.96082184,457.9966622,22.59636277,10975502,2.511712107,NA,2391.306401,135620.8737,Somalia,4.81523999,18
SOM,2007,Occupational asthmagens,Somalia,146.3007825,7811.784563,Somalia,49.94895598,479.6356281,22.73108592,11322582,2.488191408,NA,2475.585246,140809.0029,Somalia,26.04803125,18
SOM,2007,Occupational carcinogens,Somalia,15.07083335,443.6275438,Somalia,49.94895598,479.6356281,22.73108592,11322582,2.488191408,NA,2475.585246,140809.0029,Somalia,0.845710243,18
SOM,2007,"Occupational particulate matter, gases, and fumes",Somalia,271.008092,8487.689202,Somalia,49.94895598,479.6356281,22.73108592,11322582,2.488191408,NA,2475.585246,140809.0029,Somalia,10.49984181,18
SOM,2007,Occupational risks,Somalia,432.3797078,16743.10131,Somalia,49.94895598,479.6356281,22.73108592,11322582,2.488191408,NA,2475.585246,140809.0029,Somalia,4.811436254,18
SOM,2008,Occupational asthmagens,Somalia,149.4923795,7962.953652,Somalia,49.93876405,507.0374433,22.97879459,11663084,2.465407091,NA,2583.832028,147340.0275,Somalia,25.8981294,18
SOM,2008,Occupational carcinogens,Somalia,15.58701563,457.35941330000003,Somalia,49.93876405,507.0374433,22.97879459,11663084,2.465407091,NA,2583.832028,147340.0275,Somalia,0.844877253,18
SOM,2008,"Occupational particulate matter, gases, and fumes",Somalia,280.924889,8783.637786,Somalia,49.93876405,507.0374433,22.97879459,11663084,2.465407091,NA,2583.832028,147340.0275,Somalia,10.54723012,18
SOM,2008,Occupational risks,Somalia,446.0042841,17203.95085,Somalia,49.93876405,507.0374433,22.97879459,11663084,2.465407091,NA,2583.832028,147340.0275,Somalia,4.794944535,18
SOM,2009,Occupational asthmagens,Somalia,152.972463,8119.956123,Somalia,49.92775391,246.5132517,23.3584461,11961201,2.445452593,NA,2675.658365,152075.1852,Somalia,25.7719411,18
SOM,2009,Occupational carcinogens,Somalia,16.13680637,471.91344,Somalia,49.92775391,246.5132517,23.3584461,11961201,2.445452593,NA,2675.658365,152075.1852,Somalia,0.841928193,18
SOM,2009,"Occupational particulate matter, gases, and fumes",Somalia,291.4128331,9095.985664,Somalia,49.92775391,246.5132517,23.3584461,11961201,2.445452593,NA,2675.658365,152075.1852,Somalia,10.59040669,18
SOM,2009,Occupational risks,Somalia,460.5221025,17687.85523,Somalia,49.92775391,246.5132517,23.3584461,11961201,2.445452593,NA,2675.658365,152075.1852,Somalia,4.780638449,18
SOM,2010,Occupational asthmagens,Somalia,156.1828643,8277.955515,Somalia,49.92099011,219.2024539,23.88899781,12261756,2.426145063,NA,2753.530087,156362.0228,Somalia,25.69113782,18
SOM,2010,Occupational carcinogens,Somalia,16.55573053,483.3771789,Somalia,49.92099011,219.2024539,23.88899781,12261756,2.426145063,NA,2753.530087,156362.0228,Somalia,0.84083673,18
SOM,2010,"Occupational particulate matter, gases, and fumes",Somalia,299.9956368,9369.887518,Somalia,49.92099011,219.2024539,23.88899781,12261756,2.426145063,NA,2753.530087,156362.0228,Somalia,10.62390195,18
SOM,2010,Occupational risks,Somalia,472.7342317,18131.22021,Somalia,49.92099011,219.2024539,23.88899781,12261756,2.426145063,NA,2753.530087,156362.0228,Somalia,4.774599457,18
SOM,2011,Occupational asthmagens,Somalia,157.2347072,8361.90132,Somalia,49.92388348,235.3259456,27.74333206,12348830,2.383764292,NA,2789.14026,158241.326,Somalia,25.71803085,18
SOM,2011,Occupational carcinogens,Somalia,16.7339254,487.86553,Somalia,49.92388348,235.3259456,27.74333206,12348830,2.383764292,NA,2789.14026,158241.326,Somalia,0.842553108,18
SOM,2011,"Occupational particulate matter, gases, and fumes",Somalia,304.1742303,9510.89693,Somalia,49.92388348,235.3259456,27.74333206,12348830,2.383764292,NA,2789.14026,158241.326,Somalia,10.63875047,18
SOM,2011,Occupational risks,Somalia,478.1428629,18360.66378,Somalia,49.92388348,235.3259456,27.74333206,12348830,2.383764292,NA,2789.14026,158241.326,Somalia,4.78291899,18
SOM,2012,Occupational asthmagens,Somalia,156.7300441,8366.21238,Somalia,49.92613047,350.2619467,29.2235174,12461160,2.349046864,NA,2792.366412,158435.4294,Somalia,25.81187084,18
SOM,2012,Occupational carcinogens,Somalia,16.74643769,486.5764839,Somalia,49.92613047,350.2619467,29.2235174,12461160,2.349046864,NA,2792.366412,158435.4294,Somalia,0.844885714,18
SOM,2012,"Occupational particulate matter, gases, and fumes",Somalia,305.456845,9560.655975,Somalia,49.92613047,350.2619467,29.2235174,12461160,2.349046864,NA,2792.366412,158435.4294,Somalia,10.65299606,18
SOM,2012,Occupational risks,Somalia,478.9333268,18413.44484,Somalia,49.92613047,350.2619467,29.2235174,12461160,2.349046864,NA,2792.366412,158435.4294,Somalia,4.799839643,18
SOM,2013,Occupational asthmagens,Somalia,160.1829344,8574.634481,Somalia,49.92115136,393.398705,27.54794154,12869594,2.350349889,NA,2832.069835,160132.4463,Somalia,26.1346199,18
SOM,2013,Occupational carcinogens,Somalia,17.05045706,494.1450653,Somalia,49.92115136,393.398705,27.54794154,12869594,2.350349889,NA,2832.069835,160132.4463,Somalia,0.851031709,18
SOM,2013,"Occupational particulate matter, gases, and fumes",Somalia,312.3123873,9787.896973,Somalia,49.92115136,393.398705,27.54794154,12869594,2.350349889,NA,2832.069835,160132.4463,Somalia,10.67688291,18
SOM,2013,Occupational risks,Somalia,489.5457787,18856.67652,Somalia,49.92115136,393.398705,27.54794154,12869594,2.350349889,NA,2832.069835,160132.4463,Somalia,4.849613366,18
SOM,2014,Occupational asthmagens,Somalia,164.1493365,8812.582049,Somalia,49.91615497,429.431656,25.44048642,13339491,2.362608888,NA,2895.5206,162864.5466,Somalia,26.19276801,18
SOM,2014,Occupational carcinogens,Somalia,17.52163124,506.3727255,Somalia,49.91615497,429.431656,25.44048642,13339491,2.362608888,NA,2895.5206,162864.5466,Somalia,0.851816292,18
SOM,2014,"Occupational particulate matter, gases, and fumes",Somalia,322.45228,10098.9789,Somalia,49.91615497,429.431656,25.44048642,13339491,2.362608888,NA,2895.5206,162864.5466,Somalia,10.68807601,18
SOM,2014,Occupational risks,Somalia,504.1232478,19417.93368,Somalia,49.91615497,429.431656,25.44048642,13339491,2.362608888,NA,2895.5206,162864.5466,Somalia,4.857747164,18
SOM,2015,Occupational asthmagens,Somalia,168.1911376,9060.764075,Somalia,49.91242101,445.5830786,24.73237336,13806963,2.392332681,NA,2949.965771,164772.6299,Somalia,26.23914939,18
SOM,2015,Occupational carcinogens,Somalia,18.05243041,520.3321514,Somalia,49.91242101,445.5830786,24.73237336,13806963,2.392332681,NA,2949.965771,164772.6299,Somalia,0.853687206,18
SOM,2015,"Occupational particulate matter, gases, and fumes",Somalia,332.8103249,10416.30194,Somalia,49.91242101,445.5830786,24.73237336,13806963,2.392332681,NA,2949.965771,164772.6299,Somalia,10.69771404,18
SOM,2015,Occupational risks,Somalia,519.0538929,19997.39817,Somalia,49.91242101,445.5830786,24.73237336,13806963,2.392332681,NA,2949.965771,164772.6299,Somalia,4.863992727,18
SOM,2016,Occupational asthmagens,Somalia,172.4355036,9322.355897,Somalia,49.91018027,460.928492,25.30113953,14348740,2.431133326,NA,3021.712685,168073.5411,Somalia,26.22139995,18
SOM,2016,Occupational carcinogens,Somalia,18.56397704,533.8413483,Somalia,49.91018027,460.928492,25.30113953,14348740,2.431133326,NA,3021.712685,168073.5411,Somalia,0.852619226,18
SOM,2016,"Occupational particulate matter, gases, and fumes",Somalia,343.659482,10749.32876,Somalia,49.91018027,460.928492,25.30113953,14348740,2.431133326,NA,3021.712685,168073.5411,Somalia,10.69632168,18
SOM,2016,Occupational risks,Somalia,534.6589626,20605.52601,Somalia,49.91018027,460.928492,25.30113953,14348740,2.431133326,NA,3021.712685,168073.5411,Somalia,4.856502884,18
SOM,2017,Occupational asthmagens,Somalia,176.5722668,9588.473639,Somalia,49.91011375,510.939953,26.64046837,14916629,2.461893285,NA,3087.465442,170980.8414,Somalia,26.17802375,18
SOM,2017,Occupational carcinogens,Somalia,19.10112015,548.2000384,Somalia,49.91011375,510.939953,26.64046837,14916629,2.461893285,NA,3087.465442,170980.8414,Somalia,0.850085434,18
SOM,2017,"Occupational particulate matter, gases, and fumes",Somalia,354.5477611,11087.55242,Somalia,49.91011375,510.939953,26.64046837,14916629,2.461893285,NA,3087.465442,170980.8414,Somalia,10.68504477,18
SOM,2017,Occupational risks,Somalia,550.221148,21224.2261,Somalia,49.91011375,510.939953,26.64046837,14916629,2.461893285,NA,3087.465442,170980.8414,Somalia,4.842110059,18
SOM,2018,Occupational asthmagens,Somalia,180.8259523,9868.02807,Somalia,49.90928645,509.5258024,27.08884707,15452487,2.488858347,NA,3176.420046,175593.8938,Somalia,26.10205489,18
SOM,2018,Occupational carcinogens,Somalia,19.68848899,564.489804,Somalia,49.90928645,509.5258024,27.08884707,15452487,2.488858347,NA,3176.420046,175593.8938,Somalia,0.846611383,18
SOM,2018,"Occupational particulate matter, gases, and fumes",Somalia,366.236741,11455.68969,Somalia,49.90928645,509.5258024,27.08884707,15452487,2.488858347,NA,3176.420046,175593.8938,Somalia,10.67452241,18
SOM,2018,Occupational risks,Somalia,566.7511822,21888.20756,Somalia,49.90928645,509.5258024,27.08884707,15452487,2.488858347,NA,3176.420046,175593.8938,Somalia,4.824473314,18
SOM,2019,Occupational asthmagens,Somalia,185.7214127,10178.36831,Somalia,49.90570751,539.8939316,22.83604392,16030971,2.517773253,NA,3269.291502,180666.4419,Somalia,26.11877177,18
SOM,2019,Occupational carcinogens,Somalia,20.3043815,581.754003,Somalia,49.90570751,539.8939316,22.83604392,16030971,2.517773253,NA,3269.291502,180666.4419,Somalia,0.847946198,18
SOM,2019,"Occupational particulate matter, gases, and fumes",Somalia,377.6980954,11820.81249,Somalia,49.90570751,539.8939316,22.83604392,16030971,2.517773253,NA,3269.291502,180666.4419,Somalia,10.67409012,18
SOM,2019,Occupational risks,Somalia,583.7238896,22580.93481,Somalia,49.90570751,539.8939316,22.83604392,16030971,2.517773253,NA,3269.291502,180666.4419,Somalia,4.826031962,18
SOM,2020,Occupational asthmagens,Somalia,189.9720946,10492.77723,Somalia,49.9006017,518.1847785,24.52510822,16651191,2.537229996,NA,3318.642444,184170.1234,Somalia,26.14674657,18
SOM,2020,Occupational carcinogens,Somalia,20.73003869,596.2991836,Somalia,49.9006017,518.1847785,24.52510822,16651191,2.537229996,NA,3318.642444,184170.1234,Somalia,0.85041865,18
SOM,2020,"Occupational particulate matter, gases, and fumes",Somalia,384.3607161,12105.59144,Somalia,49.9006017,518.1847785,24.52510822,16651191,2.537229996,NA,3318.642444,184170.1234,Somalia,10.66426367,18
SOM,2020,Occupational risks,Somalia,595.0628494,23194.66786,Somalia,49.9006017,518.1847785,24.52510822,16651191,2.537229996,NA,3318.642444,184170.1234,Somalia,4.828356852,18
SOM,2021,Occupational asthmagens,Somalia,192.8542337,10752.54684,Somalia,49.89607983,549.1147435,NA,17271431,2.537097171,NA,3302.790093,185648.6612,Somalia,26.19332816,18
SOM,2021,Occupational carcinogens,Somalia,20.76194129,602.7620677,Somalia,49.89607983,549.1147435,NA,17271431,2.537097171,NA,3302.790093,185648.6612,Somalia,0.854565889,18
SOM,2021,"Occupational particulate matter, gases, and fumes",Somalia,382.1871563,12194.43299,Somalia,49.89607983,549.1147435,NA,17271431,2.537097171,NA,3302.790093,185648.6612,Somalia,10.64664644,18
SOM,2021,Occupational risks,Somalia,595.8033313,23549.7419,Somalia,49.89607983,549.1147435,NA,17271431,2.537097171,NA,3302.790093,185648.6612,Somalia,4.832159642,18
SYR,1990,Occupational asthmagens,Syrian Arab Republic,44.60328586,2309.575152,Syrian Arab Republic,49.29859654,978.489617,25.87324806,12579208,2.951072236,NA,2118.50644,97107.42841,Syrian Arab Republic,13.96830971,19
SYR,1990,Occupational carcinogens,Syrian Arab Republic,0.439169324,22.23108912,Syrian Arab Republic,49.29859654,978.489617,25.87324806,12579208,2.951072236,NA,2118.50644,97107.42841,Syrian Arab Republic,0.909639578,19
SYR,1990,"Occupational particulate matter, gases, and fumes",Syrian Arab Republic,147.0048637,4055.096141,Syrian Arab Republic,49.29859654,978.489617,25.87324806,12579208,2.951072236,NA,2118.50644,97107.42841,Syrian Arab Republic,7.043931172,19
SYR,1990,Occupational risks,Syrian Arab Republic,192.0473189,6386.902382,Syrian Arab Republic,49.29859654,978.489617,25.87324806,12579208,2.951072236,NA,2118.50644,97107.42841,Syrian Arab Republic,2.763995989,19
SYR,1991,Occupational asthmagens,Syrian Arab Republic,46.00396962,2375.156857,Syrian Arab Republic,49.31913783,1000.077987,26.11119505,12980821,2.994806723,NA,2176.611802,99445.63708,Syrian Arab Republic,13.97651567,19
SYR,1991,Occupational carcinogens,Syrian Arab Republic,0.458613553,23.25073676,Syrian Arab Republic,49.31913783,1000.077987,26.11119505,12980821,2.994806723,NA,2176.611802,99445.63708,Syrian Arab Republic,0.919771061,19
SYR,1991,"Occupational particulate matter, gases, and fumes",Syrian Arab Republic,154.4858399,4267.747258,Syrian Arab Republic,49.31913783,1000.077987,26.11119505,12980821,2.994806723,NA,2176.611802,99445.63708,Syrian Arab Republic,7.048102035,19
SYR,1991,Occupational risks,Syrian Arab Republic,200.948423,6666.154852,Syrian Arab Republic,49.31913783,1000.077987,26.11119505,12980821,2.994806723,NA,2176.611802,99445.63708,Syrian Arab Republic,2.771099881,19
SYR,1992,Occupational asthmagens,Syrian Arab Republic,48.96606434,2498.63335,Syrian Arab Republic,49.33832856,990.1382512,26.25413967,13385571,3.038701151,NA,2283.868702,103083.1521,Syrian Arab Republic,14.03099756,19
SYR,1992,Occupational carcinogens,Syrian Arab Republic,0.487850561,24.57307967,Syrian Arab Republic,49.33832856,990.1382512,26.25413967,13385571,3.038701151,NA,2283.868702,103083.1521,Syrian Arab Republic,0.934351286,19
SYR,1992,"Occupational particulate matter, gases, and fumes",Syrian Arab Republic,166.6280134,4596.165129,Syrian Arab Republic,49.33832856,990.1382512,26.25413967,13385571,3.038701151,NA,2283.868702,103083.1521,Syrian Arab Republic,7.050524394,19
SYR,1992,Occupational risks,Syrian Arab Republic,216.0819283,7119.371559,Syrian Arab Republic,49.33832856,990.1382512,26.25413967,13385571,3.038701151,NA,2283.868702,103083.1521,Syrian Arab Republic,2.786541862,19
SYR,1993,Occupational asthmagens,Syrian Arab Republic,47.71098206,2474.864338,Syrian Arab Republic,49.35644017,992.7713675,26.32573723,13795686,3.081100748,NA,2229.08193,102045.7663,Syrian Arab Republic,14.12632238,19
SYR,1993,Occupational carcinogens,Syrian Arab Republic,0.489250965,25.06548837,Syrian Arab Republic,49.35644017,992.7713675,26.32573723,13795686,3.081100748,NA,2229.08193,102045.7663,Syrian Arab Republic,0.951489727,19
SYR,1993,"Occupational particulate matter, gases, and fumes",Syrian Arab Republic,164.7045492,4577.677304,Syrian Arab Republic,49.35644017,992.7713675,26.32573723,13795686,3.081100748,NA,2229.08193,102045.7663,Syrian Arab Republic,7.051521872,19
SYR,1993,Occupational risks,Syrian Arab Republic,212.9047823,7077.60713,Syrian Arab Republic,49.35644017,992.7713675,26.32573723,13795686,3.081100748,NA,2229.08193,102045.7663,Syrian Arab Republic,2.80783598,19
SYR,1994,Occupational asthmagens,Syrian Arab Republic,47.69765704,2491.396126,Syrian Arab Republic,49.37980797,712.3877166,26.34964301,14208583,3.121110076,NA,2244.483599,103064.5557,Syrian Arab Republic,14.14687485,19
SYR,1994,Occupational carcinogens,Syrian Arab Republic,0.503903586,25.97900404,Syrian Arab Republic,49.37980797,712.3877166,26.34964301,14208583,3.121110076,NA,2244.483599,103064.5557,Syrian Arab Republic,0.964059882,19
SYR,1994,"Occupational particulate matter, gases, and fumes",Syrian Arab Republic,168.167716,4692.914657,Syrian Arab Republic,49.37980797,712.3877166,26.34964301,14208583,3.121110076,NA,2244.483599,103064.5557,Syrian Arab Republic,7.050053076,19
SYR,1994,Occupational risks,Syrian Arab Republic,216.3692766,7210.289786,Syrian Arab Republic,49.37980797,712.3877166,26.34964301,14208583,3.121110076,NA,2244.483599,103064.5557,Syrian Arab Republic,2.816964821,19
SYR,1995,Occupational asthmagens,Syrian Arab Republic,47.75049638,2510.455418,Syrian Arab Republic,49.40428484,779.6991002,26.34951233,14616801,3.159545649,NA,2273.051116,104381.4763,Syrian Arab Republic,14.15254964,19
SYR,1995,Occupational carcinogens,Syrian Arab Republic,0.525970645,27.05872553,Syrian Arab Republic,49.40428484,779.6991002,26.34951233,14616801,3.159545649,NA,2273.051116,104381.4763,Syrian Arab Republic,0.973752301,19
SYR,1995,"Occupational particulate matter, gases, and fumes",Syrian Arab Republic,172.156626,4817.4481,Syrian Arab Republic,49.40428484,779.6991002,26.34951233,14616801,3.159545649,NA,2273.051116,104381.4763,Syrian Arab Republic,7.046870867,19
SYR,1995,Occupational risks,Syrian Arab Republic,220.433093,7354.962243,Syrian Arab Republic,49.40428484,779.6991002,26.34951233,14616801,3.159545649,NA,2273.051116,104381.4763,Syrian Arab Republic,2.822563008,19
SYR,1996,Occupational asthmagens,Syrian Arab Republic,47.92829237,2529.565252,Syrian Arab Republic,49.42768408,918.1958574,25.99548801,15018104,3.19712784,NA,2300.830605,104630.0168,Syrian Arab Republic,14.15307299,19
SYR,1996,Occupational carcinogens,Syrian Arab Republic,0.549522598,28.10465844,Syrian Arab Republic,49.42768408,918.1958574,25.99548801,15018104,3.19712784,NA,2300.830605,104630.0168,Syrian Arab Republic,0.981803243,19
SYR,1996,"Occupational particulate matter, gases, and fumes",Syrian Arab Republic,176.7365088,4950.335806,Syrian Arab Republic,49.42768408,918.1958574,25.99548801,15018104,3.19712784,NA,2300.830605,104630.0168,Syrian Arab Republic,7.044240253,19
SYR,1996,Occupational risks,Syrian Arab Republic,225.2143237,7508.005717,Syrian Arab Republic,49.42768408,918.1958574,25.99548801,15018104,3.19712784,NA,2300.830605,104630.0168,Syrian Arab Republic,2.826680221,19
SYR,1997,Occupational asthmagens,Syrian Arab Republic,48.26791539,2537.846991,Syrian Arab Republic,49.45010041,940.8265898,25.15744232,15417542,3.233339555,NA,2342.143552,104879.5275,Syrian Arab Republic,14.10109908,19
SYR,1997,Occupational carcinogens,Syrian Arab Republic,0.578687595,29.26606194,Syrian Arab Republic,49.45010041,940.8265898,25.15744232,15417542,3.233339555,NA,2342.143552,104879.5275,Syrian Arab Republic,0.984905336,19
SYR,1997,"Occupational particulate matter, gases, and fumes",Syrian Arab Republic,183.5857655,5141.070976,Syrian Arab Republic,49.45010041,940.8265898,25.15744232,15417542,3.233339555,NA,2342.143552,104879.5275,Syrian Arab Republic,7.037879233,19
SYR,1997,Occupational risks,Syrian Arab Republic,232.4323685,7708.184029,Syrian Arab Republic,49.45010041,940.8265898,25.15744232,15417542,3.233339555,NA,2342.143552,104879.5275,Syrian Arab Republic,2.821080769,19
SYR,1998,Occupational asthmagens,Syrian Arab Republic,48.86898999,2554.983281,Syrian Arab Republic,49.46926168,960.8375049,24.15862467,15820413,3.267436824,NA,2403.559692,105562.0211,Syrian Arab Republic,14.03391115,19
SYR,1998,Occupational carcinogens,Syrian Arab Republic,0.614871059,30.63096611,Syrian Arab Republic,49.46926168,960.8375049,24.15862467,15820413,3.267436824,NA,2403.559692,105562.0211,Syrian Arab Republic,0.984676834,19
SYR,1998,"Occupational particulate matter, gases, and fumes",Syrian Arab Republic,193.0859139,5387.664297,Syrian Arab Republic,49.46926168,960.8375049,24.15862467,15820413,3.267436824,NA,2403.559692,105562.0211,Syrian Arab Republic,7.027398757,19
SYR,1998,Occupational risks,Syrian Arab Republic,242.5697749,7973.278543,Syrian Arab Republic,49.46926168,960.8375049,24.15862467,15820413,3.267436824,NA,2403.559692,105562.0211,Syrian Arab Republic,2.810907241,19
SYR,1999,Occupational asthmagens,Syrian Arab Republic,48.04915356,2532.104491,Syrian Arab Republic,49.48655607,978.1745317,23.32228451,16228061,3.296062194,NA,2427.695204,105577.1911,Syrian Arab Republic,13.95748941,19
SYR,1999,Occupational carcinogens,Syrian Arab Republic,0.648417869,31.85969174,Syrian Arab Republic,49.48655607,978.1745317,23.32228451,16228061,3.296062194,NA,2427.695204,105577.1911,Syrian Arab Republic,0.982595881,19
SYR,1999,"Occupational particulate matter, gases, and fumes",Syrian Arab Republic,196.2702094,5492.333821,Syrian Arab Republic,49.48655607,978.1745317,23.32228451,16228061,3.296062194,NA,2427.695204,105577.1911,Syrian Arab Republic,7.014786549,19
SYR,1999,Occupational risks,Syrian Arab Republic,244.9677808,8056.298003,Syrian Arab Republic,49.48655607,978.1745317,23.32228451,16228061,3.296062194,NA,2427.695204,105577.1911,Syrian Arab Republic,2.798174082,19
SYR,2000,Occupational asthmagens,Syrian Arab Republic,46.2178456,2486.598446,Syrian Arab Republic,49.50463665,1138.188485,22.97167124,16637888,3.317906095,NA,2420.986482,103633.8775,Syrian Arab Republic,13.85859252,19
SYR,2000,Occupational carcinogens,Syrian Arab Republic,0.68286306,33.00662996,Syrian Arab Republic,49.50463665,1138.188485,22.97167124,16637888,3.317906095,NA,2420.986482,103633.8775,Syrian Arab Republic,0.977092698,19
SYR,2000,"Occupational particulate matter, gases, and fumes",Syrian Arab Republic,196.4347585,5525.764397,Syrian Arab Republic,49.50463665,1138.188485,22.97167124,16637888,3.317906095,NA,2420.986482,103633.8775,Syrian Arab Republic,7.000475641,19
SYR,2000,Occupational risks,Syrian Arab Republic,243.3354672,8045.369473,Syrian Arab Republic,49.50463665,1138.188485,22.97167124,16637888,3.317906095,NA,2420.986482,103633.8775,Syrian Arab Republic,2.780001935,19
SYR,2001,Occupational asthmagens,Syrian Arab Republic,42.81781767,2388.285403,Syrian Arab Republic,49.52295239,1186.829135,23.03977439,17051338,3.338521098,NA,2375.646611,102848.2278,Syrian Arab Republic,13.62851116,19
SYR,2001,Occupational carcinogens,Syrian Arab Republic,0.701936662,33.86144752,Syrian Arab Republic,49.52295239,1186.829135,23.03977439,17051338,3.338521098,NA,2375.646611,102848.2278,Syrian Arab Republic,0.960098376,19
SYR,2001,"Occupational particulate matter, gases, and fumes",Syrian Arab Republic,193.3389486,5465.081906,Syrian Arab Republic,49.52295239,1186.829135,23.03977439,17051338,3.338521098,NA,2375.646611,102848.2278,Syrian Arab Republic,6.979686321,19
SYR,2001,Occupational risks,Syrian Arab Republic,236.858703,7887.228757,Syrian Arab Republic,49.52295239,1186.829135,23.03977439,17051338,3.338521098,NA,2375.646611,102848.2278,Syrian Arab Republic,2.738438263,19
SYR,2002,Occupational asthmagens,Syrian Arab Republic,41.13632186,2352.70966,Syrian Arab Republic,49.54074319,1183.247345,23.22661491,17468332,3.363752858,NA,2414.154529,104330.6135,Syrian Arab Republic,13.36374765,19
SYR,2002,Occupational carcinogens,Syrian Arab Republic,0.784313072,36.3818622,Syrian Arab Republic,49.54074319,1183.247345,23.22661491,17468332,3.363752858,NA,2414.154529,104330.6135,Syrian Arab Republic,0.942219098,19
SYR,2002,"Occupational particulate matter, gases, and fumes",Syrian Arab Republic,199.2089325,5612.677337,Syrian Arab Republic,49.54074319,1183.247345,23.22661491,17468332,3.363752858,NA,2414.154529,104330.6135,Syrian Arab Republic,6.951413721,19
SYR,2002,Occupational risks,Syrian Arab Republic,241.1295675,8001.768859,Syrian Arab Republic,49.54074319,1183.247345,23.22661491,17468332,3.363752858,NA,2414.154529,104330.6135,Syrian Arab Republic,2.690570997,19
SYR,2003,Occupational asthmagens,Syrian Arab Republic,38.18135839,2271.865278,Syrian Arab Republic,49.55753429,1220.179077,23.50598943,17889296,3.393543362,NA,2321.886195,102372.8015,Syrian Arab Republic,13.05612472,19
SYR,2003,Occupational carcinogens,Syrian Arab Republic,0.829002169,38.05337456,Syrian Arab Republic,49.55753429,1220.179077,23.50598943,17889296,3.393543362,NA,2321.886195,102372.8015,Syrian Arab Republic,0.918255727,19
SYR,2003,"Occupational particulate matter, gases, and fumes",Syrian Arab Republic,193.8204642,5568.447384,Syrian Arab Republic,49.55753429,1220.179077,23.50598943,17889296,3.393543362,NA,2321.886195,102372.8015,Syrian Arab Republic,6.912355961,19
SYR,2003,Occupational risks,Syrian Arab Republic,232.8308247,7878.366037,Syrian Arab Republic,49.55753429,1220.179077,23.50598943,17889296,3.393543362,NA,2321.886195,102372.8015,Syrian Arab Republic,2.632206678,19
SYR,2004,Occupational asthmagens,Syrian Arab Republic,37.38835124,2281.481952,Syrian Arab Republic,49.5652449,1368.114823,23.85169457,18336875,3.417387189,NA,2352.970659,105206.0471,Syrian Arab Republic,12.84973973,19
SYR,2004,Occupational carcinogens,Syrian Arab Republic,0.893311373,40.50428885,Syrian Arab Republic,49.5652449,1368.114823,23.85169457,18336875,3.417387189,NA,2352.970659,105206.0471,Syrian Arab Republic,0.903466287,19
SYR,2004,"Occupational particulate matter, gases, and fumes",Syrian Arab Republic,195.9179323,5687.216472,Syrian Arab Republic,49.5652449,1368.114823,23.85169457,18336875,3.417387189,NA,2352.970659,105206.0471,Syrian Arab Republic,6.861702446,19
SYR,2004,Occupational risks,Syrian Arab Republic,234.1995949,8009.202713,Syrian Arab Republic,49.5652449,1368.114823,23.85169457,18336875,3.417387189,NA,2352.970659,105206.0471,Syrian Arab Republic,2.590832852,19
SYR,2005,Occupational asthmagens,Syrian Arab Republic,36.33783877,2281.467535,Syrian Arab Republic,49.56424948,1533.901665,24.23752694,18814091,3.431196862,NA,2397.481019,108815.3386,Syrian Arab Republic,12.68962149,19
SYR,2005,Occupational carcinogens,Syrian Arab Republic,0.957446422,42.99020058,Syrian Arab Republic,49.56424948,1533.901665,24.23752694,18814091,3.431196862,NA,2397.481019,108815.3386,Syrian Arab Republic,0.894440008,19
SYR,2005,"Occupational particulate matter, gases, and fumes",Syrian Arab Republic,199.5959213,5794.940761,Syrian Arab Republic,49.56424948,1533.901665,24.23752694,18814091,3.431196862,NA,2397.481019,108815.3386,Syrian Arab Republic,6.803013939,19
SYR,2005,Occupational risks,Syrian Arab Republic,236.8912064,8119.398497,Syrian Arab Republic,49.56424948,1533.901665,24.23752694,18814091,3.431196862,NA,2397.481019,108815.3386,Syrian Arab Republic,2.557571874,19
SYR,2006,Occupational asthmagens,Syrian Arab Republic,35.66448845,2305.870372,Syrian Arab Republic,49.57046188,1718.783472,25.00048518,19637022,3.415337025,NA,2477.550373,114459.4938,Syrian Arab Republic,12.54444417,19
SYR,2006,Occupational carcinogens,Syrian Arab Republic,1.027733376,45.88591201,Syrian Arab Republic,49.57046188,1718.783472,25.00048518,19637022,3.415337025,NA,2477.550373,114459.4938,Syrian Arab Republic,0.885256161,19
SYR,2006,"Occupational particulate matter, gases, and fumes",Syrian Arab Republic,204.8004257,5934.837672,Syrian Arab Republic,49.57046188,1718.783472,25.00048518,19637022,3.415337025,NA,2477.550373,114459.4938,Syrian Arab Republic,6.737437818,19
SYR,2006,Occupational risks,Syrian Arab Republic,241.4926475,8286.593956,Syrian Arab Republic,49.57046188,1718.783472,25.00048518,19637022,3.415337025,NA,2477.550373,114459.4938,Syrian Arab Republic,2.525638821,19
SYR,2007,Occupational asthmagens,Syrian Arab Republic,35.74504422,2384.457349,Syrian Arab Republic,49.5839208,1937.611386,26.24555086,20884125,3.370919218,NA,2574.255032,121914.8304,Syrian Arab Republic,12.45112814,19
SYR,2007,Occupational carcinogens,Syrian Arab Republic,1.108017476,49.47388049,Syrian Arab Republic,49.5839208,1937.611386,26.24555086,20884125,3.370919218,NA,2574.255032,121914.8304,Syrian Arab Republic,0.882587935,19
SYR,2007,"Occupational particulate matter, gases, and fumes",Syrian Arab Republic,213.5161705,6173.523379,Syrian Arab Republic,49.5839208,1937.611386,26.24555086,20884125,3.370919218,NA,2574.255032,121914.8304,Syrian Arab Republic,6.653207632,19
SYR,2007,Occupational risks,Syrian Arab Republic,250.3692322,8607.454609,Syrian Arab Republic,49.5839208,1937.611386,26.24555086,20884125,3.370919218,NA,2574.255032,121914.8304,Syrian Arab Republic,2.50238366,19
SYR,2008,Occupational asthmagens,Syrian Arab Republic,37.64360662,2539.137331,Syrian Arab Republic,49.58501037,2429.124771,27.598495110000002,21636564,3.370528241,NA,2779.833253,133400.8252,Syrian Arab Republic,12.49042202,19
SYR,2008,Occupational carcinogens,Syrian Arab Republic,1.23082097,54.25262948,Syrian Arab Republic,49.58501037,2429.124771,27.598495110000002,21636564,3.370528241,NA,2779.833253,133400.8252,Syrian Arab Republic,0.887843006,19
SYR,2008,"Occupational particulate matter, gases, and fumes",Syrian Arab Republic,231.8382185,6630.436694,Syrian Arab Republic,49.58501037,2429.124771,27.598495110000002,21636564,3.370528241,NA,2779.833253,133400.8252,Syrian Arab Republic,6.578961503,19
SYR,2008,Occupational risks,Syrian Arab Republic,270.7126461,9223.826655,Syrian Arab Republic,49.58501037,2429.124771,27.598495110000002,21636564,3.370528241,NA,2779.833253,133400.8252,Syrian Arab Republic,2.500186503,19
SYR,2009,Occupational asthmagens,Syrian Arab Republic,37.55399412,2573.009865,Syrian Arab Republic,49.57758279,2462.201936,28.685089,21976969,3.405014508,NA,2899.452292,138592.166,Syrian Arab Republic,12.40789785,19
SYR,2009,Occupational carcinogens,Syrian Arab Republic,1.33033288,57.49684364,Syrian Arab Republic,49.57758279,2462.201936,28.685089,21976969,3.405014508,NA,2899.452292,138592.166,Syrian Arab Republic,0.885036138,19
SYR,2009,"Occupational particulate matter, gases, and fumes",Syrian Arab Republic,242.2049616,6866.469262,Syrian Arab Republic,49.57758279,2462.201936,28.685089,21976969,3.405014508,NA,2899.452292,138592.166,Syrian Arab Republic,6.538256236,19
SYR,2009,Occupational risks,Syrian Arab Republic,281.0892886,9496.97597,Syrian Arab Republic,49.57758279,2462.201936,28.685089,21976969,3.405014508,NA,2899.452292,138592.166,Syrian Arab Republic,2.483371165,19
SYR,2010,Occupational asthmagens,Syrian Arab Republic,36.5092424,2554.764915,Syrian Arab Republic,49.57366469,2730.614771,29.13110363,22482421,3.431976997,NA,2932.972342,139588.2832,Syrian Arab Republic,12.37519726,19
SYR,2010,Occupational carcinogens,Syrian Arab Republic,1.385603553,59.31309695,Syrian Arab Republic,49.57366469,2730.614771,29.13110363,22482421,3.431976997,NA,2932.972342,139588.2832,Syrian Arab Republic,0.885196548,19
SYR,2010,"Occupational particulate matter, gases, and fumes",Syrian Arab Republic,244.8040284,6933.172461,Syrian Arab Republic,49.57366469,2730.614771,29.13110363,22482421,3.431976997,NA,2932.972342,139588.2832,Syrian Arab Republic,6.503240481,19
SYR,2010,Occupational risks,Syrian Arab Republic,282.6988743,9547.250473,Syrian Arab Republic,49.57366469,2730.614771,29.13110363,22482421,3.431976997,NA,2932.972342,139588.2832,Syrian Arab Republic,2.475062176,19
SYR,2011,Occupational asthmagens,Syrian Arab Republic,36.24025352,2551.607654,Syrian Arab Republic,49.57312448,2952.143494,25.68586673,22878098,3.47450212,NA,3051.035225,143639.3533,Syrian Arab Republic,12.24264864,19
SYR,2011,Occupational carcinogens,Syrian Arab Republic,1.467386752,61.91812765,Syrian Arab Republic,49.57312448,2952.143494,25.68586673,22878098,3.47450212,NA,3051.035225,143639.3533,Syrian Arab Republic,0.877993693,19
SYR,2011,"Occupational particulate matter, gases, and fumes",Syrian Arab Republic,251.9434402,7124.618764,Syrian Arab Republic,49.57312448,2952.143494,25.68586673,22878098,3.47450212,NA,3051.035225,143639.3533,Syrian Arab Republic,6.463669613,19
SYR,2011,Occupational risks,Syrian Arab Republic,289.6510805,9738.144546,Syrian Arab Republic,49.57312448,2952.143494,25.68586673,22878098,3.47450212,NA,3051.035225,143639.3533,Syrian Arab Republic,2.45030502,19
SYR,2012,Occupational asthmagens,Syrian Arab Republic,37.27739462,2574.41039,Syrian Arab Republic,49.59933019,1897.66115,24.54999523,22759763,3.563912409,NA,3099.439582,144049.5326,Syrian Arab Republic,12.31408161,19
SYR,2012,Occupational carcinogens,Syrian Arab Republic,1.530924609,63.32771001,Syrian Arab Republic,49.59933019,1897.66115,24.54999523,22759763,3.563912409,NA,3099.439582,144049.5326,Syrian Arab Republic,0.879714708,19
SYR,2012,"Occupational particulate matter, gases, and fumes",Syrian Arab Republic,255.8732159,7278.321462,Syrian Arab Republic,49.59933019,1897.66115,24.54999523,22759763,3.563912409,NA,3099.439582,144049.5326,Syrian Arab Republic,6.462523624,19
SYR,2012,Occupational risks,Syrian Arab Republic,294.6815351,9916.059562,Syrian Arab Republic,49.59933019,1897.66115,24.54999523,22759763,3.563912409,NA,3099.439582,144049.5326,Syrian Arab Republic,2.458628868,19
SYR,2013,Occupational asthmagens,Syrian Arab Republic,37.69284704,2480.859316,Syrian Arab Republic,49.64590257,985.8926692,26.315163,21666917,3.754057309,NA,3164.961043,141607.0227,Syrian Arab Republic,12.22707587,19
SYR,2013,Occupational carcinogens,Syrian Arab Republic,1.59251446,62.96207791,Syrian Arab Republic,49.64590257,985.8926692,26.315163,21666917,3.754057309,NA,3164.961043,141607.0227,Syrian Arab Republic,0.861843734,19
SYR,2013,"Occupational particulate matter, gases, and fumes",Syrian Arab Republic,262.0989662,7403.072569,Syrian Arab Republic,49.64590257,985.8926692,26.315163,21666917,3.754057309,NA,3164.961043,141607.0227,Syrian Arab Republic,6.547666825,19
SYR,2013,Occupational risks,Syrian Arab Republic,301.3843277,9946.893963,Syrian Arab Republic,49.64590257,985.8926692,26.315163,21666917,3.754057309,NA,3164.961043,141607.0227,Syrian Arab Republic,2.444987312,19
SYR,2014,Occupational asthmagens,Syrian Arab Republic,37.620043,2318.527573,Syrian Arab Republic,49.69285515,1060.591059,25.73241889,20273659,3.989454987,NA,3224.563213,136335.5573,Syrian Arab Republic,12.05383119,19
SYR,2014,Occupational carcinogens,Syrian Arab Republic,1.649792191,61.37543014,Syrian Arab Republic,49.69285515,1060.591059,25.73241889,20273659,3.989454987,NA,3224.563213,136335.5573,Syrian Arab Republic,0.829674572,19
SYR,2014,"Occupational particulate matter, gases, and fumes",Syrian Arab Republic,268.7490756,7494.145453,Syrian Arab Republic,49.69285515,1060.591059,25.73241889,20273659,3.989454987,NA,3224.563213,136335.5573,Syrian Arab Republic,6.71498249,19
SYR,2014,Occupational risks,Syrian Arab Republic,308.0189108,9874.048457,Syrian Arab Republic,49.69285515,1060.591059,25.73241889,20273659,3.989454987,NA,3224.563213,136335.5573,Syrian Arab Republic,2.419861709,19
SYR,2015,Occupational asthmagens,Syrian Arab Republic,37.57304869,2192.613096,Syrian Arab Republic,49.76331066,847.7316319,26.97950237,19424618,4.169850341,NA,3247.811094,130930.5943,Syrian Arab Republic,11.86159198,19
SYR,2015,Occupational carcinogens,Syrian Arab Republic,1.678915818,59.67063587,Syrian Arab Republic,49.76331066,847.7316319,26.97950237,19424618,4.169850341,NA,3247.811094,130930.5943,Syrian Arab Republic,0.795131994,19
SYR,2015,"Occupational particulate matter, gases, and fumes",Syrian Arab Republic,273.263731,7572.731126,Syrian Arab Republic,49.76331066,847.7316319,26.97950237,19424618,4.169850341,NA,3247.811094,130930.5943,Syrian Arab Republic,6.856732614,19
SYR,2015,Occupational risks,Syrian Arab Republic,312.5156955,9825.014858,Syrian Arab Republic,49.76331066,847.7316319,26.97950237,19424618,4.169850341,NA,3247.811094,130930.5943,Syrian Arab Republic,2.38839543,19
SYR,2016,Occupational asthmagens,Syrian Arab Republic,37.7902446,2123.787851,Syrian Arab Republic,49.84944123,656.3490586,25.57061702,19193834,4.292430691,NA,3315.253208,128030.1096,Syrian Arab Republic,11.70219543,19
SYR,2016,Occupational carcinogens,Syrian Arab Republic,1.770154428,60.51904695,Syrian Arab Republic,49.84944123,656.3490586,25.57061702,19193834,4.292430691,NA,3315.253208,128030.1096,Syrian Arab Republic,0.7685925,19
SYR,2016,"Occupational particulate matter, gases, and fumes",Syrian Arab Republic,281.5678894,7729.018818,Syrian Arab Republic,49.84944123,656.3490586,25.57061702,19193834,4.292430691,NA,3315.253208,128030.1096,Syrian Arab Republic,6.916155369,19
SYR,2016,Occupational risks,Syrian Arab Republic,321.1282884,9913.325715,Syrian Arab Republic,49.84944123,656.3490586,25.57061702,19193834,4.292430691,NA,3315.253208,128030.1096,Syrian Arab Republic,2.358363712,19
SYR,2017,Occupational asthmagens,Syrian Arab Republic,38.09130021,2087.255431,Syrian Arab Republic,49.9237204,851.5020053,24.58144406,19224668,4.396697514,NA,3381.969832,126452.795,Syrian Arab Republic,11.55153427,19
SYR,2017,Occupational carcinogens,Syrian Arab Republic,1.869288933,62.12705323,Syrian Arab Republic,49.9237204,851.5020053,24.58144406,19224668,4.396697514,NA,3381.969832,126452.795,Syrian Arab Republic,0.748727348,19
SYR,2017,"Occupational particulate matter, gases, and fumes",Syrian Arab Republic,289.4653772,7899.892158,Syrian Arab Republic,49.9237204,851.5020053,24.58144406,19224668,4.396697514,NA,3381.969832,126452.795,Syrian Arab Republic,6.914209668,19
SYR,2017,Occupational risks,Syrian Arab Republic,329.4259663,10049.27464,Syrian Arab Republic,49.9237204,851.5020053,24.58144406,19224668,4.396697514,NA,3381.969832,126452.795,Syrian Arab Republic,2.328174875,19
SYR,2018,Occupational asthmagens,Syrian Arab Republic,38.27409276,2062.893375,Syrian Arab Republic,49.98060052,1098.066864,25.9590823,19577845,4.466617751,NA,3442.406806,125434.313,Syrian Arab Republic,11.43325433,19
SYR,2018,Occupational carcinogens,Syrian Arab Republic,1.967662222,63.89993425,Syrian Arab Republic,49.98060052,1098.066864,25.9590823,19577845,4.466617751,NA,3442.406806,125434.313,Syrian Arab Republic,0.735607876,19
SYR,2018,"Occupational particulate matter, gases, and fumes",Syrian Arab Republic,296.4688511,8052.629979,Syrian Arab Republic,49.98060052,1098.066864,25.9590823,19577845,4.466617751,NA,3442.406806,125434.313,Syrian Arab Republic,6.880702436,19
SYR,2018,Occupational risks,Syrian Arab Republic,336.7106061,10179.42329,Syrian Arab Republic,49.98060052,1098.066864,25.9590823,19577845,4.466617751,NA,3442.406806,125434.313,Syrian Arab Republic,2.302787223,19
SYR,2019,Occupational asthmagens,Syrian Arab Republic,38.57025897,2067.807591,Syrian Arab Republic,50.00837692,1109.53926,26.47256113,20353534,4.494686279,NA,3511.138325,125739.058,Syrian Arab Republic,11.33047068,19
SYR,2019,Occupational carcinogens,Syrian Arab Republic,2.071513977,66.17182637,Syrian Arab Republic,50.00837692,1109.53926,26.47256113,20353534,4.494686279,NA,3511.138325,125739.058,Syrian Arab Republic,0.727807773,19
SYR,2019,"Occupational particulate matter, gases, and fumes",Syrian Arab Republic,303.4554086,8224.436596,Syrian Arab Republic,50.00837692,1109.53926,26.47256113,20353534,4.494686279,NA,3511.138325,125739.058,Syrian Arab Republic,6.806183107,19
SYR,2019,Occupational risks,Syrian Arab Republic,344.0971815,10358.41601,Syrian Arab Republic,50.00837692,1109.53926,26.47256113,20353534,4.494686279,NA,3511.138325,125739.058,Syrian Arab Republic,2.278834183,19
SYR,2020,Occupational asthmagens,Syrian Arab Republic,39.17405965,2117.750084,Syrian Arab Republic,50.01767981,572.3552898,24.70583826,21049429,4.547596042,NA,3587.578161,127598.1544,Syrian Arab Republic,11.25825658,19
SYR,2020,Occupational carcinogens,Syrian Arab Republic,2.180035838,68.99255863,Syrian Arab Republic,50.01767981,572.3552898,24.70583826,21049429,4.547596042,NA,3587.578161,127598.1544,Syrian Arab Republic,0.725112758,19
SYR,2020,"Occupational particulate matter, gases, and fumes",Syrian Arab Republic,310.0529094,8429.695896,Syrian Arab Republic,50.01767981,572.3552898,24.70583826,21049429,4.547596042,NA,3587.578161,127598.1544,Syrian Arab Republic,6.693070942,19
SYR,2020,Occupational risks,Syrian Arab Republic,351.4070049,10616.43854,Syrian Arab Republic,50.01767981,572.3552898,24.70583826,21049429,4.547596042,NA,3587.578161,127598.1544,Syrian Arab Republic,2.258485749,19
SYR,2021,Occupational asthmagens,Syrian Arab Republic,39.73121012,2170.162121,Syrian Arab Republic,50.01680626,663.6142457,NA,21628839,4.618467856,NA,3636.722577,128862.2017,Syrian Arab Republic,11.30184707,19
SYR,2021,Occupational carcinogens,Syrian Arab Republic,2.263005941,71.5630201,Syrian Arab Republic,50.01680626,663.6142457,NA,21628839,4.618467856,NA,3636.722577,128862.2017,Syrian Arab Republic,0.726382822,19
SYR,2021,"Occupational particulate matter, gases, and fumes",Syrian Arab Republic,312.949947,8535.766921,Syrian Arab Republic,50.01680626,663.6142457,NA,21628839,4.618467856,NA,3636.722577,128862.2017,Syrian Arab Republic,6.584378098,19
SYR,2021,Occupational risks,Syrian Arab Republic,354.9441631,10777.49206,Syrian Arab Republic,50.01680626,663.6142457,NA,21628839,4.618467856,NA,3636.722577,128862.2017,Syrian Arab Republic,2.255276368,19
TUN,1990,Occupational asthmagens,Tunisia,24.48844451,1347.977152,Tunisia,48.79782099,1476.431605,22.25144088,8324509,4.185886519,NA,1325.253245,53341.08037,Tunisia,12.15035366,20
TUN,1990,Occupational carcinogens,Tunisia,0.328244814,17.00374959,Tunisia,48.79782099,1476.431605,22.25144088,8324509,4.185886519,NA,1325.253245,53341.08037,Tunisia,0.800142668,20
TUN,1990,"Occupational particulate matter, gases, and fumes",Tunisia,98.44630843,2793.540124,Tunisia,48.79782099,1476.431605,22.25144088,8324509,4.185886519,NA,1325.253245,53341.08037,Tunisia,6.675320209,20
TUN,1990,Occupational risks,Tunisia,123.2629978,4158.521026,Tunisia,48.79782099,1476.431605,22.25144088,8324509,4.185886519,NA,1325.253245,53341.08037,Tunisia,2.456655975,20
TUN,1991,Occupational asthmagens,Tunisia,25.37386272,1395.484498,Tunisia,48.85449916,1537.879165,21.83290735,8501827,4.262207406,NA,1422.21525,55287.4318,Tunisia,12.19837831,20
TUN,1991,Occupational carcinogens,Tunisia,0.3563375,17.89110777,Tunisia,48.85449916,1537.879165,21.83290735,8501827,4.262207406,NA,1422.21525,55287.4318,Tunisia,0.806692211,20
TUN,1991,"Occupational particulate matter, gases, and fumes",Tunisia,107.5090767,2980.284352,Tunisia,48.85449916,1537.879165,21.83290735,8501827,4.262207406,NA,1422.21525,55287.4318,Tunisia,6.676650006,20
TUN,1991,Occupational risks,Tunisia,133.239277,4393.659958,Tunisia,48.85449916,1537.879165,21.83290735,8501827,4.262207406,NA,1422.21525,55287.4318,Tunisia,2.462747787,20
TUN,1992,Occupational asthmagens,Tunisia,26.1289366,1439.113653,Tunisia,48.94312844,1784.818502,21.57958462,8682512,4.347676361,NA,1478.210116,56670.31102,Tunisia,12.28231175,20
TUN,1992,Occupational carcinogens,Tunisia,0.378346957,18.69407407,Tunisia,48.94312844,1784.818502,21.57958462,8682512,4.347676361,NA,1478.210116,56670.31102,Tunisia,0.815168589,20
TUN,1992,"Occupational particulate matter, gases, and fumes",Tunisia,112.6443496,3118.69421,Tunisia,48.94312844,1784.818502,21.57958462,8682512,4.347676361,NA,1478.210116,56670.31102,Tunisia,6.673629899,20
TUN,1992,Occupational risks,Tunisia,139.1516332,4576.501937,Tunisia,48.94312844,1784.818502,21.57958462,8682512,4.347676361,NA,1478.210116,56670.31102,Tunisia,2.473826249,20
TUN,1993,Occupational asthmagens,Tunisia,26.7943841,1480.336728,Tunisia,49.03348533,1649.185373,21.45020777,8857910,4.440313799,NA,1538.876816,58052.87769,Tunisia,12.3230242,20
TUN,1993,Occupational carcinogens,Tunisia,0.401151614,19.47297238,Tunisia,49.03348533,1649.185373,21.45020777,8857910,4.440313799,NA,1538.876816,58052.87769,Tunisia,0.820401845,20
TUN,1993,"Occupational particulate matter, gases, and fumes",Tunisia,118.5794982,3262.893581,Tunisia,49.03348533,1649.185373,21.45020777,8857910,4.440313799,NA,1538.876816,58052.87769,Tunisia,6.666402248,20
TUN,1993,Occupational risks,Tunisia,145.7750339,4762.703281,Tunisia,49.03348533,1649.185373,21.45020777,8857910,4.440313799,NA,1538.876816,58052.87769,Tunisia,2.477532762,20
TUN,1994,Occupational asthmagens,Tunisia,26.86574706,1502.30435,Tunisia,49.11367233,1733.466147,21.40351191,9018448,4.542549893,NA,1571.752185,58724.71997,Tunisia,12.38889494,20
TUN,1994,Occupational carcinogens,Tunisia,0.417257116,20.03421566,Tunisia,49.11367233,1733.466147,21.40351191,9018448,4.542549893,NA,1571.752185,58724.71997,Tunisia,0.827020811,20
TUN,1994,"Occupational particulate matter, gases, and fumes",Tunisia,121.1832882,3332.437459,Tunisia,49.11367233,1733.466147,21.40351191,9018448,4.542549893,NA,1571.752185,58724.71997,Tunisia,6.656244511,20
TUN,1994,Occupational risks,Tunisia,148.4662924,4854.776025,Tunisia,49.11367233,1733.466147,21.40351191,9018448,4.542549893,NA,1571.752185,58724.71997,Tunisia,2.48474886,20
TUN,1995,Occupational asthmagens,Tunisia,27.68393336,1541.463997,Tunisia,49.1775147,1968.166009,21.39823214,9161258,4.661957743,NA,1665.940294,60610.49108,Tunisia,12.40860527,20
TUN,1995,Occupational carcinogens,Tunisia,0.445449864,20.84492023,Tunisia,49.1775147,1968.166009,21.39823214,9161258,4.661957743,NA,1665.940294,60610.49108,Tunisia,0.829339619,20
TUN,1995,"Occupational particulate matter, gases, and fumes",Tunisia,128.8681372,3494.879626,Tunisia,49.1775147,1968.166009,21.39823214,9161258,4.661957743,NA,1665.940294,60610.49108,Tunisia,6.642011445,20
TUN,1995,Occupational risks,Tunisia,156.9975204,5057.188543,Tunisia,49.1775147,1968.166009,21.39823214,9161258,4.661957743,NA,1665.940294,60610.49108,Tunisia,2.483675526,20
TUN,1996,Occupational asthmagens,Tunisia,27.814434,1556.562579,Tunisia,49.23696252,2107.408156,22.0303256,9294432,4.803338171,NA,1711.209687,61445.4119,Tunisia,12.44137877,20
TUN,1996,Occupational carcinogens,Tunisia,0.464261396,21.38462321,Tunisia,49.23696252,2107.408156,22.0303256,9294432,4.803338171,NA,1711.209687,61445.4119,Tunisia,0.83273967,20
TUN,1996,"Occupational particulate matter, gases, and fumes",Tunisia,132.875306,3585.572567,Tunisia,49.23696252,2107.408156,22.0303256,9294432,4.803338171,NA,1711.209687,61445.4119,Tunisia,6.624159022,20
TUN,1996,Occupational risks,Tunisia,161.1540014,5163.519769,Tunisia,49.23696252,2107.408156,22.0303256,9294432,4.803338171,NA,1711.209687,61445.4119,Tunisia,2.484205616,20
TUN,1997,Occupational asthmagens,Tunisia,28.77657946,1594.172959,Tunisia,49.29680393,2202.060906,23.53522684,9421270,4.961916226,NA,1743.867266,62528.56528,Tunisia,12.51086861,20
TUN,1997,Occupational carcinogens,Tunisia,0.483278481,22.03796222,Tunisia,49.29680393,2202.060906,23.53522684,9421270,4.961916226,NA,1743.867266,62528.56528,Tunisia,0.838229186,20
TUN,1997,"Occupational particulate matter, gases, and fumes",Tunisia,137.1316029,3731.877568,Tunisia,49.29680393,2202.060906,23.53522684,9421270,4.961916226,NA,1743.867266,62528.56528,Tunisia,6.603658043,20
TUN,1997,Occupational risks,Tunisia,166.3914608,5348.088489,Tunisia,49.29680393,2202.060906,23.53522684,9421270,4.961916226,NA,1743.867266,62528.56528,Tunisia,2.489886537,20
TUN,1998,Occupational asthmagens,Tunisia,29.12797229,1617.946729,Tunisia,49.35628655,2285.019335,25.3308871,9541667,5.131571873,NA,1798.213147,63710.89325,Tunisia,12.60077662,20
TUN,1998,Occupational carcinogens,Tunisia,0.510380681,22.74745267,Tunisia,49.35628655,2285.019335,25.3308871,9541667,5.131571873,NA,1798.213147,63710.89325,Tunisia,0.844724293,20
TUN,1998,"Occupational particulate matter, gases, and fumes",Tunisia,142.2749449,3859.401968,Tunisia,49.35628655,2285.019335,25.3308871,9541667,5.131571873,NA,1798.213147,63710.89325,Tunisia,6.582863709,20
TUN,1998,Occupational risks,Tunisia,171.9132979,5500.096149,Tunisia,49.35628655,2285.019335,25.3308871,9541667,5.131571873,NA,1798.213147,63710.89325,Tunisia,2.498483206,20
TUN,1999,Occupational asthmagens,Tunisia,28.98736447,1625.712196,Tunisia,49.415439,2376.065668,26.83525762,9655963,5.311494808,NA,1837.743599,64592.60439,Tunisia,12.69921122,20
TUN,1999,Occupational carcinogens,Tunisia,0.536852699,23.40603461,Tunisia,49.415439,2376.065668,26.83525762,9655963,5.311494808,NA,1837.743599,64592.60439,Tunisia,0.852068498,20
TUN,1999,"Occupational particulate matter, gases, and fumes",Tunisia,146.0203136,3952.502578,Tunisia,49.415439,2376.065668,26.83525762,9655963,5.311494808,NA,1837.743599,64592.60439,Tunisia,6.563091373,20
TUN,1999,Occupational risks,Tunisia,175.5445307,5601.620808,Tunisia,49.415439,2376.065668,26.83525762,9655963,5.311494808,NA,1837.743599,64592.60439,Tunisia,2.508510374,20
TUN,2000,Occupational asthmagens,Tunisia,28.71821417,1634.663432,Tunisia,49.47462528,2199.044659,27.46628966,9764935,5.488049563,34.3,1882.399332,65486.12002,Tunisia,12.8085337,20
TUN,2000,Occupational carcinogens,Tunisia,0.558672743,23.92440416,Tunisia,49.47462528,2199.044659,27.46628966,9764935,5.488049563,34.3,1882.399332,65486.12002,Tunisia,0.859677432,20
TUN,2000,"Occupational particulate matter, gases, and fumes",Tunisia,150.3832343,4044.575904,Tunisia,49.47462528,2199.044659,27.46628966,9764935,5.488049563,34.3,1882.399332,65486.12002,Tunisia,6.545830775,20
TUN,2000,Occupational risks,Tunisia,179.6601213,5703.16374,Tunisia,49.47462528,2199.044659,27.46628966,9764935,5.488049563,34.3,1882.399332,65486.12002,Tunisia,2.520019103,20
TUN,2001,Occupational asthmagens,Tunisia,28.62276625,1649.818437,Tunisia,49.5337588,2235.719816,27.17429363,9869677,5.644966616,NA,1932.934949,66543.68415,Tunisia,12.92936717,20
TUN,2001,Occupational carcinogens,Tunisia,0.593484374,24.73255339,Tunisia,49.5337588,2235.719816,27.17429363,9869677,5.644966616,NA,1932.934949,66543.68415,Tunisia,0.868540598,20
TUN,2001,"Occupational particulate matter, gases, and fumes",Tunisia,155.4595052,4154.10326,Tunisia,49.5337588,2235.719816,27.17429363,9869677,5.644966616,NA,1932.934949,66543.68415,Tunisia,6.532317573,20
TUN,2001,Occupational risks,Tunisia,184.6757558,5828.654251,Tunisia,49.5337588,2235.719816,27.17429363,9869677,5.644966616,NA,1932.934949,66543.68415,Tunisia,2.534337449,20
TUN,2002,Occupational asthmagens,Tunisia,28.26155423,1656.533061,Tunisia,49.59197273,2320.772381,26.477495,9971515,5.784692407,NA,1989.029982,67775.14809,Tunisia,13.05688026,20
TUN,2002,Occupational carcinogens,Tunisia,0.665620813,26.36138043,Tunisia,49.59197273,2320.772381,26.477495,9971515,5.784692407,NA,1989.029982,67775.14809,Tunisia,0.877793111,20
TUN,2002,"Occupational particulate matter, gases, and fumes",Tunisia,162.4946649,4306.675866,Tunisia,49.59197273,2320.772381,26.477495,9971515,5.784692407,NA,1989.029982,67775.14809,Tunisia,6.522324657,20
TUN,2002,Occupational risks,Tunisia,191.4218399,5989.570307,Tunisia,49.59197273,2320.772381,26.477495,9971515,5.784692407,NA,1989.029982,67775.14809,Tunisia,2.550279371,20
TUN,2003,Occupational asthmagens,Tunisia,27.89099486,1665.161713,Tunisia,49.64793693,2725.864315,25.6457176,10071632,5.915620229,NA,2054.866641,69027.47793,Tunisia,13.20598112,20
TUN,2003,Occupational carcinogens,Tunisia,0.734847248,27.82960394,Tunisia,49.64793693,2725.864315,25.6457176,10071632,5.915620229,NA,2054.866641,69027.47793,Tunisia,0.888617615,20
TUN,2003,"Occupational particulate matter, gases, and fumes",Tunisia,170.0760956,4445.24711,Tunisia,49.64793693,2725.864315,25.6457176,10071632,5.915620229,NA,2054.866641,69027.47793,Tunisia,6.517484814,20
TUN,2003,Occupational risks,Tunisia,198.7019377,6138.238427,Tunisia,49.64793693,2725.864315,25.6457176,10071632,5.915620229,NA,2054.866641,69027.47793,Tunisia,2.570287624,20
TUN,2004,Occupational asthmagens,Tunisia,27.62576261,1675.387256,Tunisia,49.70279347,3067.419364,24.94878524,10166163,6.039028688,NA,2094.84467,69955.62084,Tunisia,13.34822951,20
TUN,2004,Occupational carcinogens,Tunisia,0.789738049,29.0673954,Tunisia,49.70279347,3067.419364,24.94878524,10166163,6.039028688,NA,2094.84467,69955.62084,Tunisia,0.899039915,20
TUN,2004,"Occupational particulate matter, gases, and fumes",Tunisia,174.8410525,4559.578532,Tunisia,49.70279347,3067.419364,24.94878524,10166163,6.039028688,NA,2094.84467,69955.62084,Tunisia,6.518766294,20
TUN,2004,Occupational risks,Tunisia,203.2565532,6264.033183,Tunisia,49.70279347,3067.419364,24.94878524,10166163,6.039028688,NA,2094.84467,69955.62084,Tunisia,2.589718667,20
TUN,2005,Occupational asthmagens,Tunisia,27.45036476,1687.946468,Tunisia,49.75828029,3146.826074,24.65652174,10255472,6.150057932,31.6,2131.942967,70917.43031,Tunisia,13.46892756,20
TUN,2005,Occupational carcinogens,Tunisia,0.857363428,30.71712316,Tunisia,49.75828029,3146.826074,24.65652174,10255472,6.150057932,31.6,2131.942967,70917.43031,Tunisia,0.907768437,20
TUN,2005,"Occupational particulate matter, gases, and fumes",Tunisia,178.6808346,4662.566156,Tunisia,49.75828029,3146.826074,24.65652174,10255472,6.150057932,31.6,2131.942967,70917.43031,Tunisia,6.52671294,20
TUN,2005,Occupational risks,Tunisia,206.9885628,6381.229747,Tunisia,49.75828029,3146.826074,24.65652174,10255472,6.150057932,31.6,2131.942967,70917.43031,Tunisia,2.606442636,20
TUN,2006,Occupational asthmagens,Tunisia,27.17660125,1699.498616,Tunisia,49.81397412,3322.569336,24.91612061,10346410,6.242310135,NA,2167.012143,71946.91956,Tunisia,13.55988465,20
TUN,2006,Occupational carcinogens,Tunisia,0.90410244,31.93497838,Tunisia,49.81397412,3322.569336,24.91612061,10346410,6.242310135,NA,2167.012143,71946.91956,Tunisia,0.91543945,20
TUN,2006,"Occupational particulate matter, gases, and fumes",Tunisia,182.070938,4765.876978,Tunisia,49.81397412,3322.569336,24.91612061,10346410,6.242310135,NA,2167.012143,71946.91956,Tunisia,6.541394332,20
TUN,2006,Occupational risks,Tunisia,210.1516417,6497.310572,Tunisia,49.81397412,3322.569336,24.91612061,10346410,6.242310135,NA,2167.012143,71946.91956,Tunisia,2.620219976,20
TUN,2007,Occupational asthmagens,Tunisia,26.69929847,1704.159073,Tunisia,49.86918322,3726.916729,25.53514643,10441702,6.317480315,NA,2199.287643,73059.85769,Tunisia,13.60879158,20
TUN,2007,Occupational carcinogens,Tunisia,0.947110416,33.11225276,Tunisia,49.86918322,3726.916729,25.53514643,10441702,6.317480315,NA,2199.287643,73059.85769,Tunisia,0.919652439,20
TUN,2007,"Occupational particulate matter, gases, and fumes",Tunisia,184.6323454,4872.279052,Tunisia,49.86918322,3726.916729,25.53514643,10441702,6.317480315,NA,2199.287643,73059.85769,Tunisia,6.561964667,20
TUN,2007,Occupational risks,Tunisia,212.2787543,6609.550378,Tunisia,49.86918322,3726.916729,25.53514643,10441702,6.317480315,NA,2199.287643,73059.85769,Tunisia,2.627521662,20
TUN,2008,Occupational asthmagens,Tunisia,26.16121465,1703.245282,Tunisia,49.92342047,4255.05008,26.27397962,10542635,6.382180546,NA,2233.668704,74239.53626,Tunisia,13.63595678,20
TUN,2008,Occupational carcinogens,Tunisia,0.988023161,34.22499202,Tunisia,49.92342047,4255.05008,26.27397962,10542635,6.382180546,NA,2233.668704,74239.53626,Tunisia,0.922017185,20
TUN,2008,"Occupational particulate matter, gases, and fumes",Tunisia,187.3968999,4986.624054,Tunisia,49.92342047,4255.05008,26.27397962,10542635,6.382180546,NA,2233.668704,74239.53626,Tunisia,6.587662621,20
TUN,2008,Occupational risks,Tunisia,214.5461377,6724.094328,Tunisia,49.92342047,4255.05008,26.27397962,10542635,6.382180546,NA,2233.668704,74239.53626,Tunisia,2.632032385,20
TUN,2009,Occupational asthmagens,Tunisia,25.6358984,1701.683619,Tunisia,49.97610951,4080.090324,26.89300057,10650681,6.441508597,NA,2275.410263,75532.08297,Tunisia,13.62374114,20
TUN,2009,Occupational carcinogens,Tunisia,1.031180042,35.3502065,Tunisia,49.97610951,4080.090324,26.89300057,10650681,6.441508597,NA,2275.410263,75532.08297,Tunisia,0.921496485,20
TUN,2009,"Occupational particulate matter, gases, and fumes",Tunisia,191.275611,5112.260709,Tunisia,49.97610951,4080.090324,26.89300057,10650681,6.441508597,NA,2275.410263,75532.08297,Tunisia,6.61761134,20
TUN,2009,Occupational risks,Tunisia,217.9426894,6849.294534,Tunisia,49.97610951,4080.090324,26.89300057,10650681,6.441508597,NA,2275.410263,75532.08297,Tunisia,2.631001776,20
TUN,2010,Occupational asthmagens,Tunisia,25.22559971,1700.430222,Tunisia,50.02695064,4291.861209,27.15258968,10765980,6.50045328,29,2321.804967,76854.83217,Tunisia,13.63033686,20
TUN,2010,Occupational carcinogens,Tunisia,1.105569692,37.11294072,Tunisia,50.02695064,4291.861209,27.15258968,10765980,6.50045328,29,2321.804967,76854.83217,Tunisia,0.922634555,20
TUN,2010,"Occupational particulate matter, gases, and fumes",Tunisia,195.4364245,5238.049732,Tunisia,50.02695064,4291.861209,27.15258968,10765980,6.50045328,29,2321.804967,76854.83217,Tunisia,6.652765732,20
TUN,2010,Occupational risks,Tunisia,221.7675939,6975.592895,Tunisia,50.02695064,4291.861209,27.15258968,10765980,6.50045328,29,2321.804967,76854.83217,Tunisia,2.633841718,20
TUN,2011,Occupational asthmagens,Tunisia,24.54290341,1674.96702,Tunisia,50.07670837,4420.647722,23.79684426,10886035,6.561410717,NA,2352.599971,77881.27251,Tunisia,13.53599959,20
TUN,2011,Occupational carcinogens,Tunisia,1.143936457,37.99866885,Tunisia,50.07670837,4420.647722,23.79684426,10886035,6.561410717,NA,2352.599971,77881.27251,Tunisia,0.915582117,20
TUN,2011,"Occupational particulate matter, gases, and fumes",Tunisia,197.47264,5341.058688,Tunisia,50.07670837,4420.647722,23.79684426,10886035,6.561410717,NA,2352.599971,77881.27251,Tunisia,6.689870904,20
TUN,2011,Occupational risks,Tunisia,223.1594799,7054.024377,Tunisia,50.07670837,4420.647722,23.79684426,10886035,6.561410717,NA,2352.599971,77881.27251,Tunisia,2.62029214,20
TUN,2012,Occupational asthmagens,Tunisia,24.27107989,1660.497955,Tunisia,50.12643003,4297.267825,22.69446282,11009647,6.627247296,NA,2412.980026,79197.24498,Tunisia,13.54554085,20
TUN,2012,Occupational carcinogens,Tunisia,1.195656304,39.04396756,Tunisia,50.12643003,4297.267825,22.69446282,11009647,6.627247296,NA,2412.980026,79197.24498,Tunisia,0.91575244200000006,20
TUN,2012,"Occupational particulate matter, gases, and fumes",Tunisia,202.4441327,5478.115365,Tunisia,50.12643003,4297.267825,22.69446282,11009647,6.627247296,NA,2412.980026,79197.24498,Tunisia,6.728913122,20
TUN,2012,Occupational risks,Tunisia,227.9108689,7177.657287,Tunisia,50.12643003,4297.267825,22.69446282,11009647,6.627247296,NA,2412.980026,79197.24498,Tunisia,2.622651756,20
TUN,2013,Occupational asthmagens,Tunisia,23.95299195,1638.6108610000001,Tunisia,50.17581784,4369.793458,22.14157491,11141361,6.701973246,NA,2475.953397,80532.06301,Tunisia,13.52919042,20
TUN,2013,Occupational carcinogens,Tunisia,1.248790189,40.06045921,Tunisia,50.17581784,4369.793458,22.14157491,11141361,6.701973246,NA,2475.953397,80532.06301,Tunisia,0.914246217,20
TUN,2013,"Occupational particulate matter, gases, and fumes",Tunisia,207.4503788,5614.192189,Tunisia,50.17581784,4369.793458,22.14157491,11141361,6.701973246,NA,2475.953397,80532.06301,Tunisia,6.767069833,20
TUN,2013,Occupational risks,Tunisia,232.6521609,7292.863509,Tunisia,50.17581784,4369.793458,22.14157491,11141361,6.701973246,NA,2475.953397,80532.06301,Tunisia,2.620557635,20
TUN,2014,Occupational asthmagens,Tunisia,24.06348333,1638.833878,Tunisia,50.21943295,4458.978955,25.16384477,11274288,6.807769147,NA,2538.887396,81943.08511,Tunisia,13.63948712,20
TUN,2014,Occupational carcinogens,Tunisia,1.301952757,41.05319721,Tunisia,50.21943295,4458.978955,25.16384477,11274288,6.807769147,NA,2538.887396,81943.08511,Tunisia,0.921695281,20
TUN,2014,"Occupational particulate matter, gases, and fumes",Tunisia,212.4578959,5752.864351,Tunisia,50.21943295,4458.978955,25.16384477,11274288,6.807769147,NA,2538.887396,81943.08511,Tunisia,6.805990948,20
TUN,2014,Occupational risks,Tunisia,237.823332,7432.751426,Tunisia,50.21943295,4458.978955,25.16384477,11274288,6.807769147,NA,2538.887396,81943.08511,Tunisia,2.638394689,20
TUN,2015,Occupational asthmagens,Tunisia,24.0658943,1640.80298,Tunisia,50.25723839,4014.947737,23.63444125,11402264,6.969102803,26.6,2607.558951,83592.88184,Tunisia,13.70581608,20
TUN,2015,Occupational carcinogens,Tunisia,1.360009296,42.16876456,Tunisia,50.25723839,4014.947737,23.63444125,11402264,6.969102803,26.6,2607.558951,83592.88184,Tunisia,0.926362989,20
TUN,2015,"Occupational particulate matter, gases, and fumes",Tunisia,217.8840076,5903.701347,Tunisia,50.25723839,4014.947737,23.63444125,11402264,6.969102803,26.6,2607.558951,83592.88184,Tunisia,6.84308469,20
TUN,2015,Occupational risks,Tunisia,243.3099112,7586.673092,Tunisia,50.25723839,4014.947737,23.63444125,11402264,6.969102803,26.6,2607.558951,83592.88184,Tunisia,2.64937225,20
TUN,2016,Occupational asthmagens,Tunisia,24.10858974,1646.708085,Tunisia,50.29403208,3847.803544,24.80892166,11528674,7.161669554,NA,2673.406278,85305.53771,Tunisia,13.77465548,20
TUN,2016,Occupational carcinogens,Tunisia,1.418056183,43.30230924,Tunisia,50.29403208,3847.803544,24.80892166,11528674,7.161669554,NA,2673.406278,85305.53771,Tunisia,0.93237244,20
TUN,2016,"Occupational particulate matter, gases, and fumes",Tunisia,222.977028,6047.283776,Tunisia,50.29403208,3847.803544,24.80892166,11528674,7.161669554,NA,2673.406278,85305.53771,Tunisia,6.879327862,20
TUN,2016,Occupational risks,Tunisia,248.503674,7737.29417,Tunisia,50.29403208,3847.803544,24.80892166,11528674,7.161669554,NA,2673.406278,85305.53771,Tunisia,2.66157535,20
TUN,2017,Occupational asthmagens,Tunisia,23.9950133,1645.701684,Tunisia,50.32984856,3619.032473,22.57175707,11650498,7.371135235,NA,2743.951053,87084.64371,Tunisia,13.80221402,20
TUN,2017,Occupational carcinogens,Tunisia,1.478217065,44.45789414,Tunisia,50.32984856,3619.032473,22.57175707,11650498,7.371135235,NA,2743.951053,87084.64371,Tunisia,0.935792807,20
TUN,2017,"Occupational particulate matter, gases, and fumes",Tunisia,228.3720164,6195.876153,Tunisia,50.32984856,3619.032473,22.57175707,11650498,7.371135235,NA,2743.951053,87084.64371,Tunisia,6.912393552,20
TUN,2017,Occupational risks,Tunisia,253.8452468,7886.035731,Tunisia,50.32984856,3619.032473,22.57175707,11650498,7.371135235,NA,2743.951053,87084.64371,Tunisia,2.667203302,20
TUN,2018,Occupational asthmagens,Tunisia,23.9964671,1650.917892,Tunisia,50.36498615,3628.103665,25.5228521,11765514,7.625986097,25,2787.751605,88535.11298,Tunisia,13.84616973,20
TUN,2018,Occupational carcinogens,Tunisia,1.532226683,45.59423633,Tunisia,50.36498615,3628.103665,25.5228521,11765514,7.625986097,25,2787.751605,88535.11298,Tunisia,0.940624552,20
TUN,2018,"Occupational particulate matter, gases, and fumes",Tunisia,231.3635869,6320.20727,Tunisia,50.36498615,3628.103665,25.5228521,11765514,7.625986097,25,2787.751605,88535.11298,Tunisia,6.942494192,20
TUN,2018,Occupational risks,Tunisia,256.8922807,8016.719399,Tunisia,50.36498615,3628.103665,25.5228521,11765514,7.625986097,25,2787.751605,88535.11298,Tunisia,2.675414418,20
TUN,2019,Occupational asthmagens,Tunisia,23.93504292,1655.896869,Tunisia,50.39969408,3528.872133,23.77140341,11875081,7.945743696,25,2831.154795,90111.47675,Tunisia,13.84663352,20
TUN,2019,Occupational carcinogens,Tunisia,1.58963762,46.85954959,Tunisia,50.39969408,3528.872133,23.77140341,11875081,7.945743696,25,2831.154795,90111.47675,Tunisia,0.942041456,20
TUN,2019,"Occupational particulate matter, gases, and fumes",Tunisia,233.8906064,6447.632648,Tunisia,50.39969408,3528.872133,23.77140341,11875081,7.945743696,25,2831.154795,90111.47675,Tunisia,6.9679418890000004,20
TUN,2019,Occupational risks,Tunisia,259.415287,8150.389066,Tunisia,50.39969408,3528.872133,23.77140341,11875081,7.945743696,25,2831.154795,90111.47675,Tunisia,2.676223402,20
TUN,2020,Occupational asthmagens,Tunisia,23.8139822,1668.02051,Tunisia,50.43689035,3548.653637,24.18298267,11974057,8.281775341,24.6,2876.602801,91629.44588,Tunisia,13.86892162,20
TUN,2020,Occupational carcinogens,Tunisia,1.644171071,47.99664774,Tunisia,50.43689035,3548.653637,24.18298267,11974057,8.281775341,24.6,2876.602801,91629.44588,Tunisia,0.944564832,20
TUN,2020,"Occupational particulate matter, gases, and fumes",Tunisia,237.3277191,6580.613541,Tunisia,50.43689035,3548.653637,24.18298267,11974057,8.281775341,24.6,2876.602801,91629.44588,Tunisia,6.986960046,20
TUN,2020,Occupational risks,Tunisia,262.7858723,8296.630699,Tunisia,50.43689035,3548.653637,24.18298267,11974057,8.281775341,24.6,2876.602801,91629.44588,Tunisia,2.679749079,20
TUN,2021,Occupational asthmagens,Tunisia,24.13056191,1700.289817,Tunisia,50.47909213,3885.281665,NA,12048622,8.557887012,NA,2913.496114,93027.32419,Tunisia,13.96507765,20
TUN,2021,Occupational carcinogens,Tunisia,1.696956808,49.4608972,Tunisia,50.47909213,3885.281665,NA,12048622,8.557887012,NA,2913.496114,93027.32419,Tunisia,0.94696558,20
TUN,2021,"Occupational particulate matter, gases, and fumes",Tunisia,239.9655151,6689.653705,Tunisia,50.47909213,3885.281665,NA,12048622,8.557887012,NA,2913.496114,93027.32419,Tunisia,6.994130057,20
TUN,2021,Occupational risks,Tunisia,265.7930338,8439.404419,Tunisia,50.47909213,3885.281665,NA,12048622,8.557887012,NA,2913.496114,93027.32419,Tunisia,2.692450564,20
YEM,1990,Occupational asthmagens,Yemen,74.94834296,3737.51656,"Yemen, Rep.",49.84245594,910.422466,43.87830932,13887862,2.838223149,NA,2939.885709,140086.8431,Yemen,11.82803195,21
YEM,1990,Occupational carcinogens,Yemen,0.412703708,19.98939583,"Yemen, Rep.",49.84245594,910.422466,43.87830932,13887862,2.838223149,NA,2939.885709,140086.8431,Yemen,0.53018194,21
YEM,1990,"Occupational particulate matter, gases, and fumes",Yemen,162.0784631,4735.470539,"Yemen, Rep.",49.84245594,910.422466,43.87830932,13887862,2.838223149,NA,2939.885709,140086.8431,Yemen,5.545558272,21
YEM,1990,Occupational risks,Yemen,237.4395098,8492.976494,"Yemen, Rep.",49.84245594,910.422466,43.87830932,13887862,2.838223149,NA,2939.885709,140086.8431,Yemen,2.281306939,21
YEM,1991,Occupational asthmagens,Yemen,75.55444318,3773.10351,"Yemen, Rep.",49.80872408,1016.30223,42.09546936,14430201,2.819662831,NA,2983.229953,141309.8119,Yemen,11.90156007,21
YEM,1991,Occupational carcinogens,Yemen,0.426521622,20.60498454,"Yemen, Rep.",49.80872408,1016.30223,42.09546936,14430201,2.819662831,NA,2983.229953,141309.8119,Yemen,0.533127526,21
YEM,1991,"Occupational particulate matter, gases, and fumes",Yemen,165.9405699,4828.288017,"Yemen, Rep.",49.80872408,1016.30223,42.09546936,14430201,2.819662831,NA,2983.229953,141309.8119,Yemen,5.510880221,21
YEM,1991,Occupational risks,Yemen,241.9215347,8621.996511,"Yemen, Rep.",49.80872408,1016.30223,42.09546936,14430201,2.819662831,NA,2983.229953,141309.8119,Yemen,2.286640567,21
YEM,1992,Occupational asthmagens,Yemen,76.54884542,3827.729317,"Yemen, Rep.",49.77795781,1198.130317,40.75444238,14989494,2.801708984,NA,3037.203765,143009.4128,Yemen,11.95986485,21
YEM,1992,Occupational carcinogens,Yemen,0.444094892,21.39517001,"Yemen, Rep.",49.77795781,1198.130317,40.75444238,14989494,2.801708984,NA,3037.203765,143009.4128,Yemen,0.536746748,21
YEM,1992,"Occupational particulate matter, gases, and fumes",Yemen,170.651573,4946.946856,"Yemen, Rep.",49.77795781,1198.130317,40.75444238,14989494,2.801708984,NA,3037.203765,143009.4128,Yemen,5.470346015,21
YEM,1992,Occupational risks,Yemen,247.6445133,8796.071343,"Yemen, Rep.",49.77795781,1198.130317,40.75444238,14989494,2.801708984,NA,3037.203765,143009.4128,Yemen,2.289377993,21
YEM,1993,Occupational asthmagens,Yemen,77.32347282,3877.790232,"Yemen, Rep.",49.74858509,1396.615444,39.82891984,15563914,2.785298737,NA,3083.847152,144327.3013,Yemen,11.99869232,21
YEM,1993,Occupational carcinogens,Yemen,0.461016131,22.18377715,"Yemen, Rep.",49.74858509,1396.615444,39.82891984,15563914,2.785298737,NA,3083.847152,144327.3013,Yemen,0.539919051,21
YEM,1993,"Occupational particulate matter, gases, and fumes",Yemen,174.8887929,5056.383556,"Yemen, Rep.",49.74858509,1396.615444,39.82891984,15563914,2.785298737,NA,3083.847152,144327.3013,Yemen,5.42352759,21
YEM,1993,Occupational risks,Yemen,252.6732819,8956.357565,"Yemen, Rep.",49.74858509,1396.615444,39.82891984,15563914,2.785298737,NA,3083.847152,144327.3013,Yemen,2.288434405,21
YEM,1994,Occupational asthmagens,Yemen,78.71710195,3956.0248110000002,"Yemen, Rep.",49.72281818,1735.044195,39.29259319,16149147,2.771041096,NA,3134.245889,145738.8018,Yemen,12.06753404,21
YEM,1994,Occupational carcinogens,Yemen,0.481435837,23.14291484,"Yemen, Rep.",49.72281818,1735.044195,39.29259319,16149147,2.771041096,NA,3134.245889,145738.8018,Yemen,0.545359115,21
YEM,1994,"Occupational particulate matter, gases, and fumes",Yemen,179.2826153,5167.441546,"Yemen, Rep.",49.72281818,1735.044195,39.29259319,16149147,2.771041096,NA,3134.245889,145738.8018,Yemen,5.372674674,21
YEM,1994,Occupational risks,Yemen,258.4811531,9146.609272,"Yemen, Rep.",49.72281818,1735.044195,39.29259319,16149147,2.771041096,NA,3134.245889,145738.8018,Yemen,2.292028993,21
YEM,1995,Occupational asthmagens,Yemen,79.64958304,4010.359876,"Yemen, Rep.",49.69823579,764.4146561,39.11915389,16740058,2.759823174,NA,3163.513538,146222.5943,Yemen,12.13204627,21
YEM,1995,Occupational carcinogens,Yemen,0.498078432,23.92342921,"Yemen, Rep.",49.69823579,764.4146561,39.11915389,16740058,2.759823174,NA,3163.513538,146222.5943,Yemen,0.55061895,21
YEM,1995,"Occupational particulate matter, gases, and fumes",Yemen,182.2877489,5240.662569,"Yemen, Rep.",49.69823579,764.4146561,39.11915389,16740058,2.759823174,NA,3163.513538,146222.5943,Yemen,5.319945851,21
YEM,1995,Occupational risks,Yemen,262.4354104,9274.945874,"Yemen, Rep.",49.69823579,764.4146561,39.11915389,16740058,2.759823174,NA,3163.513538,146222.5943,Yemen,2.294942621,21
YEM,1996,Occupational asthmagens,Yemen,79.40958794,4025.865363,"Yemen, Rep.",49.67342504,375.2149947,39.72735658,17313177,2.753916858,NA,3191.783116,146812.4868,Yemen,12.0622854,21
YEM,1996,Occupational carcinogens,Yemen,0.516184106,24.77554193,"Yemen, Rep.",49.67342504,375.2149947,39.72735658,17313177,2.753916858,NA,3191.783116,146812.4868,Yemen,0.551181592,21
YEM,1996,"Occupational particulate matter, gases, and fumes",Yemen,185.0641911,5305.996046,"Yemen, Rep.",49.67342504,375.2149947,39.72735658,17313177,2.753916858,NA,3191.783116,146812.4868,Yemen,5.262245736,21
YEM,1996,Occupational risks,Yemen,264.9899632,9356.636951,"Yemen, Rep.",49.67342504,375.2149947,39.72735658,17313177,2.753916858,NA,3191.783116,146812.4868,Yemen,2.277340352,21
YEM,1997,Occupational asthmagens,Yemen,78.95723451,4034.354292,"Yemen, Rep.",49.64994562,382.5849287,41.17864045,17873936,2.752130176,NA,3215.442957,147298.0402,Yemen,12.02529062,21
YEM,1997,Occupational carcinogens,Yemen,0.535298326,25.63422992,"Yemen, Rep.",49.64994562,382.5849287,41.17864045,17873936,2.752130176,NA,3215.442957,147298.0402,Yemen,0.554826876,21
YEM,1997,"Occupational particulate matter, gases, and fumes",Yemen,187.8453715,5369.087569,"Yemen, Rep.",49.64994562,382.5849287,41.17864045,17873936,2.752130176,NA,3215.442957,147298.0402,Yemen,5.20322657,21
YEM,1997,Occupational risks,Yemen,267.3379043,9429.076091,"Yemen, Rep.",49.64994562,382.5849287,41.17864045,17873936,2.752130176,NA,3215.442957,147298.0402,Yemen,2.265599129,21
YEM,1998,Occupational asthmagens,Yemen,78.35027829,4042.263653,"Yemen, Rep.",49.62671606,342.7394075,42.9107238,18446013,2.751573003,NA,3228.483903,147314.3336,Yemen,12.04432443,21
YEM,1998,Occupational carcinogens,Yemen,0.555955793,26.54480965,"Yemen, Rep.",49.62671606,342.7394075,42.9107238,18446013,2.751573003,NA,3228.483903,147314.3336,Yemen,0.562341048,21
YEM,1998,"Occupational particulate matter, gases, and fumes",Yemen,190.240856,5421.636168,"Yemen, Rep.",49.62671606,342.7394075,42.9107238,18446013,2.751573003,NA,3228.483903,147314.3336,Yemen,5.144918721,21
YEM,1998,Occupational risks,Yemen,269.1470901,9490.444631,"Yemen, Rep.",49.62671606,342.7394075,42.9107238,18446013,2.751573003,NA,3228.483903,147314.3336,Yemen,2.263040247,21
YEM,1999,Occupational asthmagens,Yemen,79.5750336,4122.519983,"Yemen, Rep.",49.60325118,401.4481417,44.36132491,19029420,2.751415965,NA,3279.53964,148656.1926,Yemen,12.16831641,21
YEM,1999,Occupational carcinogens,Yemen,0.587787279,27.83508969,"Yemen, Rep.",49.60325118,401.4481417,44.36132491,19029420,2.751415965,NA,3279.53964,148656.1926,Yemen,0.575523262,21
YEM,1999,"Occupational particulate matter, gases, and fumes",Yemen,195.5887364,5550.663794,"Yemen, Rep.",49.60325118,401.4481417,44.36132491,19029420,2.751415965,NA,3279.53964,148656.1926,Yemen,5.091634374,21
YEM,1999,Occupational risks,Yemen,275.7515572,9701.018867,"Yemen, Rep.",49.60325118,401.4481417,44.36132491,19029420,2.751415965,NA,3279.53964,148656.1926,Yemen,2.27710627,21
YEM,2000,Occupational asthmagens,Yemen,78.90054015,4127.221453,"Yemen, Rep.",49.57948478,493.2351826,44.96816207,19624141,2.751083544,27.3,3327.325777,149943.1531,Yemen,12.11516566,21
YEM,2000,Occupational carcinogens,Yemen,0.623739247,29.25311559,"Yemen, Rep.",49.57948478,493.2351826,44.96816207,19624141,2.751083544,27.3,3327.325777,149943.1531,Yemen,0.586236288,21
YEM,2000,"Occupational particulate matter, gases, and fumes",Yemen,200.8020207,5671.866375,"Yemen, Rep.",49.57948478,493.2351826,44.96816207,19624141,2.751083544,27.3,3327.325777,149943.1531,Yemen,5.041610703,21
YEM,2000,Occupational risks,Yemen,280.3263001,9828.340944,"Yemen, Rep.",49.57948478,493.2351826,44.96816207,19624141,2.751083544,27.3,3327.325777,149943.1531,Yemen,2.267158408,21
YEM,2001,Occupational asthmagens,Yemen,78.76041304,4151.240916,"Yemen, Rep.",49.55554807,487.1412579,44.29825807,20226147,2.752165236,NA,3366.352427,151082.4,Yemen,12.13197281,21
YEM,2001,Occupational carcinogens,Yemen,0.662487486,30.70772764,"Yemen, Rep.",49.55554807,487.1412579,44.29825807,20226147,2.752165236,NA,3366.352427,151082.4,Yemen,0.601639696,21
YEM,2001,"Occupational particulate matter, gases, and fumes",Yemen,205.5180675,5794.220792,"Yemen, Rep.",49.55554807,487.1412579,44.29825807,20226147,2.752165236,NA,3366.352427,151082.4,Yemen,4.998541834,21
YEM,2001,Occupational risks,Yemen,284.940968,9976.169436,"Yemen, Rep.",49.55554807,487.1412579,44.29825807,20226147,2.752165236,NA,3366.352427,151082.4,Yemen,2.269405723,21
YEM,2002,Occupational asthmagens,Yemen,78.10294181,4159.163573,"Yemen, Rep.",49.53209216,513.2414866,42.70421133,20835086,2.755707368,NA,3464.405986,155023.453,Yemen,12.11061102,21
YEM,2002,Occupational carcinogens,Yemen,0.754556922,33.62590487,"Yemen, Rep.",49.53209216,513.2414866,42.70421133,20835086,2.755707368,NA,3464.405986,155023.453,Yemen,0.616348432,21
YEM,2002,"Occupational particulate matter, gases, and fumes",Yemen,215.481966,6034.341163,"Yemen, Rep.",49.53209216,513.2414866,42.70421133,20835086,2.755707368,NA,3464.405986,155023.453,Yemen,4.961468705,21
YEM,2002,Occupational risks,Yemen,294.3394647,10227.13064,"Yemen, Rep.",49.53209216,513.2414866,42.70421133,20835086,2.755707368,NA,3464.405986,155023.453,Yemen,2.267083392,21
YEM,2003,Occupational asthmagens,Yemen,77.12110406,4150.095426,"Yemen, Rep.",49.51014104,548.905883,40.80210364,21456379,2.760379559,NA,3541.389073,157795.4999,Yemen,12.00311843,21
YEM,2003,Occupational carcinogens,Yemen,0.843977675,36.53383744,"Yemen, Rep.",49.51014104,548.905883,40.80210364,21456379,2.760379559,NA,3541.389073,157795.4999,Yemen,0.627730114,21
YEM,2003,"Occupational particulate matter, gases, and fumes",Yemen,223.8871627,6252.581147,"Yemen, Rep.",49.51014104,548.905883,40.80210364,21456379,2.760379559,NA,3541.389073,157795.4999,Yemen,4.927361321,21
YEM,2003,Occupational risks,Yemen,301.8522445,10439.21041,"Yemen, Rep.",49.51014104,548.905883,40.80210364,21456379,2.760379559,NA,3541.389073,157795.4999,Yemen,2.25234723,21
YEM,2004,Occupational asthmagens,Yemen,78.08158693,4219.222181,"Yemen, Rep.",49.48976398,627.6320234,39.20801677,22095167,2.763658614,NA,3643.043421,161381.5648,Yemen,12.018196,21
YEM,2004,Occupational carcinogens,Yemen,0.938345307,39.76562689,"Yemen, Rep.",49.48976398,627.6320234,39.20801677,22095167,2.763658614,NA,3643.043421,161381.5648,Yemen,0.645040089,21
YEM,2004,"Occupational particulate matter, gases, and fumes",Yemen,233.264172,6491.613143,"Yemen, Rep.",49.48976398,627.6320234,39.20801677,22095167,2.763658614,NA,3643.043421,161381.5648,Yemen,4.897281196,21
YEM,2004,Occupational risks,Yemen,312.2841042,10750.60095,"Yemen, Rep.",49.48976398,627.6320234,39.20801677,22095167,2.763658614,NA,3643.043421,161381.5648,Yemen,2.256416664,21
YEM,2005,Occupational asthmagens,Yemen,78.02379128,4246.113911,"Yemen, Rep.",49.46662112,734.1599085,38.53803249,22790085,2.764730803,25.3,3709.837309,163612.4225,Yemen,12.02226484,21
YEM,2005,Occupational carcinogens,Yemen,1.009797397,42.2921705,"Yemen, Rep.",49.46662112,734.1599085,38.53803249,22790085,2.764730803,25.3,3709.837309,163612.4225,Yemen,0.65955823,21
YEM,2005,"Occupational particulate matter, gases, and fumes",Yemen,240.0193735,6660.609373,"Yemen, Rep.",49.46662112,734.1599085,38.53803249,22790085,2.764730803,25.3,3709.837309,163612.4225,Yemen,4.873248771,21
YEM,2005,Occupational risks,Yemen,319.0529622,10949.01546,"Yemen, Rep.",49.46662112,734.1599085,38.53803249,22790085,2.764730803,25.3,3709.837309,163612.4225,Yemen,2.258647683,21
YEM,2006,Occupational asthmagens,Yemen,77.71771618,4253.549139,"Yemen, Rep.",49.44114793,809.7131276,38.55347535,23543083,2.763707769,NA,3778.909727,165885.3474,Yemen,11.96357396,21
YEM,2006,Occupational carcinogens,Yemen,1.075432336,44.73309198,"Yemen, Rep.",49.44114793,809.7131276,38.55347535,23543083,2.763707769,NA,3778.909727,165885.3474,Yemen,0.671577694,21
YEM,2006,"Occupational particulate matter, gases, and fumes",Yemen,246.7079451,6820.674469,"Yemen, Rep.",49.44114793,809.7131276,38.55347535,23543083,2.763707769,NA,3778.909727,165885.3474,Yemen,4.852419803,21
YEM,2006,Occupational risks,Yemen,325.5010936,11118.9567,"Yemen, Rep.",49.44114793,809.7131276,38.55347535,23543083,2.763707769,NA,3778.909727,165885.3474,Yemen,2.252270456,21
YEM,2007,Occupational asthmagens,Yemen,76.58561215,4224.425006,"Yemen, Rep.",49.41511012,890.3057681,38.61262082,24318082,2.760754379,NA,3874.709512,170850.8949,Yemen,11.81422901,21
YEM,2007,Occupational carcinogens,Yemen,1.135529356,47.0578546,"Yemen, Rep.",49.41511012,890.3057681,38.61262082,24318082,2.760754379,NA,3874.709512,170850.8949,Yemen,0.678090093,21
YEM,2007,"Occupational particulate matter, gases, and fumes",Yemen,253.0741972,6978.36491,"Yemen, Rep.",49.41511012,890.3057681,38.61262082,24318082,2.760754379,NA,3874.709512,170850.8949,Yemen,4.832584609,21
YEM,2007,Occupational risks,Yemen,330.7953387,11249.84777,"Yemen, Rep.",49.41511012,890.3057681,38.61262082,24318082,2.760754379,NA,3874.709512,170850.8949,Yemen,2.231947192,21
YEM,2008,Occupational asthmagens,Yemen,76.53254969,4239.759115,"Yemen, Rep.",49.38785497,1071.635833,38.72697704,25111941,2.757134599,NA,3997.368726,175881.7819,Yemen,11.6679628,21
YEM,2008,Occupational carcinogens,Yemen,1.215304023,50.36253558,"Yemen, Rep.",49.38785497,1071.635833,38.72697704,25111941,2.757134599,NA,3997.368726,175881.7819,Yemen,0.6837587,21
YEM,2008,"Occupational particulate matter, gases, and fumes",Yemen,262.2840391,7208.321071,"Yemen, Rep.",49.38785497,1071.635833,38.72697704,25111941,2.757134599,NA,3997.368726,175881.7819,Yemen,4.814018812,21
YEM,2008,Occupational risks,Yemen,340.0318928,11498.44272,"Yemen, Rep.",49.38785497,1071.635833,38.72697704,25111941,2.757134599,NA,3997.368726,175881.7819,Yemen,2.212054813,21
YEM,2009,Occupational asthmagens,Yemen,75.99333756,4219.891235,"Yemen, Rep.",49.35934405,969.2435099,38.90805216,25927724,2.753710714,NA,4062.868867,178012.8674,Yemen,11.62769658,21
YEM,2009,Occupational carcinogens,Yemen,1.268265074,52.28612281,"Yemen, Rep.",49.35934405,969.2435099,38.90805216,25927724,2.753710714,NA,4062.868867,178012.8674,Yemen,0.694579405,21
YEM,2009,"Occupational particulate matter, gases, and fumes",Yemen,268.5169631,7350.869424,"Yemen, Rep.",49.35934405,969.2435099,38.90805216,25927724,2.753710714,NA,4062.868867,178012.8674,Yemen,4.796934707,21
YEM,2009,Occupational risks,Yemen,345.7785658,11623.04678,"Yemen, Rep.",49.35934405,969.2435099,38.90805216,25927724,2.753710714,NA,4062.868867,178012.8674,Yemen,2.208962835,21
YEM,2010,Occupational asthmagens,Yemen,73.11610994,4104.229812,"Yemen, Rep.",49.33356537,1155.203053,39.16735432,26754387,2.751739369,23.4,4065.981826,177345.5141,Yemen,11.55416055,21
YEM,2010,Occupational carcinogens,Yemen,1.28530679,52.44298723,"Yemen, Rep.",49.33356537,1155.203053,39.16735432,26754387,2.751739369,23.4,4065.981826,177345.5141,Yemen,0.70349638,21
YEM,2010,"Occupational particulate matter, gases, and fumes",Yemen,271.438358,7388.792452,"Yemen, Rep.",49.33356537,1155.203053,39.16735432,26754387,2.751739369,23.4,4065.981826,177345.5141,Yemen,4.78149999,21
YEM,2010,Occupational risks,Yemen,345.8397747,11545.46525,"Yemen, Rep.",49.33356537,1155.203053,39.16735432,26754387,2.751739369,23.4,4065.981826,177345.5141,Yemen,2.200756647,21
YEM,2011,Occupational asthmagens,Yemen,73.43140935,4117.81818,"Yemen, Rep.",49.31130693,1186.475006,43.23150958,27582897,2.753778859,NA,4167.230765,180469.3351,Yemen,11.44080773,21
YEM,2011,Occupational carcinogens,Yemen,1.354657571,54.97741879,"Yemen, Rep.",49.31130693,1186.475006,43.23150958,27582897,2.753778859,NA,4167.230765,180469.3351,Yemen,0.705840085,21
YEM,2011,"Occupational particulate matter, gases, and fumes",Yemen,279.6198392,7596.624898,"Yemen, Rep.",49.31130693,1186.475006,43.23150958,27582897,2.753778859,NA,4167.230765,180469.3351,Yemen,4.765419491,21
YEM,2011,Occupational risks,Yemen,354.4059061,11769.4205,"Yemen, Rep.",49.31130693,1186.475006,43.23150958,27582897,2.753778859,NA,4167.230765,180469.3351,Yemen,2.185063481,21
YEM,2012,Occupational asthmagens,Yemen,72.10224109,4048.703831,"Yemen, Rep.",49.29106702,1245.050683,53.63383338,28433647,2.75664246,NA,4228.726246,181595.9326,Yemen,11.17671324,21
YEM,2012,Occupational carcinogens,Yemen,1.406719403,56.5895596,"Yemen, Rep.",49.29106702,1245.050683,53.63383338,28433647,2.75664246,NA,4228.726246,181595.9326,Yemen,0.698400163,21
YEM,2012,"Occupational particulate matter, gases, and fumes",Yemen,285.6757175,7756.807523,"Yemen, Rep.",49.29106702,1245.050683,53.63383338,28433647,2.75664246,NA,4228.726246,181595.9326,Yemen,4.744253552,21
YEM,2012,Occupational risks,Yemen,359.184678,11862.10091,"Yemen, Rep.",49.29106702,1245.050683,53.63383338,28433647,2.75664246,NA,4228.726246,181595.9326,Yemen,2.145572345,21
YEM,2013,Occupational asthmagens,Yemen,74.17327445,4125.154393,"Yemen, Rep.",49.27714547,1378.75003,48.42478785,29312952,2.750064204,NA,4370.48709,186248.8624,Yemen,11.11409189,21
YEM,2013,Occupational carcinogens,Yemen,1.486551629,59.36044192,"Yemen, Rep.",49.27714547,1378.75003,48.42478785,29312952,2.750064204,NA,4370.48709,186248.8624,Yemen,0.702920931,21
YEM,2013,"Occupational particulate matter, gases, and fumes",Yemen,295.2438915,8017.559949,"Yemen, Rep.",49.27714547,1378.75003,48.42478785,29312952,2.750064204,NA,4370.48709,186248.8624,Yemen,4.723219307,21
YEM,2013,Occupational risks,Yemen,370.9037176,12202.07478,"Yemen, Rep.",49.27714547,1378.75003,48.42478785,29312952,2.750064204,NA,4370.48709,186248.8624,Yemen,2.138698065,21
YEM,2014,Occupational asthmagens,Yemen,74.77493892,4133.218866,"Yemen, Rep.",49.2653155,1430.16421,38.08250688,30226309,2.730339983,NA,4457.353587,188298.4249,Yemen,11.03381825,21
YEM,2014,Occupational carcinogens,Yemen,1.547222853,61.13223851,"Yemen, Rep.",49.2653155,1430.16421,38.08250688,30226309,2.730339983,NA,4457.353587,188298.4249,Yemen,0.704225351,21
YEM,2014,"Occupational particulate matter, gases, and fumes",Yemen,301.9330339,8197.339857,"Yemen, Rep.",49.2653155,1430.16421,38.08250688,30226309,2.730339983,NA,4457.353587,188298.4249,Yemen,4.698176356,21
YEM,2014,Occupational risks,Yemen,378.2551957,12391.69096,"Yemen, Rep.",49.2653155,1430.16421,38.08250688,30226309,2.730339983,NA,4457.353587,188298.4249,Yemen,2.12672196,21
YEM,2015,Occupational asthmagens,Yemen,77.72630618,4266.741649,"Yemen, Rep.",49.26434509,1362.173794,44.06613149,31159379,2.696581341,21.8,4592.70959,192504.8195,Yemen,11.1508238,21
YEM,2015,Occupational carcinogens,Yemen,1.638157273,64.10351063,"Yemen, Rep.",49.26434509,1362.173794,44.06613149,31159379,2.696581341,21.8,4592.70959,192504.8195,Yemen,0.714552694,21
YEM,2015,"Occupational particulate matter, gases, and fumes",Yemen,312.0707932,8457.033349,"Yemen, Rep.",49.26434509,1362.173794,44.06613149,31159379,2.696581341,21.8,4592.70959,192504.8195,Yemen,4.674835868,21
YEM,2015,Occupational risks,Yemen,391.4352566,12787.87851,"Yemen, Rep.",49.26434509,1362.173794,44.06613149,31159379,2.696581341,21.8,4592.70959,192504.8195,Yemen,2.143913641,21
YEM,2016,Occupational asthmagens,Yemen,79.36401276,4336.159028,"Yemen, Rep.",49.27425667,975.3594067,40.72411682,32109010,2.657470598,NA,4674.941983,194262.4904,Yemen,11.20301239,21
YEM,2016,Occupational carcinogens,Yemen,1.707350192,66.06607032,"Yemen, Rep.",49.27425667,975.3594067,40.72411682,32109010,2.657470598,NA,4674.941983,194262.4904,Yemen,0.720130645,21
YEM,2016,"Occupational particulate matter, gases, and fumes",Yemen,318.3465553,8624.131424,"Yemen, Rep.",49.27425667,975.3594067,40.72411682,32109010,2.657470598,NA,4674.941983,194262.4904,Yemen,4.652160023,21
YEM,2016,Occupational risks,Yemen,399.4179183,13026.35652,"Yemen, Rep.",49.27425667,975.3594067,40.72411682,32109010,2.657470598,NA,4674.941983,194262.4904,Yemen,2.150832559,21
YEM,2017,Occupational asthmagens,Yemen,81.43045742,4416.267205,"Yemen, Rep.",49.2840438,811.1659639,42.12048052,33090921,2.6239553350000002,NA,4733.7187,195028.8861,Yemen,11.33124132,21
YEM,2017,Occupational carcinogens,Yemen,1.764616627,67.4889812,"Yemen, Rep.",49.2840438,811.1659639,42.12048052,33090921,2.6239553350000002,NA,4733.7187,195028.8861,Yemen,0.729811649,21
YEM,2017,"Occupational particulate matter, gases, and fumes",Yemen,322.9183203,8731.620665,"Yemen, Rep.",49.2840438,811.1659639,42.12048052,33090921,2.6239553350000002,NA,4733.7187,195028.8861,Yemen,4.634028824,21
YEM,2017,Occupational risks,Yemen,406.1133944,13215.37685,"Yemen, Rep.",49.2840438,811.1659639,42.12048052,33090921,2.6239553350000002,NA,4733.7187,195028.8861,Yemen,2.170013238,21
YEM,2018,Occupational asthmagens,Yemen,83.3253587,4498.56066,"Yemen, Rep.",49.30386172,633.887206,43.91034833,34085182,2.595353606,20.5,4861.003332,197932.3714,Yemen,11.27486231,21
YEM,2018,Occupational carcinogens,Yemen,1.861211553,70.49966262,"Yemen, Rep.",49.30386172,633.887206,43.91034833,34085182,2.595353606,20.5,4861.003332,197932.3714,Yemen,0.726166066,21
YEM,2018,"Occupational particulate matter, gases, and fumes",Yemen,332.1608285,8966.93346,"Yemen, Rep.",49.30386172,633.887206,43.91034833,34085182,2.595353606,20.5,4861.003332,197932.3714,Yemen,4.614659793,21
YEM,2018,Occupational risks,Yemen,417.3473987,13535.99378,"Yemen, Rep.",49.30386172,633.887206,43.91034833,34085182,2.595353606,20.5,4861.003332,197932.3714,Yemen,2.158359208,21
YEM,2019,Occupational asthmagens,Yemen,88.02102535,4717.220575,"Yemen, Rep.",49.3275348,623.3761649,41.64079343,35111408,2.572114205,20.5,5109.433713,205731.542,Yemen,11.22375937,21
YEM,2019,Occupational carcinogens,Yemen,2.032252936,76.61514762,"Yemen, Rep.",49.3275348,623.3761649,41.64079343,35111408,2.572114205,20.5,5109.433713,205731.542,Yemen,0.722042626,21
YEM,2019,"Occupational particulate matter, gases, and fumes",Yemen,349.5249544,9429.328937,"Yemen, Rep.",49.3275348,623.3761649,41.64079343,35111408,2.572114205,20.5,5109.433713,205731.542,Yemen,4.593297753,21
YEM,2019,Occupational risks,Yemen,439.5782326,14223.16466,"Yemen, Rep.",49.3275348,623.3761649,41.64079343,35111408,2.572114205,20.5,5109.433713,205731.542,Yemen,2.146627814,21
YEM,2020,Occupational asthmagens,Yemen,90.89905873,4894.451931,"Yemen, Rep.",49.34374042,559.5646728,34.83235984,36134863,2.546604334,20.3,5277.585405,211478.8905,Yemen,11.24718073,21
YEM,2020,Occupational carcinogens,Yemen,2.162148436,81.02909596,"Yemen, Rep.",49.34374042,559.5646728,34.83235984,36134863,2.546604334,20.3,5277.585405,211478.8905,Yemen,0.722668251,21
YEM,2020,"Occupational particulate matter, gases, and fumes",Yemen,361.6544283,9781.444733,"Yemen, Rep.",49.34374042,559.5646728,34.83235984,36134863,2.546604334,20.3,5277.585405,211478.8905,Yemen,4.567917277,21
YEM,2020,Occupational risks,Yemen,454.7156355,14756.92576,"Yemen, Rep.",49.34374042,559.5646728,34.83235984,36134863,2.546604334,20.3,5277.585405,211478.8905,Yemen,2.146532094,21
YEM,2021,Occupational asthmagens,Yemen,93.28535626,5061.598578,"Yemen, Rep.",49.35575118,522.1735127,NA,37140230,2.518881782,NA,5390.707086,215989.4674,Yemen,11.33336466,21
YEM,2021,Occupational carcinogens,Yemen,2.260181452,84.8134381,"Yemen, Rep.",49.35575118,522.1735127,NA,37140230,2.518881782,NA,5390.707086,215989.4674,Yemen,0.723435165,21
YEM,2021,"Occupational particulate matter, gases, and fumes",Yemen,368.2693429,10011.82734,"Yemen, Rep.",49.35575118,522.1735127,NA,37140230,2.518881782,NA,5390.707086,215989.4674,Yemen,4.538263455,21
YEM,2021,Occupational risks,Yemen,463.8148806,15158.23936,"Yemen, Rep.",49.35575118,522.1735127,NA,37140230,2.518881782,NA,5390.707086,215989.4674,Yemen,2.153948683,21
EMRO,1990,Occupational asthmagens,NA,NA,NA,NA,48.66361108959945,NA,NA,364412132,3.2432192883484925,NA,1785.810299,82715.13651,NA,11.72517126,NA
EMRO,1990,Occupational carcinogens,NA,NA,NA,NA,48.66361108959945,NA,NA,364412132,3.2432192883484925,NA,142.570888,4244.236473,NA,0.708337925,NA
EMRO,1990,Occupational risks,NA,NA,NA,NA,48.66361108959945,NA,NA,364412132,3.2432192883484925,NA,11084.96716,315306.4024,NA,2.373643487,NA
EMRO,1990,"Occupational particulate matter, gases, and fumes",NA,NA,NA,NA,48.66361108959945,NA,NA,364412132,3.2432192883484925,NA,9156.585968,228347.0294,NA,6.259800074,NA
EMRO,1991,Occupational asthmagens,NA,NA,NA,NA,48.659360360247064,NA,NA,374468057,3.267419966765627,NA,1812.52676,84100.55742,NA,11.78659523,NA
EMRO,1991,Occupational risks,NA,NA,NA,NA,48.659360360247064,NA,NA,374468057,3.267419966765627,NA,11371.60236,322595.6502,NA,2.381526502,NA
EMRO,1991,"Occupational particulate matter, gases, and fumes",NA,NA,NA,NA,48.659360360247064,NA,NA,374468057,3.267419966765627,NA,9413.624072,234156.411,NA,6.24669333,NA
EMRO,1991,Occupational carcinogens,NA,NA,NA,NA,48.659360360247064,NA,NA,374468057,3.267419966765627,NA,145.4515231,4338.681796,NA,0.714352523,NA
EMRO,1992,Occupational risks,NA,NA,NA,NA,48.67500689305092,NA,NA,384849709,3.291911307659413,NA,11667.15508,330408.1607,NA,2.396020035,NA
EMRO,1992,Occupational asthmagens,NA,NA,NA,NA,48.67500689305092,NA,NA,384849709,3.291911307659413,NA,1846.594918,85862.33899,NA,11.88765913,NA
EMRO,1992,"Occupational particulate matter, gases, and fumes",NA,NA,NA,NA,48.67500689305092,NA,NA,384849709,3.291911307659413,NA,9673.110104,240129.1363,NA,6.235471256,NA
EMRO,1992,Occupational carcinogens,NA,NA,NA,NA,48.67500689305092,NA,NA,384849709,3.291911307659413,NA,147.4500617,4416.685422,NA,0.722520201,NA
EMRO,1993,"Occupational particulate matter, gases, and fumes",NA,NA,NA,NA,48.68918051427464,NA,NA,395166784,3.3204586183241167,NA,10065.1508,249114.5118,NA,6.228844352,NA
EMRO,1993,Occupational carcinogens,NA,NA,NA,NA,48.68918051427464,NA,NA,395166784,3.3204586183241167,NA,153.210132,4601.403921,NA,0.729204479,NA
EMRO,1993,Occupational risks,NA,NA,NA,NA,48.68918051427464,NA,NA,395166784,3.3204586183241167,NA,12127.65497,342354.4464,NA,2.411038165,NA
EMRO,1993,Occupational asthmagens,NA,NA,NA,NA,48.68918051427464,NA,NA,395166784,3.3204586183241167,NA,1909.294029,88638.53062,NA,11.993019,NA
EMRO,1994,Occupational carcinogens,NA,NA,NA,NA,48.69628643525492,NA,NA,405387307,3.350550735502398,NA,159.1320945,4783.826057,NA,0.739229339,NA
EMRO,1994,Occupational asthmagens,NA,NA,NA,NA,48.69628643525492,NA,NA,405387307,3.350550735502398,NA,1988.225192,92159.64478,NA,12.17711,NA
EMRO,1994,"Occupational particulate matter, gases, and fumes",NA,NA,NA,NA,48.69628643525492,NA,NA,405387307,3.350550735502398,NA,10466.42012,258193.5618,NA,6.22592711,NA
EMRO,1994,Occupational risks,NA,NA,NA,NA,48.69628643525492,NA,NA,405387307,3.350550735502398,NA,12613.7774,355137.0326,NA,2.43843179,NA
EMRO,1995,Occupational asthmagens,NA,NA,NA,NA,48.7065650213046,NA,NA,415707540,3.3817223151811104,NA,2067.091761,95703.36122,NA,12.3873005,NA
EMRO,1995,Occupational risks,NA,NA,NA,NA,48.7065650213046,NA,NA,415707540,3.3817223151811104,NA,13033.88108,366263.1847,NA,2.468720107,NA
EMRO,1995,Occupational carcinogens,NA,NA,NA,NA,48.7065650213046,NA,NA,415707540,3.3817223151811104,NA,163.6854452,4922.423103,NA,0.748933978,NA
EMRO,1995,"Occupational particulate matter, gases, and fumes",NA,NA,NA,NA,48.7065650213046,NA,NA,415707540,3.3817223151811104,NA,10803.10387,265637.4004,NA,6.220186971,NA
EMRO,1996,Occupational risks,NA,NA,NA,NA,48.711524668562625,NA,NA,426039119,3.4160900557421945,NA,13335.34813,375175.4531,NA,2.500398785,NA
EMRO,1996,"Occupational particulate matter, gases, and fumes",NA,NA,NA,NA,48.711524668562625,NA,NA,426039119,3.4160900557421945,NA,11032.26248,271228.9764,NA,6.212613099,NA
EMRO,1996,Occupational asthmagens,NA,NA,NA,NA,48.711524668562625,NA,NA,426039119,3.4160900557421945,NA,2135.93561,98899.65476,NA,12.60691105,NA
EMRO,1996,Occupational carcinogens,NA,NA,NA,NA,48.711524668562625,NA,NA,426039119,3.4160900557421945,NA,167.1500349,5046.8219,NA,0.759114968,NA
EMRO,1997,Occupational risks,NA,NA,NA,NA,48.71557662504222,NA,NA,436513739,3.451028130925583,NA,13674.03942,385135.9732,NA,2.535164431,NA
EMRO,1997,"Occupational particulate matter, gases, and fumes",NA,NA,NA,NA,48.71557662504222,NA,NA,436513739,3.451028130925583,NA,11292.72495,277734.7108,NA,6.205561847,NA
EMRO,1997,Occupational carcinogens,NA,NA,NA,NA,48.71557662504222,NA,NA,436513739,3.451028130925583,NA,171.2492476,5177.229899,NA,0.769134573,NA
EMRO,1997,Occupational asthmagens,NA,NA,NA,NA,48.71557662504222,NA,NA,436513739,3.451028130925583,NA,2210.065223,102224.0325,NA,12.85067453,NA
EMRO,1998,Occupational carcinogens,NA,NA,NA,NA,48.71936485231612,NA,NA,447366630,3.484230703672335,NA,173.1402524,5230.957393,NA,0.779130948,NA
EMRO,1998,Occupational asthmagens,NA,NA,NA,NA,48.71936485231612,NA,NA,447366630,3.484230703672335,NA,2254.28108,104557.375,NA,13.10041534,NA
EMRO,1998,Occupational risks,NA,NA,NA,NA,48.71936485231612,NA,NA,447366630,3.484230703672335,NA,13875.64518,391453.3994,NA,2.570896636,NA
EMRO,1998,"Occupational particulate matter, gases, and fumes",NA,NA,NA,NA,48.71936485231612,NA,NA,447366630,3.484230703672335,NA,11448.22385,281665.067,NA,6.200914462,NA
EMRO,1999,Occupational carcinogens,NA,NA,NA,NA,48.72164281392507,NA,NA,458429722,3.515823174488534,NA,175.1509077,5293.375696,NA,0.79308481,NA
EMRO,1999,Occupational asthmagens,NA,NA,NA,NA,48.72164281392507,NA,NA,458429722,3.515823174488534,NA,2308.862292,107415.0364,NA,13.41589197,NA
EMRO,1999,Occupational risks,NA,NA,NA,NA,48.72164281392507,NA,NA,458429722,3.515823174488534,NA,14090.50592,398683.4116,NA,2.617283357,NA
EMRO,1999,"Occupational particulate matter, gases, and fumes",NA,NA,NA,NA,48.72164281392507,NA,NA,458429722,3.515823174488534,NA,11606.49272,285974.9995,NA,6.20086256,NA
EMRO,2000,Occupational asthmagens,NA,NA,NA,NA,48.70114110343421,NA,NA,469498739,3.5438623790050805,NA,2345.271702,109814.9713,NA,13.71057382,NA
EMRO,2000,Occupational risks,NA,NA,NA,NA,48.70114110343421,NA,NA,469498739,3.5438623790050805,NA,14221.73612,403992.2712,NA,2.660337148,NA
EMRO,2000,"Occupational particulate matter, gases, and fumes",NA,NA,NA,NA,48.70114110343421,NA,NA,469498739,3.5438623790050805,NA,11700.87671,288870.7007,NA,6.203945982,NA
EMRO,2000,Occupational carcinogens,NA,NA,NA,NA,48.70114110343421,NA,NA,469498739,3.5438623790050805,NA,175.5877057,5306.599254,NA,0.805728369,NA
EMRO,2001,Occupational asthmagens,NA,NA,NA,NA,48.66612083645066,NA,NA,480832430,3.569243019671236,NA,2395.637779,112655.9723,NA,13.97370566,NA
EMRO,2001,Occupational risks,NA,NA,NA,NA,48.66612083645066,NA,NA,480832430,3.569243019671236,NA,14462.76111,411970.6123,NA,2.698259209,NA
EMRO,2001,"Occupational particulate matter, gases, and fumes",NA,NA,NA,NA,48.66612083645066,NA,NA,480832430,3.569243019671236,NA,11889.39176,293936.4844,NA,6.209077496,NA
EMRO,2001,Occupational carcinogens,NA,NA,NA,NA,48.66612083645066,NA,NA,480832430,3.569243019671236,NA,177.7315743,5378.155613,NA,0.816114947,NA
EMRO,2002,Occupational carcinogens,NA,NA,NA,NA,48.64709232143187,NA,NA,492248520,3.5978667560234734,NA,173.7663554,5253.978988,NA,0.824729146,NA
EMRO,2002,"Occupational particulate matter, gases, and fumes",NA,NA,NA,NA,48.64709232143187,NA,NA,492248520,3.5978667560234734,NA,12030.67049,297589.7288,NA,6.217644989,NA
EMRO,2002,Occupational asthmagens,NA,NA,NA,NA,48.64709232143187,NA,NA,492248520,3.5978667560234734,NA,2395.864238,113860.9506,NA,14.17535624,NA
EMRO,2002,Occupational risks,NA,NA,NA,NA,48.64709232143187,NA,NA,492248520,3.5978667560234734,NA,14600.30109,416704.6583,NA,2.727523298,NA
EMRO,2003,Occupational carcinogens,NA,NA,NA,NA,48.61812134869826,NA,NA,504077421,3.6235232789277547,NA,170.3580145,5142.99322,NA,0.837053991,NA
EMRO,2003,Occupational asthmagens,NA,NA,NA,NA,48.61812134869826,NA,NA,504077421,3.6235232789277547,NA,2411.989308,115803.4463,NA,14.41599566,NA
EMRO,2003,Occupational risks,NA,NA,NA,NA,48.61812134869826,NA,NA,504077421,3.6235232789277547,NA,14742.11827,422221.9518,NA,2.764462401,NA
EMRO,2003,"Occupational particulate matter, gases, and fumes",NA,NA,NA,NA,48.61812134869826,NA,NA,504077421,3.6235232789277547,NA,12159.77095,301275.5123,NA,6.234868213,NA
EMRO,2004,Occupational asthmagens,NA,NA,NA,NA,48.57252503612799,NA,NA,516507715,3.6410831574730884,NA,2418.952797,117416.6672,NA,14.61171709,NA
EMRO,2004,Occupational risks,NA,NA,NA,NA,48.57252503612799,NA,NA,516507715,3.6410831574730884,NA,14826.06475,426737.5231,NA,2.79538394,NA
EMRO,2004,Occupational carcinogens,NA,NA,NA,NA,48.57252503612799,NA,NA,516507715,3.6410831574730884,NA,168.5297379,5081.454422,NA,0.848360418,NA
EMRO,2004,"Occupational particulate matter, gases, and fumes",NA,NA,NA,NA,48.57252503612799,NA,NA,516507715,3.6410831574730884,NA,12238.58222,304239.4014,NA,6.256621113,NA
EMRO,2005,Occupational asthmagens,NA,NA,NA,NA,48.52676744872738,NA,NA,529266252,3.654945456883365,NA,2414.789117,118703.1287,NA,14.7864041,NA
EMRO,2005,Occupational risks,NA,NA,NA,NA,48.52676744872738,NA,NA,529266252,3.654945456883365,NA,14872.28472,430520.1644,NA,2.8252114,NA
EMRO,2005,"Occupational particulate matter, gases, and fumes",NA,NA,NA,NA,48.52676744872738,NA,NA,529266252,3.654945456883365,NA,12290.09931,306767.1985,NA,6.281695397,NA
EMRO,2005,Occupational carcinogens,NA,NA,NA,NA,48.52676744872738,NA,NA,529266252,3.654945456883365,NA,167.3962954,5049.837192,NA,0.862613345,NA
EMRO,2006,"Occupational particulate matter, gases, and fumes",NA,NA,NA,NA,48.477095228953345,NA,NA,543167407,3.666134042415802,NA,12366.77436,310102.901,NA,6.311201813,NA
EMRO,2006,Occupational carcinogens,NA,NA,NA,NA,48.477095228953345,NA,NA,543167407,3.666134042415802,NA,168.1520538,5084.24553,NA,0.874898756,NA
EMRO,2006,Occupational asthmagens,NA,NA,NA,NA,48.477095228953345,NA,NA,543167407,3.666134042415802,NA,2409.740023,119973.2523,NA,14.89717762,NA
EMRO,2006,Occupational risks,NA,NA,NA,NA,48.477095228953345,NA,NA,543167407,3.666134042415802,NA,14944.66643,435160.3988,NA,2.846088761,NA
EMRO,2007,Occupational carcinogens,NA,NA,NA,NA,48.43601117665616,NA,NA,557662698,3.677986660374356,NA,169.2052397,5121.035444,NA,0.888958033,NA
EMRO,2007,"Occupational particulate matter, gases, and fumes",NA,NA,NA,NA,48.43601117665616,NA,NA,557662698,3.677986660374356,NA,12438.95785,313333.6514,NA,6.345282492,NA
EMRO,2007,Occupational asthmagens,NA,NA,NA,NA,48.43601117665616,NA,NA,557662698,3.677986660374356,NA,2393.66561,121033.3032,NA,15.00008126,NA
EMRO,2007,Occupational risks,NA,NA,NA,NA,48.43601117665616,NA,NA,557662698,3.677986660374356,NA,15001.8287,439487.99,NA,2.866733418,NA
EMRO,2008,Occupational carcinogens,NA,NA,NA,NA,48.41359599812359,NA,NA,571579985,3.6947528924710182,NA,172.1389111,5220.353903,NA,0.900112236,NA
EMRO,2008,Occupational asthmagens,NA,NA,NA,NA,48.41359599812359,NA,NA,571579985,3.6947528924710182,NA,2381.808501,122242.3321,NA,15.02793882,NA
EMRO,2008,Occupational risks,NA,NA,NA,NA,48.41359599812359,NA,NA,571579985,3.6947528924710182,NA,15163.35499,446398.7768,NA,2.876176401,NA
EMRO,2008,"Occupational particulate matter, gases, and fumes",NA,NA,NA,NA,48.41359599812359,NA,NA,571579985,3.6947528924710182,NA,12609.40758,318936.0908,NA,6.380411606,NA
EMRO,2009,Occupational asthmagens,NA,NA,NA,NA,48.405553906911635,NA,NA,585212087,3.7172838911768937,NA,2373.600019,123319.0682,NA,15.06007073,NA
EMRO,2009,Occupational risks,NA,NA,NA,NA,48.405553906911635,NA,NA,585212087,3.7172838911768937,NA,15335.35997,453474.3702,NA,2.887525215,NA
EMRO,2009,Occupational carcinogens,NA,NA,NA,NA,48.405553906911635,NA,NA,585212087,3.7172838911768937,NA,176.2797941,5357.971301,NA,0.912011551,NA
EMRO,2009,"Occupational particulate matter, gases, and fumes",NA,NA,NA,NA,48.405553906911635,NA,NA,585212087,3.7172838911768937,NA,12785.48016,324797.3308,NA,6.418022742,NA
EMRO,2010,"Occupational particulate matter, gases, and fumes",NA,NA,NA,NA,48.43103124402333,NA,NA,597233109,3.7506837948048,NA,12949.76019,330311.2149,NA,6.458426163,NA
EMRO,2010,Occupational carcinogens,NA,NA,NA,NA,48.43103124402333,NA,NA,597233109,3.7506837948048,NA,179.8208823,5480.241652,NA,0.923954485,NA
EMRO,2010,Occupational asthmagens,NA,NA,NA,NA,48.43103124402333,NA,NA,597233109,3.7506837948048,NA,2352.975744,123525.7887,NA,15.07138807,NA
EMRO,2010,Occupational risks,NA,NA,NA,NA,48.43103124402333,NA,NA,597233109,3.7506837948048,NA,15482.55682,459317.2452,NA,2.896818084,NA
EMRO,2011,"Occupational particulate matter, gases, and fumes",NA,NA,NA,NA,48.41585964104452,NA,NA,610296638,3.790132227811047,NA,13148.98818,336883.0918,NA,6.499747394,NA
EMRO,2011,Occupational carcinogens,NA,NA,NA,NA,48.41585964104452,NA,NA,610296638,3.790132227811047,NA,183.6422306,5607.460148,NA,0.933693774,NA
EMRO,2011,Occupational asthmagens,NA,NA,NA,NA,48.41585964104452,NA,NA,610296638,3.790132227811047,NA,2343.972354,123659.0277,NA,15.04889121,NA
EMRO,2011,Occupational risks,NA,NA,NA,NA,48.41585964104452,NA,NA,610296638,3.790132227811047,NA,15676.60277,466149.5797,NA,2.901014765,NA
EMRO,2012,Occupational carcinogens,NA,NA,NA,NA,48.3812030445767,NA,NA,623026244,3.836823623975084,NA,187.9015055,5743.642567,NA,0.941730603,NA
EMRO,2012,Occupational asthmagens,NA,NA,NA,NA,48.3812030445767,NA,NA,623026244,3.836823623975084,NA,2333.874813,123311.9407,NA,14.9979179,NA
EMRO,2012,Occupational risks,NA,NA,NA,NA,48.3812030445767,NA,NA,623026244,3.836823623975084,NA,15867.9789,472568.9398,NA,2.900633771,NA
EMRO,2012,"Occupational particulate matter, gases, and fumes",NA,NA,NA,NA,48.3812030445767,NA,NA,623026244,3.836823623975084,NA,13346.20259,343513.3565,NA,6.541396909,NA
EMRO,2013,Occupational carcinogens,NA,NA,NA,NA,48.34460078387991,NA,NA,635938979,3.8839823435279093,NA,192.4577231,5858.640625,NA,0.946581884,NA
EMRO,2013,Occupational asthmagens,NA,NA,NA,NA,48.34460078387991,NA,NA,635938979,3.8839823435279093,NA,2341.381879,123417.2004,NA,14.94515753,NA
EMRO,2013,Occupational risks,NA,NA,NA,NA,48.34460078387991,NA,NA,635938979,3.8839823435279093,NA,16115.53363,480040.6467,NA,2.898473634,NA
EMRO,2013,"Occupational particulate matter, gases, and fumes",NA,NA,NA,NA,48.34460078387991,NA,NA,635938979,3.8839823435279093,NA,13581.69403,350764.8056,NA,6.584146945,NA
EMRO,2014,Occupational risks,NA,NA,NA,NA,48.322498701147644,NA,NA,648475116,3.9324547467883044,NA,16400.6174,488320.2806,NA,2.898411141,NA
EMRO,2014,"Occupational particulate matter, gases, and fumes",NA,NA,NA,NA,48.322498701147644,NA,NA,648475116,3.9324547467883044,NA,13857.64166,358994.5368,NA,6.626440823,NA
EMRO,2014,Occupational carcinogens,NA,NA,NA,NA,48.322498701147644,NA,NA,648475116,3.9324547467883044,NA,197.0000064,5968.312744,NA,0.950746246,NA
EMRO,2014,Occupational asthmagens,NA,NA,NA,NA,48.322498701147644,NA,NA,648475116,3.9324547467883044,NA,2345.975736,123357.431,NA,14.91687275,NA
EMRO,2015,"Occupational particulate matter, gases, and fumes",NA,NA,NA,NA,48.28737884297486,NA,NA,661659983,3.987008673154952,NA,14175.29788,368027.8141,NA,6.667943696,NA
EMRO,2015,Occupational risks,NA,NA,NA,NA,48.28737884297486,NA,NA,661659983,3.987008673154952,NA,16732.1486,497960.5247,NA,2.9012105,NA
EMRO,2015,Occupational carcinogens,NA,NA,NA,NA,48.28737884297486,NA,NA,661659983,3.987008673154952,NA,201.6711713,6097.872218,NA,0.955828345,NA
EMRO,2015,Occupational asthmagens,NA,NA,NA,NA,48.28737884297486,NA,NA,661659983,3.987008673154952,NA,2355.179544,123834.8384,NA,14.91202758,NA
EMRO,2016,Occupational carcinogens,NA,NA,NA,NA,48.27296777937459,NA,NA,674311304,4.055388927266264,NA,205.6096588,6199.242521,NA,0.961207741,NA
EMRO,2016,"Occupational particulate matter, gases, and fumes",NA,NA,NA,NA,48.27296777937459,NA,NA,674311304,4.055388927266264,NA,14398.03449,374869.0872,NA,6.708777921,NA
EMRO,2016,Occupational asthmagens,NA,NA,NA,NA,48.27296777937459,NA,NA,674311304,4.055388927266264,NA,2348.216363,123981.9747,NA,14.90289474,NA
EMRO,2016,Occupational risks,NA,NA,NA,NA,48.27296777937459,NA,NA,674311304,4.055388927266264,NA,16951.86051,505050.3045,NA,2.903493684,NA
EMRO,2017,Occupational asthmagens,NA,NA,NA,NA,48.308926429649276,NA,NA,686311621,4.138794549942748,NA,2351.736491,124651.0004,NA,14.91266534,NA
EMRO,2017,Occupational carcinogens,NA,NA,NA,NA,48.308926429649276,NA,NA,686311621,4.138794549942748,NA,204.2080644,6143.524314,NA,0.967811126,NA
EMRO,2017,Occupational risks,NA,NA,NA,NA,48.308926429649276,NA,NA,686311621,4.138794549942748,NA,17209.30685,513419.0773,NA,2.90834894,NA
EMRO,2017,"Occupational particulate matter, gases, and fumes",NA,NA,NA,NA,48.308926429649276,NA,NA,686311621,4.138794549942748,NA,14653.3623,382624.5526,NA,6.747197498,NA
EMRO,2018,Occupational risks,NA,NA,NA,NA,48.38181487950701,NA,NA,697908055,4.232789241032378,NA,17497.75449,523069.1827,NA,2.911778546,NA
EMRO,2018,Occupational asthmagens,NA,NA,NA,NA,48.38181487950701,NA,NA,697908055,4.232789241032378,NA,2359.723219,125558.9426,NA,14.91523196,NA
EMRO,2018,"Occupational particulate matter, gases, and fumes",NA,NA,NA,NA,48.38181487950701,NA,NA,697908055,4.232789241032378,NA,14929.91525,391258.7897,NA,6.782673348,NA
EMRO,2018,Occupational carcinogens,NA,NA,NA,NA,48.38181487950701,NA,NA,697908055,4.232789241032378,NA,208.1160208,6251.450417,NA,0.973281733,NA
EMRO,2019,"Occupational particulate matter, gases, and fumes",NA,NA,NA,NA,48.443920611883065,NA,NA,710248980,4.3299340486748585,NA,15298.76625,401835.9869,NA,6.815122811,NA
EMRO,2019,Occupational carcinogens,NA,NA,NA,NA,48.443920611883065,NA,NA,710248980,4.3299340486748585,NA,215.1175334,6455.468548,NA,0.9779857,NA
EMRO,2019,Occupational risks,NA,NA,NA,NA,48.443920611883065,NA,NA,710248980,4.3299340486748585,NA,17886.59428,535251.851,NA,2.914555991,NA
EMRO,2019,Occupational asthmagens,NA,NA,NA,NA,48.443920611883065,NA,NA,710248980,4.3299340486748585,NA,2372.710499,126960.3955,NA,14.91563542,NA
EMRO,2020,"Occupational particulate matter, gases, and fumes",NA,NA,NA,NA,48.48839180668895,NA,NA,723956417,4.406690587339434,NA,15444.34993,407012.3918,NA,6.842118846,NA
EMRO,2020,Occupational carcinogens,NA,NA,NA,NA,48.48839180668895,NA,NA,723956417,4.406690587339434,NA,220.5228067,6622.774995,NA,0.984133955,NA
EMRO,2020,Occupational asthmagens,NA,NA,NA,NA,48.48839180668895,NA,NA,723956417,4.406690587339434,NA,2372.24548,128660.5839,NA,14.93285646,NA
EMRO,2020,Occupational risks,NA,NA,NA,NA,48.48839180668895,NA,NA,723956417,4.406690587339434,NA,18037.11821,542295.7508,NA,2.919972436,NA
EMRO,2021,Occupational carcinogens,NA,NA,NA,NA,48.559552506159335,NA,NA,735194946,4.467680349583185,NA,224.4643526,6781.210394,NA,0.990930351,NA
EMRO,2021,Occupational asthmagens,NA,NA,NA,NA,48.559552506159335,NA,NA,735194946,4.467680349583185,NA,2399.291237,131221.5379,NA,15.04967447,NA
EMRO,2021,"Occupational particulate matter, gases, and fumes",NA,NA,NA,NA,48.559552506159335,NA,NA,735194946,4.467680349583185,NA,15509.92262,412530.0451,NA,6.863022365,NA
EMRO,2021,Occupational risks,NA,NA,NA,NA,48.559552506159335,NA,NA,735194946,4.467680349583185,NA,18133.67821,550532.7934,NA,2.938407902,NA
